{"TR_hits1": 0.544179523141655, "VL_hits1": 0.576437587657784, "TR_hits10": 0.44692737430167595, "VL_hits10": 0.5251396648044693}