{"TR_hits1": 0.5974754558204769, "VL_hits1": 0.5195530726256983, "TR_hits10": 0.6858345021037868, "VL_hits10": 0.6201117318435754}