{"TR_hits1": 0.8904494382022472, "VL_hits1": 0.9101123595505618, "TR_hits10": 0.6910112359550562, "VL_hits10": 0.898876404494382}