{"TR_hits1": 0.562966213251426, "VL_hits1": 0.6362439666520404, "TR_hits10": 0.5561403508771929, "VL_hits10": 0.6140350877192983}