{"TR_hits1": 0.4726507713884993, "VL_hits1": 0.4740532959326788, "TR_hits10": 0.4022346368715084, "VL_hits10": 0.41899441340782123}