{"TR_hits1": 0.5912921348314607, "VL_hits1": 0.5730337078651685, "TR_hits10": 0.6587078651685393, "VL_hits10": 0.651685393258427}