{"TR_hits1": 0.7172958735733099, "VL_hits1": 0.733099209833187, "TR_hits10": 0.6614035087719298, "VL_hits10": 0.6894736842105263}