{"TR_hits1": 0.9182813816343723, "TS_hits1": 0.6310709361115366, "TR_hits10": 0.9814658803706824, "TS_hits10": 0.8922169449977019}