{"TR_hits1": 0.9547848990342406, "VL_hits1": 0.9635645302897279, "TR_hits10": 0.8333333333333334, "VL_hits10": 0.9543859649122807}