{"TR_hits1": 0.3742138364779874, "VL_hits1": 0.36875, "TR_hits10": 0.4591194968553459, "VL_hits10": 0.4625}