{"TR_hits1": 0.9074333800841514, "VL_hits1": 0.9256661991584852, "TR_hits10": 0.664804469273743, "VL_hits10": 0.888268156424581}