{"TR_hits1": 0.5567226890756303, "VL_hits1": 0.5294117647058824, "TR_hits10": 0.5766806722689075, "VL_hits10": 0.5630252100840336}