{"TR_hits1": 0.028935185185185185, "VL_hits1": 0.009259259259259259, "TR_hits10": 0.03356481481481482, "VL_hits10": 0.023148148148148147}