{"TR_hits1": 0.4691358024691358, "VL_hits1": 0.46296296296296297, "TR_hits10": 0.5694444444444444, "VL_hits10": 0.5864197530864198}