{"TR_hits1": 0.3595679012345679, "VL_hits1": 0.42901234567901236, "TR_hits10": 0.3395061728395062, "VL_hits10": 0.4444444444444444}