{"TR_hits1": 0.7124394184168013, "VL_hits1": 0.7302100161550888, "TR_hits10": 0.3870967741935484, "VL_hits10": 0.632258064516129}