{"TR_hits1": 0.7929883138564274, "VL_hits1": 0.8230383973288815, "TR_hits10": 0.5666666666666667, "VL_hits10": 0.8066666666666666}