{"TR_hits1": 0.08013355592654424, "VL_hits1": 0.006666666666666667, "TR_hits10": 0.08681135225375626, "VL_hits10": 0.04666666666666667}