{"TR_hits1": 0.8344627299128751, "TS_hits1": 0.48793589292004225, "TR_hits10": 0.9177153920619555, "TS_hits10": 0.6002113420218387}