{"TR_hits1": 0.5225375626043406, "VL_hits1": 0.5475792988313857, "TR_hits10": 0.5266666666666666, "VL_hits10": 0.5533333333333333}