{"TR_hits1": 0.9270687237026648, "VL_hits1": 0.9368863955119214, "TR_hits10": 0.7094972067039106, "VL_hits10": 0.9106145251396648}