{"TR_hits1": 0.5108024691358025, "VL_hits1": 0.47530864197530864, "TR_hits10": 0.5925925925925926, "VL_hits10": 0.5679012345679012}