{"TR_hits1": 0.9644580956559895, "VL_hits1": 0.9657744624835454, "TR_hits10": 0.8421052631578947, "VL_hits10": 0.9666666666666667}