{"TR_hits1": 0.7877358490566038, "VL_hits1": 0.48826291079812206, "TR_hits10": 0.8113207547169812, "VL_hits10": 0.7417840375586855}