{"TR_hits1": 0.4826388888888889, "VL_hits1": 0.42592592592592593, "TR_hits10": 0.5127314814814815, "VL_hits10": 0.5}