{"TR_hits1": 0.5162907268170426, "VL_hits1": 0.4, "TR_hits10": 0.5325814536340853, "VL_hits10": 0.445}