{"TR_hits1": 0.5435483870967742, "VL_hits1": 0.5225806451612903, "TR_hits10": 0.6612903225806451, "VL_hits10": 0.5870967741935483}