{"TR_hits1": 0.85062893081761, "VL_hits1": 0.8867924528301887, "TR_hits10": 0.55625, "VL_hits10": 0.8125}