{"TR_hits1": 0.22478991596638656, "VL_hits1": 0.22268907563025211, "TR_hits10": 0.25735294117647056, "VL_hits10": 0.28991596638655465}