{"TR_hits1": 0.45949074074074076, "VL_hits1": 0.39814814814814814, "TR_hits10": 0.5023148148148148, "VL_hits10": 0.47685185185185186}