{"TR_hits1": 0.37166900420757365, "VL_hits1": 0.37727910238429174, "TR_hits10": 0.3687150837988827, "VL_hits10": 0.3743016759776536}