{"TR_hits1": 0.5191986644407346, "VL_hits1": 0.5559265442404007, "TR_hits10": 0.5066666666666667, "VL_hits10": 0.5666666666666667}