{"TR_hits1": 0.48247078464106846, "VL_hits1": 0.52, "TR_hits10": 0.5759599332220368, "VL_hits10": 0.58}