{"TR_hits1": 0.7673397717295873, "VL_hits1": 0.7743634767339772, "TR_hits10": 0.7035087719298245, "VL_hits10": 0.7456140350877193}