{"TR_hits1": 0.8435483870967742, "VL_hits1": 0.8774193548387097, "TR_hits10": 0.5225806451612903, "VL_hits10": 0.8064516129032258}