{"TR_hits1": 0.009433962264150943, "VL_hits1": 0.05817610062893082, "TR_hits10": 0.0, "VL_hits10": 0.00625}