{"TR_hits1": 0.9486616937253182, "VL_hits1": 0.9679684071961386, "TR_hits10": 0.8, "VL_hits10": 0.9473684210526315}