{"TR_hits1": 0.822808671065033, "TS_hits1": 0.4235415060395785, "TR_hits10": 0.9038642789820923, "TS_hits10": 0.5468174419600789}