{"TR_hits1": 0.4992987377279102, "VL_hits1": 0.5049088359046283, "TR_hits10": 0.441340782122905, "VL_hits10": 0.45251396648044695}