{"TR_hits1": 0.41454545454545455, "VL_hits1": 0.3333333333333333, "TR_hits10": 0.4812121212121212, "VL_hits10": 0.42995169082125606}