{"TR_hits1": 0.7527527527527528, "TS_hits1": 0.5955935906773488, "TR_hits10": 0.8458458458458459, "TS_hits10": 0.6884559359067735}