{"TR_hits1": 0.4636459430979979, "VL_hits1": 0.3865546218487395, "TR_hits10": 0.46996838777660693, "VL_hits10": 0.41596638655462187}