{"TR_hits1": 0.7854938271604939, "VL_hits1": 0.8179012345679012, "TR_hits10": 0.5617283950617284, "VL_hits10": 0.808641975308642}