{"TR_hits1": 0.1696969696969697, "VL_hits1": 0.13526570048309178, "TR_hits10": 0.23393939393939395, "VL_hits10": 0.19806763285024154}