{"TR_hits1": 0.9258121158911325, "VL_hits1": 0.9578577699736611, "TR_hits10": 0.8070175438596491, "VL_hits10": 0.9491228070175438}