{"TR_hits1": 0.8174637999122422, "VL_hits1": 0.8209741114523914, "TR_hits10": 0.7333333333333333, "VL_hits10": 0.7543859649122807}