{"TR_hits1": 0.3088480801335559, "VL_hits1": 0.3105175292153589, "TR_hits10": 0.22666666666666666, "VL_hits10": 0.24666666666666667}