{"TR_hits1": 0.8121983326020185, "VL_hits1": 0.815269855199649, "TR_hits10": 0.7421052631578947, "VL_hits10": 0.7789473684210526}