{"TR_hits1": 0.4684873949579832, "VL_hits1": 0.5588235294117647, "TR_hits10": 0.532563025210084, "VL_hits10": 0.6218487394957983}