{"TR_hits1": 0.4431977559607293, "VL_hits1": 0.4600280504908836, "TR_hits10": 0.39106145251396646, "VL_hits10": 0.40782122905027934}