{"TR_hits1": 0.32554257095158595, "VL_hits1": 0.35058430717863104, "TR_hits10": 0.28, "VL_hits10": 0.31333333333333335}