{"TR_hits1": 0.4843568945538818, "VL_hits1": 0.4351851851851852, "TR_hits10": 0.5283893395133256, "VL_hits10": 0.5324074074074074}