{"TR_hits1": 0.22036727879799667, "VL_hits1": 0.24540901502504173, "TR_hits10": 0.28, "VL_hits10": 0.3}