{"TR_hits1": 0.8599648814749781, "VL_hits1": 0.8612818261633012, "TR_hits10": 0.787719298245614, "VL_hits10": 0.8333333333333334}