{"TR_hits1": 0.12848484848484848, "VL_hits1": 0.1497584541062802, "TR_hits10": 0.16, "VL_hits10": 0.2028985507246377}