{"TR_hits1": 0.8314310798946444, "VL_hits1": 0.8349429323968394, "TR_hits10": 0.7280701754385965, "VL_hits10": 0.7894736842105263}