{"TR_hits1": 0.19148936170212766, "VL_hits1": 0.165, "TR_hits10": 0.22778473091364204, "VL_hits10": 0.25}