{"TR_hits1": 0.4568210262828536, "VL_hits1": 0.425, "TR_hits10": 0.5494367959949937, "VL_hits10": 0.49}