{"TR_hits1": 0.3704600484261501, "VL_hits1": 0.34299516908212563, "TR_hits10": 0.4188861985472155, "VL_hits10": 0.3961352657004831}