{"TR_hits1": 0.7010535557506584, "VL_hits1": 0.7054433713784021, "TR_hits10": 0.6456140350877193, "VL_hits10": 0.6666666666666666}