{"TR_hits1": 0.4908835904628331, "VL_hits1": 0.4950911640953717, "TR_hits10": 0.48044692737430167, "VL_hits10": 0.48044692737430167}