{"TR_hits1": 0.8333333333333334, "VL_hits1": 0.8703703703703703, "TR_hits10": 0.6172839506172839, "VL_hits10": 0.845679012345679}