{"TR_hits1": 0.9284460052677788, "VL_hits1": 0.9521510096575944, "TR_hits10": 0.7807017543859649, "VL_hits10": 0.9456140350877194}