{"TR_hits1": 0.7395659432387313, "VL_hits1": 0.7979966611018364, "TR_hits10": 0.5533333333333333, "VL_hits10": 0.8066666666666666}