{"TR_hits1": 0.5707547169811321, "VL_hits1": 0.4507042253521127, "TR_hits10": 0.5801886792452831, "VL_hits10": 0.5023474178403756}