{"TR_hits1": 0.5025041736227045, "VL_hits1": 0.48, "TR_hits10": 0.5609348914858097, "VL_hits10": 0.5533333333333333}