{"TR_hits1": 0.39398998330550916, "VL_hits1": 0.4524207011686144, "TR_hits10": 0.4066666666666667, "VL_hits10": 0.4866666666666667}