{"TR_hits1": 0.5189340813464236, "VL_hits1": 0.5139664804469274, "TR_hits10": 0.6044880785413744, "VL_hits10": 0.5754189944134078}