{"TR_hits1": 0.6395511921458625, "VL_hits1": 0.6718092566619915, "TR_hits10": 0.553072625698324, "VL_hits10": 0.6089385474860335}