{"TR_hits1": 0.5153643546971027, "VL_hits1": 0.520632133450395, "TR_hits10": 0.5035087719298246, "VL_hits10": 0.5052631578947369}