{"TR_hits1": 0.3316645807259074, "VL_hits1": 0.26, "TR_hits10": 0.3566958698372966, "VL_hits10": 0.315}