{"TR_hits1": 0.4727272727272727, "VL_hits1": 0.3526570048309179, "TR_hits10": 0.52, "VL_hits10": 0.4057971014492754}