{"TR_hits1": 0.8156277436347673, "VL_hits1": 0.8222124670763828, "TR_hits10": 0.7719298245614035, "VL_hits10": 0.8175438596491228}