{"TR_hits1": 0.9564606741573034, "VL_hits1": 0.9592696629213483, "TR_hits10": 0.8089887640449438, "VL_hits10": 0.9325842696629213}