{"TR_hits1": 0.8798319327731092, "TS_hits1": 0.6126690609001298, "TR_hits10": 0.9134453781512605, "TS_hits10": 0.8585619316879346}