{"TR_hits1": 0.8883647798742138, "VL_hits1": 0.8946540880503144, "TR_hits10": 0.525, "VL_hits10": 0.75625}