{"TR_hits1": 0.35544430538172717, "VL_hits1": 0.36, "TR_hits10": 0.3804755944931164, "VL_hits10": 0.39}