{"TR_hits1": 0.5141955835962145, "VL_hits1": 0.5126050420168067, "TR_hits10": 0.5341745531019979, "VL_hits10": 0.542016806722689}