{"TR_hits1": 0.9517332163229487, "VL_hits1": 0.9618253620008775, "TR_hits10": 0.8175438596491228, "VL_hits10": 0.9631578947368421}