{"TR_hits1": 0.44073455759599334, "VL_hits1": 0.4507512520868113, "TR_hits10": 0.43333333333333335, "VL_hits10": 0.4533333333333333}