{"TR_hits1": 0.863013698630137, "VL_hits1": 0.6008403361344538, "TR_hits10": 0.9020021074815595, "VL_hits10": 0.8445378151260504}