{"TR_hits1": 0.3722871452420701, "VL_hits1": 0.3739565943238731, "TR_hits10": 0.23333333333333334, "VL_hits10": 0.24666666666666667}