{"TR_hits1": 0.8333333333333334, "TS_hits1": 0.5432732783296851, "TR_hits10": 0.8481481481481481, "TS_hits10": 0.8008924061289779}