{"TR_hits1": 0.6890756302521008, "VL_hits1": 0.711484593837535, "TR_hits10": 0.6256983240223464, "VL_hits10": 0.664804469273743}