{"TR_hits1": 0.2353923205342237, "VL_hits1": 0.330550918196995, "TR_hits10": 0.22, "VL_hits10": 0.32}