{"TR_hits1": 0.7584033613445378, "VL_hits1": 0.6260504201680672, "TR_hits10": 0.8140756302521008, "VL_hits10": 0.8613445378151261}