{"TR_hits1": 0.015455950540958269, "VL_hits1": 0.02009273570324575, "TR_hits10": 0.006172839506172839, "VL_hits10": 0.018518518518518517}