{"TR_hits1": 0.8493150684931506, "VL_hits1": 0.6512605042016807, "TR_hits10": 0.9272918861959958, "VL_hits10": 0.8739495798319328}