{"TR_hits1": 0.4863915715539947, "VL_hits1": 0.4978050921861282, "TR_hits10": 0.49122807017543857, "VL_hits10": 0.5}