{"TR_hits1": 0.03631961259079903, "VL_hits1": 0.024154589371980676, "TR_hits10": 0.05569007263922518, "VL_hits10": 0.028985507246376812}