{"TR_hits1": 0.7080772607550483, "VL_hits1": 0.7212467076382791, "TR_hits10": 0.6192982456140351, "VL_hits10": 0.6596491228070176}