{"TR_hits1": 0.38596491228070173, "VL_hits1": 0.41, "TR_hits10": 0.474937343358396, "VL_hits10": 0.465}