{"TR_hits1": 0.25825471698113206, "VL_hits1": 0.25821596244131456, "TR_hits10": 0.2818396226415094, "VL_hits10": 0.28169014084507044}