{"TR_hits1": 0.922739244951712, "VL_hits1": 0.9424934152765584, "TR_hits10": 0.7894736842105263, "VL_hits10": 0.9403508771929825}