{"TR_hits1": 0.7002314814814815, "VL_hits1": 0.4398148148148148, "TR_hits10": 0.7256944444444444, "VL_hits10": 0.7129629629629629}