{"TR_hits1": 0.9325842696629213, "VL_hits1": 0.9424157303370787, "TR_hits10": 0.6460674157303371, "VL_hits10": 0.898876404494382}