{"TR_hits1": 0.15730337078651685, "VL_hits1": 0.06741573033707865, "TR_hits10": 0.22191011235955055, "VL_hits10": 0.1853932584269663}