{"TR_hits1": 0.8551360842844601, "VL_hits1": 0.8582089552238806, "TR_hits10": 0.7684210526315789, "VL_hits10": 0.8210526315789474}