{"TR_hits1": 0.22337962962962962, "VL_hits1": 0.1527777777777778, "TR_hits10": 0.2523148148148148, "VL_hits10": 0.21296296296296297}