{"TR_hits1": 0.22528160200250313, "VL_hits1": 0.17, "TR_hits10": 0.2553191489361702, "VL_hits10": 0.235}