{"TR_hits1": 0.6143572621035058, "VL_hits1": 0.6310517529215359, "TR_hits10": 0.47333333333333333, "VL_hits10": 0.5533333333333333}