{"TR_hits1": 0.9622641509433962, "VL_hits1": 0.9666520403685828, "TR_hits10": 0.8140350877192982, "VL_hits10": 0.9649122807017544}