{"TR_hits1": 0.7304609218436874, "TS_hits1": 0.3799726900318616, "TR_hits10": 0.7975951903807615, "TS_hits10": 0.6962221210741921}