{"TR_hits1": 0.62071992976295, "VL_hits1": 0.646180860403863, "TR_hits10": 0.5947368421052631, "VL_hits10": 0.6350877192982456}