{"TR_hits1": 0.9503950834064969, "VL_hits1": 0.9609306409130817, "TR_hits10": 0.7824561403508772, "VL_hits10": 0.9315789473684211}