{"TR_hits1": 0.8675282714054927, "VL_hits1": 0.8739903069466882, "TR_hits10": 0.567741935483871, "VL_hits10": 0.8387096774193549}