{"TR_hits1": 0.2265331664580726, "VL_hits1": 0.185, "TR_hits10": 0.24030037546933666, "VL_hits10": 0.25}