{"TR_hits1": 0.33889816360601, "VL_hits1": 0.41068447412353926, "TR_hits10": 0.32666666666666666, "VL_hits10": 0.35333333333333333}