{"TR_hits1": 0.4513888888888889, "VL_hits1": 0.3287037037037037, "TR_hits10": 0.4537037037037037, "VL_hits10": 0.37962962962962965}