{"TR_hits1": 0.8055555555555556, "VL_hits1": 0.8117283950617284, "TR_hits10": 0.5432098765432098, "VL_hits10": 0.8271604938271605}