{"TR_hits1": 0.3555926544240401, "VL_hits1": 0.3656093489148581, "TR_hits10": 0.29333333333333333, "VL_hits10": 0.32}