{"TR_hits1": 0.5714285714285714, "VL_hits1": 0.5504201680672269, "TR_hits10": 0.625, "VL_hits10": 0.6134453781512605}