{"TR_hits1": 0.6986301369863014, "VL_hits1": 0.4957983193277311, "TR_hits10": 0.7934668071654373, "VL_hits10": 0.6974789915966386}