{"TR_hits1": 0.5131694468832309, "VL_hits1": 0.517998244073749, "TR_hits10": 0.4807017543859649, "VL_hits10": 0.48771929824561405}