{"TR_hits1": 0.20702179176755447, "VL_hits1": 0.12560386473429952, "TR_hits10": 0.27602905569007263, "VL_hits10": 0.24154589371980675}