{"TR_hits1": 0.18147684605757197, "VL_hits1": 0.235, "TR_hits10": 0.21401752190237797, "VL_hits10": 0.28}