{"TR_hits1": 0.7055726195699868, "VL_hits1": 0.726634488810882, "TR_hits10": 0.6385964912280702, "VL_hits10": 0.6771929824561403}