{"TR_hits1": 0.6965226554267651, "VL_hits1": 0.6386554621848739, "TR_hits10": 0.7070600632244468, "VL_hits10": 0.6638655462184874}