{"TR_hits1": 0.7617376042123738, "VL_hits1": 0.7735849056603774, "TR_hits10": 0.7052631578947368, "VL_hits10": 0.7403508771929824}