{"TR_hits1": 0.9319578577699736, "VL_hits1": 0.9556628621597892, "TR_hits10": 0.7982456140350878, "VL_hits10": 0.9421052631578948}