{"TR_hits1": 0.6995153473344103, "VL_hits1": 0.7399030694668821, "TR_hits10": 0.43870967741935485, "VL_hits10": 0.6774193548387096}