{"TR_hits1": 0.3041301627033792, "VL_hits1": 0.28, "TR_hits10": 0.34167709637046306, "VL_hits10": 0.325}