{"TR_hits1": 0.4724540901502504, "VL_hits1": 0.48747913188647746, "TR_hits10": 0.37333333333333335, "VL_hits10": 0.4266666666666667}