{"TR_hits1": 0.7352941176470589, "VL_hits1": 0.6680672268907563, "TR_hits10": 0.7468487394957983, "VL_hits10": 0.7058823529411765}