{"TR_hits1": 0.8210922787193974, "TS_hits1": 0.4128684030157642, "TR_hits10": 0.8926553672316384, "TS_hits10": 0.5401816312542838}