{"TR_hits1": 0.7985958753839403, "VL_hits1": 0.8069328652917946, "TR_hits10": 0.7333333333333333, "VL_hits10": 0.7649122807017544}