{"TR_hits1": 0.8879528222409435, "TS_hits1": 0.6897502681170522, "TR_hits10": 0.9317607413647851, "TS_hits10": 0.7717940861038762}