{"TR_hits1": 0.5294117647058824, "VL_hits1": 0.617208077260755, "TR_hits10": 0.5807017543859649, "VL_hits10": 0.6456140350877193}