{"TR_hits1": 0.31886477462437396, "VL_hits1": 0.31886477462437396, "TR_hits10": 0.3466666666666667, "VL_hits10": 0.36}