{"TR_hits1": 0.5393518518518519, "VL_hits1": 0.4166666666666667, "TR_hits10": 0.5949074074074074, "VL_hits10": 0.5231481481481481}