{"TR_hits1": 0.8887096774193548, "VL_hits1": 0.9, "TR_hits10": 0.5225806451612903, "VL_hits10": 0.8064516129032258}