{"TR_hits1": 0.8414023372287145, "VL_hits1": 0.8898163606010017, "TR_hits10": 0.54, "VL_hits10": 0.8533333333333334}