{"TR_hits1": 0.7312186978297162, "VL_hits1": 0.7863105175292153, "TR_hits10": 0.4866666666666667, "VL_hits10": 0.7733333333333333}