{"TR_hits1": 0.22276029055690072, "VL_hits1": 0.18840579710144928, "TR_hits10": 0.2675544794188862, "VL_hits10": 0.2463768115942029}