{"TR_hits1": 0.6255259467040674, "VL_hits1": 0.5698324022346368, "TR_hits10": 0.6704067321178121, "VL_hits10": 0.6815642458100558}