{"TR_hits1": 0.6563814866760168, "VL_hits1": 0.6872370266479664, "TR_hits10": 0.547486033519553, "VL_hits10": 0.6256983240223464}