{"TR_hits1": 0.5945378151260504, "VL_hits1": 0.6428571428571429, "TR_hits10": 0.6512605042016807, "VL_hits10": 0.7016806722689075}