{"TR_hits1": 0.9074333800841514, "VL_hits1": 0.9172510518934082, "TR_hits10": 0.7430167597765364, "VL_hits10": 0.9106145251396648}