{"TR_hits1": 0.6363636363636364, "VL_hits1": 0.37681159420289856, "TR_hits10": 0.6703030303030303, "VL_hits10": 0.6328502415458938}