{"TR_hits1": 0.3940990516332982, "VL_hits1": 0.3319327731092437, "TR_hits10": 0.4183350895679663, "VL_hits10": 0.40336134453781514}