{"TR_hits1": 0.21108490566037735, "VL_hits1": 0.2300469483568075, "TR_hits10": 0.25943396226415094, "VL_hits10": 0.24882629107981222}