{"TR_hits1": 0.9455662862159789, "VL_hits1": 0.9499561018437226, "TR_hits10": 0.7771929824561403, "VL_hits10": 0.9421052631578948}