{"avg_TR_hits1": 0.8219247160596788, "std_TR_hits1": 0.1367344037112077, "avg_TS_hits1": 0.5711213068375898, "std_TS_hits1": 0.08141353345822831, "avg_TR_hits10": 0.860862057186205, "std_TR_hits10": 0.14855070222265734, "avg_TS_hits10": 0.6782749017312452, "std_TS_hits10": 0.08897619367743312}