{"TR_hits1": 0.2888146911519199, "VL_hits1": 0.29716193656093487, "TR_hits10": 0.19333333333333333, "VL_hits10": 0.24666666666666667}