{"TR_hits1": 0.3678665496049166, "VL_hits1": 0.4569798068481124, "TR_hits10": 0.3473684210526316, "VL_hits10": 0.4192982456140351}