{"TR_hits1": 0.938288920056101, "VL_hits1": 0.9453015427769986, "TR_hits10": 0.6983240223463687, "VL_hits10": 0.888268156424581}