{"TR_hits1": 0.20897615708274894, "VL_hits1": 0.2805049088359046, "TR_hits10": 0.21787709497206703, "VL_hits10": 0.31843575418994413}