{"TR_hits1": 0.5709515859766278, "VL_hits1": 0.6126878130217028, "TR_hits10": 0.5333333333333333, "VL_hits10": 0.66}