{"TR_hits1": 0.5792426367461431, "VL_hits1": 0.6661991584852734, "TR_hits10": 0.5418994413407822, "VL_hits10": 0.6089385474860335}