{"TR_hits1": 0.18363939899833054, "VL_hits1": 0.22203672787979967, "TR_hits10": 0.16666666666666666, "VL_hits10": 0.19333333333333333}