{"TR_hits1": 0.8867924528301887, "VL_hits1": 0.9040880503144654, "TR_hits10": 0.725, "VL_hits10": 0.925}