{"TR_hits1": 0.41235392320534225, "VL_hits1": 0.42070116861435725, "TR_hits10": 0.2866666666666667, "VL_hits10": 0.3466666666666667}