{"TR_hits1": 0.7557870370370371, "VL_hits1": 0.4398148148148148, "TR_hits10": 0.7893518518518519, "VL_hits10": 0.8009259259259259}