{"TR_hits1": 0.8530884808013356, "VL_hits1": 0.8647746243739566, "TR_hits10": 0.5666666666666667, "VL_hits10": 0.86}