{"TR_hits1": 0.901685393258427, "VL_hits1": 0.922752808988764, "TR_hits10": 0.7247191011235955, "VL_hits10": 0.9213483146067416}