{"TR_hits1": 0.16151685393258428, "VL_hits1": 0.07865168539325842, "TR_hits10": 0.20224719101123595, "VL_hits10": 0.16292134831460675}