{"TR_hits1": 0.7672955974842768, "VL_hits1": 0.8474842767295597, "TR_hits10": 0.51875, "VL_hits10": 0.76875}