{"TR_hits1": 0.4618055555555556, "VL_hits1": 0.4537037037037037, "TR_hits10": 0.5162037037037037, "VL_hits10": 0.5092592592592593}