{"TR_hits1": 0.7844600526777875, "VL_hits1": 0.7936786654960492, "TR_hits10": 0.7403508771929824, "VL_hits10": 0.7894736842105263}