{"TR_hits1": 0.5340681362725451, "TS_hits1": 0.5012289485662267, "TR_hits10": 0.561122244488978, "TS_hits10": 0.5667728720983158}