{"TR_hits1": 0.7216386554621849, "VL_hits1": 0.40756302521008403, "TR_hits10": 0.7426470588235294, "VL_hits10": 0.6218487394957983}