{"TR_hits1": 0.490613266583229, "VL_hits1": 0.475, "TR_hits10": 0.5632040050062578, "VL_hits10": 0.565}