{"TR_hits1": 0.38972431077694236, "VL_hits1": 0.325, "TR_hits10": 0.41729323308270677, "VL_hits10": 0.365}