{"TR_hits1": 0.2566915313734094, "VL_hits1": 0.30276437033786746, "TR_hits10": 0.25087719298245614, "VL_hits10": 0.28771929824561404}