{"TR_hits1": 0.7913188647746243, "VL_hits1": 0.8414023372287145, "TR_hits10": 0.6066666666666667, "VL_hits10": 0.8266666666666667}