{"TR_hits1": 0.20581113801452786, "VL_hits1": 0.21256038647342995, "TR_hits10": 0.23486682808716708, "VL_hits10": 0.2898550724637681}