{"TR_hits1": 0.4927360774818402, "VL_hits1": 0.37681159420289856, "TR_hits10": 0.5290556900726392, "VL_hits10": 0.42028985507246375}