{"TR_hits1": 0.6867283950617284, "VL_hits1": 0.7469135802469136, "TR_hits10": 0.5246913580246914, "VL_hits10": 0.8148148148148148}