{"TR_hits1": 0.8906030855539971, "VL_hits1": 0.8934081346423562, "TR_hits10": 0.6089385474860335, "VL_hits10": 0.8715083798882681}