{"TR_hits1": 0.6310517529215359, "VL_hits1": 0.6410684474123539, "TR_hits10": 0.49333333333333335, "VL_hits10": 0.5666666666666667}