{"TR_hits1": 0.23734177215189872, "VL_hits1": 0.20168067226890757, "TR_hits10": 0.28270042194092826, "VL_hits10": 0.2605042016806723}