{"TR_hits1": 0.8547579298831386, "VL_hits1": 0.8731218697829716, "TR_hits10": 0.52, "VL_hits10": 0.86}