{"TR_hits1": 0.7384356602186711, "TS_hits1": 0.6784077017114915, "TR_hits10": 0.7460050462573591, "TS_hits10": 0.7260849633251834}