{"TR_hits1": 0.9433713784021072, "VL_hits1": 0.9490781387181738, "TR_hits10": 0.7701754385964912, "VL_hits10": 0.9350877192982456}