{"TR_hits1": 0.5688202247191011, "VL_hits1": 0.5449438202247191, "TR_hits10": 0.6376404494382022, "VL_hits10": 0.6235955056179775}