{"TR_hits1": 0.542016806722689, "VL_hits1": 0.5714285714285714, "TR_hits10": 0.5640756302521008, "VL_hits10": 0.6260504201680672}