{"TR_hits1": 0.2908458864426419, "VL_hits1": 0.20833333333333334, "TR_hits10": 0.30243337195828507, "VL_hits10": 0.25462962962962965}