{"TR_hits1": 0.12037037037037036, "VL_hits1": 0.13425925925925927, "TR_hits10": 0.16898148148148148, "VL_hits10": 0.21296296296296297}