{"TR_hits1": 0.6093064091308165, "VL_hits1": 0.6518876207199298, "TR_hits10": 0.6087719298245614, "VL_hits10": 0.656140350877193}