{"TR_hits1": 0.34724540901502504, "VL_hits1": 0.3806343906510851, "TR_hits10": 0.29333333333333333, "VL_hits10": 0.30666666666666664}