{"TR_hits1": 0.7304429783223374, "TS_hits1": 0.4405037265484451, "TR_hits10": 0.8143261074458058, "TS_hits10": 0.7596162083440418}