{"TR_hits1": 0.6840277777777778, "VL_hits1": 0.6435185185185185, "TR_hits10": 0.7141203703703703, "VL_hits10": 0.7175925925925926}