{"TR_hits1": 0.31886477462437396, "VL_hits1": 0.3672787979966611, "TR_hits10": 0.22, "VL_hits10": 0.2733333333333333}