{"TR_hits1": 0.34724540901502504, "VL_hits1": 0.38564273789649417, "TR_hits10": 0.3, "VL_hits10": 0.37333333333333335}