{"TR_hits1": 0.5175292153589316, "VL_hits1": 0.5208681135225376, "TR_hits10": 0.4266666666666667, "VL_hits10": 0.4666666666666667}