{"TR_hits1": 0.5368744512730466, "VL_hits1": 0.5465320456540825, "TR_hits10": 0.4964912280701754, "VL_hits10": 0.5175438596491229}