{"TR_hits1": 0.9282136894824707, "VL_hits1": 0.9365609348914858, "TR_hits10": 0.6133333333333333, "VL_hits10": 0.8866666666666667}