{"TR_hits1": 0.3160377358490566, "VL_hits1": 0.2863849765258216, "TR_hits10": 0.3290094339622642, "VL_hits10": 0.30985915492957744}