{"TR_hits1": 0.8430717863105175, "VL_hits1": 0.8597662771285476, "TR_hits10": 0.6, "VL_hits10": 0.8533333333333334}