{"TR_hits1": 0.8583450210378681, "VL_hits1": 0.884992987377279, "TR_hits10": 0.7094972067039106, "VL_hits10": 0.8994413407821229}