{"avg_TR_hits1": 0.7416775791640714, "std_TR_hits1": 0.12339985263525827, "avg_TS_hits1": 0.5556738495619589, "std_TS_hits1": 0.035905597156932485, "avg_TR_hits10": 0.8043035888045905, "std_TR_hits10": 0.14055313651863394, "avg_TS_hits10": 0.6470020726459071, "std_TS_hits10": 0.04460274397978824}