{"TR_hits1": 0.4374342797055731, "VL_hits1": 0.3865546218487395, "TR_hits10": 0.47528916929547843, "VL_hits10": 0.48739495798319327}