{"TR_hits1": 0.9455662862159789, "VL_hits1": 0.9591747146619842, "TR_hits10": 0.7894736842105263, "VL_hits10": 0.9614035087719298}