{"TR_hits1": 0.39565943238731216, "VL_hits1": 0.3989983305509182, "TR_hits10": 0.2, "VL_hits10": 0.25333333333333335}