{"TR_hits1": 0.43906510851419034, "VL_hits1": 0.4, "TR_hits10": 0.49248747913188645, "VL_hits10": 0.49333333333333335}