{"TR_hits1": 0.6397415185783522, "VL_hits1": 0.7172859450726979, "TR_hits10": 0.4, "VL_hits10": 0.7419354838709677}