{"TR_hits1": 0.08013355592654424, "VL_hits1": 0.08681135225375626, "TR_hits10": 0.08, "VL_hits10": 0.10666666666666667}