{"TR_hits1": 0.8522012578616353, "VL_hits1": 0.8867924528301887, "TR_hits10": 0.64375, "VL_hits10": 0.89375}