{"TR_hits1": 0.4056761268781302, "VL_hits1": 0.43906510851419034, "TR_hits10": 0.3, "VL_hits10": 0.36}