{"TR_hits1": 0.5077138849929874, "VL_hits1": 0.5105189340813464, "TR_hits10": 0.4301675977653631, "VL_hits10": 0.4581005586592179}