{"TR_hits1": 0.7373949579831933, "VL_hits1": 0.6554621848739496, "TR_hits10": 0.7478991596638656, "VL_hits10": 0.6974789915966386}