{"TR_hits1": 0.4275782155272306, "VL_hits1": 0.35185185185185186, "TR_hits10": 0.45770567786790267, "VL_hits10": 0.4305555555555556}