{"TR_hits1": 0.41569282136894825, "VL_hits1": 0.4257095158597663, "TR_hits10": 0.26, "VL_hits10": 0.28}