{"TR_hits1": 0.9592696629213483, "VL_hits1": 0.9648876404494382, "TR_hits10": 0.7640449438202247, "VL_hits10": 0.949438202247191}