{"TR_hits1": 0.41903171953255425, "VL_hits1": 0.4290484140233723, "TR_hits10": 0.32666666666666666, "VL_hits10": 0.38666666666666666}