{"TR_hits1": 0.0, "VL_hits1": 0.0, "TR_hits10": 0.003537735849056604, "VL_hits10": 0.004694835680751174}