{"TR_hits1": 0.3088235294117647, "VL_hits1": 0.2773109243697479, "TR_hits10": 0.36134453781512604, "VL_hits10": 0.31512605042016806}