{"TR_hits1": 0.9490781387181738, "VL_hits1": 0.9578577699736611, "TR_hits10": 0.7929824561403509, "VL_hits10": 0.9614035087719298}