{"TR_hits1": 0.6428571428571429, "VL_hits1": 0.6456582633053222, "TR_hits10": 0.45251396648044695, "VL_hits10": 0.4972067039106145}