{"TR_hits1": 0.544179523141655, "VL_hits1": 0.6311360448807855, "TR_hits10": 0.5251396648044693, "VL_hits10": 0.5865921787709497}