{"TR_hits1": 0.9420544337137841, "VL_hits1": 0.9666374012291484, "TR_hits10": 0.8333333333333334, "VL_hits10": 0.9438596491228071}