{"TR_hits1": 0.3622704507512521, "VL_hits1": 0.39398998330550916, "TR_hits10": 0.32, "VL_hits10": 0.42}