{"TR_hits1": 0.9319578577699736, "VL_hits1": 0.9539069359086918, "TR_hits10": 0.7894736842105263, "VL_hits10": 0.9421052631578948}