{"TR_hits1": 0.917910447761194, "VL_hits1": 0.9394205443371378, "TR_hits10": 0.7789473684210526, "VL_hits10": 0.9421052631578948}