{"TR_hits1": 0.5598739495798319, "VL_hits1": 0.4369747899159664, "TR_hits10": 0.5630252100840336, "VL_hits10": 0.47478991596638653}