{"TR_hits1": 0.9632721202003339, "VL_hits1": 0.9699499165275459, "TR_hits10": 0.7, "VL_hits10": 0.9133333333333333}