{"TR_hits1": 0.31957857769973663, "VL_hits1": 0.34591747146619845, "TR_hits10": 0.30526315789473685, "VL_hits10": 0.3368421052631579}