{"TR_hits1": 0.9008403361344538, "TS_hits1": 0.6919080003056468, "TR_hits10": 0.9478991596638655, "TS_hits10": 0.7803927561702453}