{"TR_hits1": 0.629863301787592, "VL_hits1": 0.6008403361344538, "TR_hits10": 0.658254468980021, "VL_hits10": 0.6386554621848739}