{"TR_hits1": 0.3622704507512521, "VL_hits1": 0.4056761268781302, "TR_hits10": 0.35333333333333333, "VL_hits10": 0.4}