{"TR_hits1": 0.9565598946906538, "VL_hits1": 0.9609477841158403, "TR_hits10": 0.8333333333333334, "VL_hits10": 0.9719298245614035}