{"TR_hits1": 0.20050125313283207, "VL_hits1": 0.165, "TR_hits10": 0.23684210526315788, "VL_hits10": 0.215}