{"TR_hits1": 0.6707021791767555, "VL_hits1": 0.48792270531400966, "TR_hits10": 0.7990314769975787, "VL_hits10": 0.8357487922705314}