{"TR_hits1": 0.8128930817610063, "VL_hits1": 0.8647798742138365, "TR_hits10": 0.6125, "VL_hits10": 0.91875}