{"TR_hits1": 0.5280948200175593, "VL_hits1": 0.6005267778753293, "TR_hits10": 0.5368421052631579, "VL_hits10": 0.6280701754385964}