{"TR_hits1": 0.7939011566771819, "VL_hits1": 0.5966386554621849, "TR_hits10": 0.8243953732912723, "VL_hits10": 0.819327731092437}