{"TR_hits1": 0.5511921458625526, "VL_hits1": 0.5708274894810659, "TR_hits10": 0.49162011173184356, "VL_hits10": 0.5195530726256983}