{"TR_hits1": 0.8605089538171536, "TS_hits1": 0.4973014649190439, "TR_hits10": 0.9302544769085768, "TS_hits10": 0.6030155058682429}