{"TR_hits1": 0.49369747899159666, "VL_hits1": 0.40756302521008403, "TR_hits10": 0.49684873949579833, "VL_hits10": 0.4369747899159664}