{"TR_hits1": 0.4410377358490566, "VL_hits1": 0.49765258215962443, "TR_hits10": 0.5224056603773585, "VL_hits10": 0.5774647887323944}