{"TR_hits1": 0.8693820224719101, "VL_hits1": 0.9143258426966292, "TR_hits10": 0.6404494382022472, "VL_hits10": 0.9101123595505618}