{"TR_hits1": 0.16898148148148148, "VL_hits1": 0.12037037037037036, "TR_hits10": 0.2326388888888889, "VL_hits10": 0.16203703703703703}