{"TR_hits1": 0.30092592592592593, "VL_hits1": 0.18518518518518517, "TR_hits10": 0.3298611111111111, "VL_hits10": 0.25}