{"TR_hits1": 0.5126835781041389, "TS_hits1": 0.24995549225565247, "TR_hits10": 0.7863818424566088, "TS_hits10": 0.5637350899056436}