{"TR_hits1": 0.9906542056074766, "TS_hits1": 0.9973297730307076, "TR_hits10": 0.629695567028663, "TS_hits10": 0.8570411251557771}