{"TR_hits1": 0.9534883720930233, "TS_hits1": 0.9806201550387597, "TR_hits10": 0.6060266896254843, "TS_hits10": 0.8330606973740853}