{"TR_hits1": 0.8255813953488372, "TS_hits1": 0.3042617305208782, "TR_hits10": 0.9056847545219638, "TS_hits10": 0.5906155832974602}