{"TR_hits1": 0.9372256365232661, "VL_hits1": 0.9552238805970149, "TR_hits10": 0.8333333333333334, "VL_hits10": 0.9526315789473684}