{"TR_hits1": 0.9080645161290323, "VL_hits1": 0.9080645161290323, "TR_hits10": 0.5290322580645161, "VL_hits10": 0.8580645161290322}