{"TR_hits1": 0.6115007012622721, "VL_hits1": 0.6129032258064516, "TR_hits10": 0.547486033519553, "VL_hits10": 0.5754189944134078}