{"TR_hits1": 0.6444249341527656, "VL_hits1": 0.6483757682177349, "TR_hits10": 0.612280701754386, "VL_hits10": 0.6368421052631579}