{"TR_hits1": 0.9638655462184874, "TS_hits1": 0.6884694735233438, "TR_hits10": 0.984873949579832, "TS_hits10": 0.899977076488118}