{"TR_hits1": 0.7703081232492998, "VL_hits1": 0.7745098039215687, "TR_hits10": 0.6703910614525139, "VL_hits10": 0.7262569832402235}