{"TR_hits1": 0.009433962264150943, "VL_hits1": 0.004694835680751174, "TR_hits10": 0.03419811320754717, "VL_hits10": 0.028169014084507043}