{"TR_hits1": 0.4327731092436975, "VL_hits1": 0.4565826330532213, "TR_hits10": 0.4022346368715084, "VL_hits10": 0.4301675977653631}