{"TR_hits1": 0.2428035043804756, "VL_hits1": 0.16, "TR_hits10": 0.2590738423028786, "VL_hits10": 0.215}