{"TR_hits1": 0.3108535300316122, "VL_hits1": 0.33613445378151263, "TR_hits10": 0.3340358271865121, "VL_hits10": 0.36134453781512604}