{"TR_hits1": 0.5840336134453782, "VL_hits1": 0.5252100840336135, "TR_hits10": 0.5903361344537815, "VL_hits10": 0.5504201680672269}