{"TR_hits1": 0.5563843791136464, "VL_hits1": 0.5647213690215006, "TR_hits10": 0.5368421052631579, "VL_hits10": 0.5631578947368421}