{"TR_hits1": 0.2972689075630252, "VL_hits1": 0.23949579831932774, "TR_hits10": 0.32983193277310924, "VL_hits10": 0.31512605042016806}