{"TR_hits1": 0.34668335419274093, "VL_hits1": 0.335, "TR_hits10": 0.3804755944931164, "VL_hits10": 0.4}