{"TR_hits1": 0.8432250839865622, "TS_hits1": 0.715854751942618, "TR_hits10": 0.9204927211646137, "TS_hits10": 0.8066347878063359}