{"TR_hits1": 0.8443449048152296, "TS_hits1": 0.9148936170212766, "TR_hits10": 0.635833831440526, "TS_hits10": 0.7230274955170353}