{"TR_hits1": 0.34261501210653755, "VL_hits1": 0.36231884057971014, "TR_hits10": 0.3801452784503632, "VL_hits10": 0.4106280193236715}