{"TR_hits1": 0.40476190476190477, "VL_hits1": 0.345, "TR_hits10": 0.43734335839599, "VL_hits10": 0.38}