{"TR_hits1": 0.9280070237050044, "VL_hits1": 0.9389815627743635, "TR_hits10": 0.7596491228070176, "VL_hits10": 0.9157894736842105}