{"TR_hits1": 0.17452830188679244, "VL_hits1": 0.05625, "TR_hits10": 0.26572327044025157, "VL_hits10": 0.23125}