{"TR_hits1": 0.8364779874213837, "VL_hits1": 0.8569182389937107, "TR_hits10": 0.575, "VL_hits10": 0.80625}