{"TR_hits1": 0.7318255250403877, "VL_hits1": 0.7350565428109854, "TR_hits10": 0.38064516129032255, "VL_hits10": 0.6193548387096774}