{"TR_hits1": 0.30424528301886794, "VL_hits1": 0.2863849765258216, "TR_hits10": 0.3266509433962264, "VL_hits10": 0.3568075117370892}