{"TR_hits1": 0.3789649415692821, "VL_hits1": 0.4340567612687813, "TR_hits10": 0.37333333333333335, "VL_hits10": 0.4066666666666667}