{"TR_hits1": 0.35058430717863104, "VL_hits1": 0.3, "TR_hits10": 0.4307178631051753, "VL_hits10": 0.34}