{"TR_hits1": 0.9219219219219219, "TS_hits1": 0.5634559359067735, "TR_hits10": 0.974974974974975, "TS_hits10": 0.8213765477057539}