{"TR_hits1": 0.34891485809682804, "VL_hits1": 0.35058430717863104, "TR_hits10": 0.34, "VL_hits10": 0.38666666666666666}