{"TR_hits1": 0.38545454545454544, "VL_hits1": 0.2560386473429952, "TR_hits10": 0.39515151515151514, "VL_hits10": 0.3188405797101449}