{"TR_hits1": 0.47699757869249393, "VL_hits1": 0.40096618357487923, "TR_hits10": 0.5302663438256658, "VL_hits10": 0.45893719806763283}