{"TR_hits1": 0.541622760800843, "VL_hits1": 0.5756302521008403, "TR_hits10": 0.6016859852476291, "VL_hits10": 0.6008403361344538}