{"TR_hits1": 0.2615546218487395, "VL_hits1": 0.21008403361344538, "TR_hits10": 0.3119747899159664, "VL_hits10": 0.24369747899159663}