{"TR_hits1": 0.17293233082706766, "VL_hits1": 0.19, "TR_hits10": 0.21804511278195488, "VL_hits10": 0.245}