{"TR_hits1": 0.718612818261633, "VL_hits1": 0.7405618964003512, "TR_hits10": 0.6508771929824562, "VL_hits10": 0.7017543859649122}