{"TR_hits1": 0.9657594381035997, "VL_hits1": 0.9736611062335382, "TR_hits10": 0.887719298245614, "VL_hits10": 0.968421052631579}