{"TR_hits1": 0.6764705882352942, "VL_hits1": 0.6778711484593838, "TR_hits10": 0.5921787709497207, "VL_hits10": 0.6256983240223464}