{"TR_hits1": 0.673939393939394, "VL_hits1": 0.41545893719806765, "TR_hits10": 0.7490909090909091, "VL_hits10": 0.714975845410628}