{"TR_hits1": 0.16898148148148148, "VL_hits1": 0.1111111111111111, "TR_hits10": 0.2199074074074074, "VL_hits10": 0.14814814814814814}