{"TR_hits1": 0.4270833333333333, "VL_hits1": 0.375, "TR_hits10": 0.48842592592592593, "VL_hits10": 0.4212962962962963}