{"TR_hits1": 0.906030855539972, "VL_hits1": 0.9256661991584852, "TR_hits10": 0.6927374301675978, "VL_hits10": 0.8938547486033519}