{"TR_hits1": 0.4811320754716981, "VL_hits1": 0.460093896713615, "TR_hits10": 0.5259433962264151, "VL_hits10": 0.5023474178403756}