{"TR_hits1": 0.4251864853005704, "VL_hits1": 0.4695041684949539, "TR_hits10": 0.4017543859649123, "VL_hits10": 0.4421052631578947}