{"TR_hits1": 0.5904302019315188, "VL_hits1": 0.6049165935030729, "TR_hits10": 0.5859649122807018, "VL_hits10": 0.5964912280701754}