{"TR_hits1": 0.5259467040673211, "VL_hits1": 0.5343618513323983, "TR_hits10": 0.44692737430167595, "VL_hits10": 0.49162011173184356}