{"TR_hits1": 0.44537815126050423, "VL_hits1": 0.5042016806722689, "TR_hits10": 0.46743697478991597, "VL_hits10": 0.5252100840336135}