{"TR_hits1": 0.5819354838709677, "TS_hits1": 0.5264336146030653, "TR_hits10": 0.7096774193548387, "TS_hits10": 0.6425004305148958}