{"TR_hits1": 0.910377358490566, "VL_hits1": 0.9261006289308176, "TR_hits10": 0.65, "VL_hits10": 0.9}