{"TR_hits1": 0.3639398998330551, "VL_hits1": 0.37333333333333335, "TR_hits10": 0.4524207011686144, "VL_hits10": 0.44}