{"TR_hits1": 0.2838063439065108, "VL_hits1": 0.31552587646076796, "TR_hits10": 0.20666666666666667, "VL_hits10": 0.29333333333333333}