{"TR_hits1": 0.8173836698858647, "VL_hits1": 0.8217734855136084, "TR_hits10": 0.7192982456140351, "VL_hits10": 0.775438596491228}