{"TR_hits1": 0.802907915993538, "VL_hits1": 0.8126009693053312, "TR_hits10": 0.5032258064516129, "VL_hits10": 0.7032258064516129}