{"TR_hits1": 0.7348551360842844, "VL_hits1": 0.7370500438981563, "TR_hits10": 0.6473684210526316, "VL_hits10": 0.6964912280701754}