{"TR_hits1": 0.28270412642669007, "VL_hits1": 0.329675153643547, "TR_hits10": 0.25263157894736843, "VL_hits10": 0.3087719298245614}