{"TR_hits1": 0.8472222222222222, "VL_hits1": 0.904320987654321, "TR_hits10": 0.6358024691358025, "VL_hits10": 0.8827160493827161}