{"TR_hits1": 0.9337137840210711, "VL_hits1": 0.95171202809482, "TR_hits10": 0.8087719298245614, "VL_hits10": 0.9543859649122807}