{"avg_TR_hits1": 0.9203656295269201, "std_TR_hits1": 0.0388655590021695, "avg_TS_hits1": 0.6367959185377942, "std_TS_hits1": 0.019873131346131133, "avg_TR_hits10": 0.9522410666803052, "std_TR_hits10": 0.04483213524849054, "avg_TS_hits10": 0.8828474376173951, "std_TS_hits10": 0.012844824164798685}