{"TR_hits1": 0.4895833333333333, "VL_hits1": 0.39351851851851855, "TR_hits10": 0.53125, "VL_hits10": 0.4675925925925926}