{"TR_hits1": 0.35544430538172717, "VL_hits1": 0.39, "TR_hits10": 0.42803504380475593, "VL_hits10": 0.45}