{"TR_hits1": 0.5659432387312187, "VL_hits1": 0.5676126878130217, "TR_hits10": 0.4666666666666667, "VL_hits10": 0.52}