{"TR_hits1": 0.9288849868305531, "VL_hits1": 0.9543459174714662, "TR_hits10": 0.8315789473684211, "VL_hits10": 0.9491228070175438}