{"TR_hits1": 0.5548726953467954, "VL_hits1": 0.5693590869183495, "TR_hits10": 0.5368421052631579, "VL_hits10": 0.5649122807017544}