{"TR_hits1": 0.33449074074074076, "VL_hits1": 0.35185185185185186, "TR_hits10": 0.41550925925925924, "VL_hits10": 0.4305555555555556}