{"TR_hits1": 0.36226851851851855, "VL_hits1": 0.24537037037037038, "TR_hits10": 0.36921296296296297, "VL_hits10": 0.3055555555555556}