{"TR_hits1": 0.16727272727272727, "VL_hits1": 0.18357487922705315, "TR_hits10": 0.20484848484848484, "VL_hits10": 0.2560386473429952}