{"TR_hits1": 0.7528916929547844, "VL_hits1": 0.6512605042016807, "TR_hits10": 0.7560462670872765, "VL_hits10": 0.6722689075630253}