{"TR_hits1": 0.9481481481481482, "TS_hits1": 0.9839506172839506, "TR_hits10": 0.6246295686532762, "TS_hits10": 0.8589068159367798}