{"TR_hits1": 0.7888888888888889, "TS_hits1": 0.3204642739545604, "TR_hits10": 0.8925925925925926, "TS_hits10": 0.6139282186368127}