{"TR_hits1": 0.9452247191011236, "VL_hits1": 0.952247191011236, "TR_hits10": 0.6685393258426966, "VL_hits10": 0.9269662921348315}