{"TR_hits1": 0.9192273924495171, "VL_hits1": 0.9561018437225637, "TR_hits10": 0.8140350877192982, "VL_hits10": 0.9385964912280702}