{"TR_hits1": 0.19560185185185186, "VL_hits1": 0.10185185185185185, "TR_hits10": 0.24768518518518517, "VL_hits10": 0.14351851851851852}