{"TR_hits1": 0.49824407374890256, "VL_hits1": 0.577260755048288, "TR_hits10": 0.4842105263157895, "VL_hits10": 0.5754385964912281}