{"TR_hits1": 0.8755890669180019, "TS_hits1": 0.32099717296324853, "TR_hits10": 0.9519321394910462, "TS_hits10": 0.6440503726548445}