{"TR_hits1": 0.41736227045075125, "VL_hits1": 0.36666666666666664, "TR_hits10": 0.4958263772954925, "VL_hits10": 0.4533333333333333}