{"TR_hits1": 0.49719887955182074, "VL_hits1": 0.5126050420168067, "TR_hits10": 0.4301675977653631, "VL_hits10": 0.48044692737430167}