{"TR_hits1": 0.23938679245283018, "VL_hits1": 0.20187793427230047, "TR_hits10": 0.2617924528301887, "VL_hits10": 0.2535211267605634}