{"TR_hits1": 0.4524207011686144, "VL_hits1": 0.4607679465776294, "TR_hits10": 0.36, "VL_hits10": 0.41333333333333333}