{"TR_hits1": 0.42105263157894735, "VL_hits1": 0.325, "TR_hits10": 0.45363408521303256, "VL_hits10": 0.37}