{"TR_hits1": 0.8024691358024691, "VL_hits1": 0.8209876543209876, "TR_hits10": 0.4382716049382716, "VL_hits10": 0.7716049382716049}