{"TR_hits1": 0.6982124079915878, "VL_hits1": 0.6554621848739496, "TR_hits10": 0.7234490010515248, "VL_hits10": 0.7184873949579832}