{"TR_hits1": 0.8015803336259877, "VL_hits1": 0.8072870939420544, "TR_hits10": 0.7333333333333333, "VL_hits10": 0.7631578947368421}