{"TR_hits1": 0.6020025031289111, "VL_hits1": 0.345, "TR_hits10": 0.6958698372966208, "VL_hits10": 0.65}