{"TR_hits1": 0.9425770308123249, "VL_hits1": 0.9523809523809523, "TR_hits10": 0.8100558659217877, "VL_hits10": 0.9608938547486033}