{"TR_hits1": 0.9165964616680707, "TS_hits1": 0.7599969358051172, "TR_hits10": 0.9427127211457456, "TS_hits10": 0.8093304734181094}