{"TR_hits1": 0.9231782265144864, "VL_hits1": 0.9495171202809481, "TR_hits10": 0.775438596491228, "VL_hits10": 0.956140350877193}