{"TR_hits1": 0.9411764705882353, "VL_hits1": 0.9574187884108868, "TR_hits10": 0.8157894736842105, "VL_hits10": 0.9649122807017544}