{"TR_hits1": 0.6736111111111112, "VL_hits1": 0.39351851851851855, "TR_hits10": 0.6828703703703703, "VL_hits10": 0.6527777777777778}