{"TR_hits1": 0.5161290322580645, "VL_hits1": 0.517531556802244, "TR_hits10": 0.4860335195530726, "VL_hits10": 0.49162011173184356}