{"TR_hits1": 0.8892005610098177, "VL_hits1": 0.9200561009817672, "TR_hits10": 0.7541899441340782, "VL_hits10": 0.8994413407821229}