{"TR_hits1": 0.2689075630252101, "VL_hits1": 0.29831932773109243, "TR_hits10": 0.27932960893854747, "VL_hits10": 0.36312849162011174}