{"TR_hits1": 0.7107111501316945, "VL_hits1": 0.7190517998244074, "TR_hits10": 0.6526315789473685, "VL_hits10": 0.6824561403508772}