{"TR_hits1": 0.7638888888888888, "VL_hits1": 0.7870370370370371, "TR_hits10": 0.5185185185185185, "VL_hits10": 0.7962962962962963}