{"TR_hits1": 0.41037735849056606, "VL_hits1": 0.4276729559748428, "TR_hits10": 0.5031446540880503, "VL_hits10": 0.5031446540880503}