{"TR_hits1": 0.8021061869240895, "VL_hits1": 0.8113207547169812, "TR_hits10": 0.7263157894736842, "VL_hits10": 0.7578947368421053}