{"TR_hits1": 0.8819657744624836, "VL_hits1": 0.8832821412900395, "TR_hits10": 0.7456140350877193, "VL_hits10": 0.8052631578947368}