{"TR_hits1": 0.49034240561896403, "VL_hits1": 0.5618964003511853, "TR_hits10": 0.4631578947368421, "VL_hits10": 0.5491228070175439}