{"TR_hits1": 0.6261574074074074, "VL_hits1": 0.5, "TR_hits10": 0.65625, "VL_hits10": 0.6018518518518519}