{"TR_hits1": 0.8384831460674157, "VL_hits1": 0.8918539325842697, "TR_hits10": 0.6853932584269663, "VL_hits10": 0.9044943820224719}