{"TR_hits1": 0.3715277777777778, "VL_hits1": 0.3287037037037037, "TR_hits10": 0.41782407407407407, "VL_hits10": 0.42592592592592593}