{"TR_hits1": 0.9161290322580645, "VL_hits1": 0.9354838709677419, "TR_hits10": 0.5935483870967742, "VL_hits10": 0.9290322580645162}