{"TR_hits1": 0.412022817025011, "VL_hits1": 0.49978060552874065, "TR_hits10": 0.4017543859649123, "VL_hits10": 0.48596491228070177}