{"TR_hits1": 0.21568627450980393, "VL_hits1": 0.12290502793296089, "TR_hits10": 0.3025210084033613, "VL_hits10": 0.27932960893854747}