{"TR_hits1": 0.9159663865546218, "VL_hits1": 0.9425770308123249, "TR_hits10": 0.7877094972067039, "VL_hits10": 0.9497206703910615}