{"TR_hits1": 0.5806451612903226, "VL_hits1": 0.5960729312762973, "TR_hits10": 0.4022346368715084, "VL_hits10": 0.46368715083798884}