{"TR_hits1": 0.9591747146619842, "VL_hits1": 0.9635645302897279, "TR_hits10": 0.8350877192982457, "VL_hits10": 0.9526315789473684}