{"TR_hits1": 0.4435857805255023, "VL_hits1": 0.4074074074074074, "TR_hits10": 0.5347758887171561, "VL_hits10": 0.5864197530864198}