{"TR_hits1": 0.31635802469135804, "VL_hits1": 0.30864197530864196, "TR_hits10": 0.42901234567901236, "VL_hits10": 0.42592592592592593}