{"TR_hits1": 0.024691358024691357, "VL_hits1": 0.024691358024691357, "TR_hits10": 0.029320987654320986, "VL_hits10": 0.06172839506172839}