{"TR_hits1": 0.7746913580246914, "VL_hits1": 0.7916666666666666, "TR_hits10": 0.49382716049382713, "VL_hits10": 0.8148148148148148}