{"TR_hits1": 0.9284712482468443, "VL_hits1": 0.9298737727910238, "TR_hits10": 0.6201117318435754, "VL_hits10": 0.8994413407821229}