{"TR_hits1": 0.9038630377524144, "VL_hits1": 0.940737489025461, "TR_hits10": 0.7526315789473684, "VL_hits10": 0.9245614035087719}