{"TR_hits1": 0.5247641509433962, "VL_hits1": 0.5070422535211268, "TR_hits10": 0.5566037735849056, "VL_hits10": 0.5539906103286385}