{"TR_hits1": 0.2370617696160267, "VL_hits1": 0.2654424040066778, "TR_hits10": 0.2, "VL_hits10": 0.24}