{"TR_hits1": 0.2003338898163606, "VL_hits1": 0.20701168614357263, "TR_hits10": 0.12666666666666668, "VL_hits10": 0.14666666666666667}