{"TR_hits1": 0.7362270450751253, "VL_hits1": 0.7913188647746243, "TR_hits10": 0.41333333333333333, "VL_hits10": 0.7133333333333334}