{"TR_hits1": 0.33101851851851855, "VL_hits1": 0.28703703703703703, "TR_hits10": 0.3784722222222222, "VL_hits10": 0.33796296296296297}