{"TR_hits1": 0.38847117794486213, "VL_hits1": 0.34, "TR_hits10": 0.41729323308270677, "VL_hits10": 0.39}