{"TR_hits1": 0.8740122914837577, "VL_hits1": 0.9398595258999122, "TR_hits10": 0.7701754385964912, "VL_hits10": 0.9333333333333333}