{"TR_hits1": 0.9596314172882844, "VL_hits1": 0.96752961825362, "TR_hits10": 0.843859649122807, "VL_hits10": 0.9631578947368421}