{"TR_hits1": 0.8709677419354839, "VL_hits1": 0.879382889200561, "TR_hits10": 0.6480446927374302, "VL_hits10": 0.8770949720670391}