{"TR_hits1": 0.4591194968553459, "VL_hits1": 0.43125, "TR_hits10": 0.550314465408805, "VL_hits10": 0.53125}