{"TR_hits1": 0.9499561018437226, "VL_hits1": 0.9648814749780509, "TR_hits10": 0.8157894736842105, "VL_hits10": 0.9403508771929825}