{"TR_hits1": 0.17570754716981132, "VL_hits1": 0.14553990610328638, "TR_hits10": 0.21462264150943397, "VL_hits10": 0.2112676056338028}