{"TR_hits1": 0.010802469135802469, "VL_hits1": 0.043209876543209874, "TR_hits10": 0.006172839506172839, "VL_hits10": 0.07407407407407407}