{"TR_hits1": 0.5792426367461431, "VL_hits1": 0.5988779803646563, "TR_hits10": 0.44692737430167595, "VL_hits10": 0.5083798882681564}