{"TR_hits1": 0.9144460028050491, "VL_hits1": 0.9200561009817672, "TR_hits10": 0.7430167597765364, "VL_hits10": 0.9050279329608939}