{"TR_hits1": 0.8190630048465266, "VL_hits1": 0.8481421647819063, "TR_hits10": 0.5032258064516129, "VL_hits10": 0.7806451612903226}