{"TR_hits1": 0.8920105355575065, "VL_hits1": 0.9442493415276558, "TR_hits10": 0.7736842105263158, "VL_hits10": 0.9473684210526315}