{"TR_hits1": 0.8964941569282137, "VL_hits1": 0.9065108514190318, "TR_hits10": 0.6466666666666666, "VL_hits10": 0.8866666666666667}