{"TR_hits1": 0.8457223001402524, "VL_hits1": 0.8709677419354839, "TR_hits10": 0.6983240223463687, "VL_hits10": 0.8715083798882681}