{"TR_hits1": 0.7044817927170869, "VL_hits1": 0.726890756302521, "TR_hits10": 0.6424581005586593, "VL_hits10": 0.6815642458100558}