{"TR_hits1": 0.8266022827041264, "VL_hits1": 0.8314310798946444, "TR_hits10": 0.7596491228070176, "VL_hits10": 0.8017543859649123}