{"TR_hits1": 0.42331932773109243, "VL_hits1": 0.3445378151260504, "TR_hits10": 0.46218487394957986, "VL_hits10": 0.40336134453781514}