{"TR_hits1": 0.8580246913580247, "VL_hits1": 0.8688271604938271, "TR_hits10": 0.5925925925925926, "VL_hits10": 0.845679012345679}