{"TR_hits1": 0.9196515004840271, "TS_hits1": 0.4787777386403663, "TR_hits10": 0.9748305905130688, "TS_hits10": 0.7290419161676647}