{"TR_hits1": 0.49292452830188677, "VL_hits1": 0.43661971830985913, "TR_hits10": 0.5389150943396226, "VL_hits10": 0.4835680751173709}