{"TR_hits1": 0.34711779448621555, "VL_hits1": 0.46, "TR_hits10": 0.4223057644110276, "VL_hits10": 0.51}