{"TR_hits1": 0.32387312186978295, "VL_hits1": 0.32554257095158595, "TR_hits10": 0.3466666666666667, "VL_hits10": 0.3466666666666667}