{"TR_hits1": 0.8693820224719101, "VL_hits1": 0.925561797752809, "TR_hits10": 0.7808988764044944, "VL_hits10": 0.9382022471910112}