{"TR_hits1": 0.7222222222222222, "VL_hits1": 0.4444444444444444, "TR_hits10": 0.7453703703703703, "VL_hits10": 0.6990740740740741}