{"TR_hits1": 0.5594315245478036, "TS_hits1": 0.5231166594920361, "TR_hits10": 0.6821705426356589, "TS_hits10": 0.6408953938872148}