{"TR_hits1": 0.28891509433962265, "VL_hits1": 0.2863849765258216, "TR_hits10": 0.31839622641509435, "VL_hits10": 0.323943661971831}