{"TR_hits1": 0.42887249736564803, "VL_hits1": 0.3949579831932773, "TR_hits10": 0.45626975763962063, "VL_hits10": 0.4579831932773109}