{"TR_hits1": 0.7870939420544337, "VL_hits1": 0.7919227392449517, "TR_hits10": 0.7280701754385965, "VL_hits10": 0.7508771929824561}