{"TR_hits1": 0.6086956521739131, "VL_hits1": 0.6115007012622721, "TR_hits10": 0.5642458100558659, "VL_hits10": 0.5810055865921788}