{"TR_hits1": 0.8410493827160493, "VL_hits1": 0.8518518518518519, "TR_hits10": 0.5679012345679012, "VL_hits10": 0.8024691358024691}