{"TR_hits1": 0.40550688360450565, "VL_hits1": 0.36, "TR_hits10": 0.4618272841051314, "VL_hits10": 0.425}