{"TR_hits1": 0.22152690863579474, "VL_hits1": 0.19, "TR_hits10": 0.24155193992490614, "VL_hits10": 0.25}