{"TR_hits1": 0.12434141201264488, "VL_hits1": 0.037815126050420166, "TR_hits10": 0.1422550052687039, "VL_hits10": 0.1092436974789916}