{"TR_hits1": 0.43899018232819076, "VL_hits1": 0.4782608695652174, "TR_hits10": 0.4692737430167598, "VL_hits10": 0.5027932960893855}