{"TR_hits1": 0.18985849056603774, "VL_hits1": 0.1596244131455399, "TR_hits10": 0.2205188679245283, "VL_hits10": 0.18779342723004694}