{"TR_hits1": 0.37763713080168776, "VL_hits1": 0.3949579831932773, "TR_hits10": 0.399789029535865, "VL_hits10": 0.42857142857142855}