{"TR_hits1": 0.6646180860403863, "VL_hits1": 0.6843722563652327, "TR_hits10": 0.5736842105263158, "VL_hits10": 0.6157894736842106}