{"TR_hits1": 0.4409722222222222, "VL_hits1": 0.30092592592592593, "TR_hits10": 0.4479166666666667, "VL_hits10": 0.35648148148148145}