{"TR_hits1": 0.2275943396226415, "VL_hits1": 0.18309859154929578, "TR_hits10": 0.26297169811320753, "VL_hits10": 0.2300469483568075}