{"TR_hits1": 0.6886792452830188, "VL_hits1": 0.45539906103286387, "TR_hits10": 0.7724056603773585, "VL_hits10": 0.7323943661971831}