{"TR_hits1": 0.40046296296296297, "VL_hits1": 0.36574074074074076, "TR_hits10": 0.4861111111111111, "VL_hits10": 0.4675925925925926}