{"TR_hits1": 0.95171202809482, "VL_hits1": 0.9604916593503073, "TR_hits10": 0.7947368421052632, "VL_hits10": 0.9368421052631579}