{"TR_hits1": 0.5904628330995793, "VL_hits1": 0.5418994413407822, "TR_hits10": 0.6661991584852734, "VL_hits10": 0.6480446927374302}