{"TR_hits1": 0.6451612903225806, "VL_hits1": 0.6690042075736325, "TR_hits10": 0.5865921787709497, "VL_hits10": 0.6759776536312849}