{"TR_hits1": 0.43429286608260326, "VL_hits1": 0.425, "TR_hits10": 0.4831038798498123, "VL_hits10": 0.465}