{"TR_hits1": 0.5530660377358491, "VL_hits1": 0.45539906103286387, "TR_hits10": 0.5601415094339622, "VL_hits10": 0.47417840375586856}