{"TR_hits1": 0.4394184168012924, "VL_hits1": 0.41935483870967744, "TR_hits10": 0.4975767366720517, "VL_hits10": 0.4838709677419355}