{"TR_hits1": 0.19905771495877503, "VL_hits1": 0.18779342723004694, "TR_hits10": 0.2626619552414605, "VL_hits10": 0.2535211267605634}