{"TR_hits1": 0.19924812030075187, "VL_hits1": 0.215, "TR_hits10": 0.23684210526315788, "VL_hits10": 0.275}