{"TR_hits1": 0.3498789346246973, "VL_hits1": 0.3188405797101449, "TR_hits10": 0.3837772397094431, "VL_hits10": 0.3671497584541063}