{"TR_hits1": 0.7374890254609306, "VL_hits1": 0.7392449517120281, "TR_hits10": 0.6771929824561403, "VL_hits10": 0.7210526315789474}