{"TR_hits1": 0.6959876543209876, "VL_hits1": 0.7391975308641975, "TR_hits10": 0.46296296296296297, "VL_hits10": 0.7037037037037037}