{"TR_hits1": 0.40606060606060607, "VL_hits1": 0.28019323671497587, "TR_hits10": 0.4254545454545455, "VL_hits10": 0.3719806763285024}