{"TR_hits1": 0.7805092186128183, "VL_hits1": 0.7941176470588235, "TR_hits10": 0.7070175438596491, "VL_hits10": 0.7526315789473684}