{"TR_hits1": 0.18030050083472454, "VL_hits1": 0.2020033388981636, "TR_hits10": 0.2, "VL_hits10": 0.23333333333333334}