{"TR_hits1": 0.5237543453070683, "VL_hits1": 0.4398148148148148, "TR_hits10": 0.5654692931633836, "VL_hits10": 0.5370370370370371}