{"TR_hits1": 0.5955882352941176, "VL_hits1": 0.5630252100840336, "TR_hits10": 0.6449579831932774, "VL_hits10": 0.6050420168067226}