{"TR_hits1": 0.01061320754716981, "VL_hits1": 0.014084507042253521, "TR_hits10": 0.02122641509433962, "VL_hits10": 0.018779342723004695}