{"TR_hits1": 0.8820224719101124, "VL_hits1": 0.9339887640449438, "TR_hits10": 0.7303370786516854, "VL_hits10": 0.9213483146067416}