{"TR_hits1": 0.25666199158485276, "VL_hits1": 0.26928471248246844, "TR_hits10": 0.18994413407821228, "VL_hits10": 0.20670391061452514}