{"TR_hits1": 0.43870967741935485, "VL_hits1": 0.36774193548387096, "TR_hits10": 0.5064516129032258, "VL_hits10": 0.4258064516129032}