{"TR_hits1": 0.25208681135225375, "VL_hits1": 0.3038397328881469, "TR_hits10": 0.19333333333333333, "VL_hits10": 0.23333333333333334}