{"TR_hits1": 0.7453906935908692, "VL_hits1": 0.7506584723441615, "TR_hits10": 0.7, "VL_hits10": 0.7192982456140351}