{"TR_hits1": 0.8360450563204005, "VL_hits1": 0.565, "TR_hits10": 0.8610763454317898, "VL_hits10": 0.86}