{"TR_hits1": 0.8156277436347673, "VL_hits1": 0.8261633011413521, "TR_hits10": 0.756140350877193, "VL_hits10": 0.8105263157894737}