{"TR_hits1": 0.7006302521008403, "VL_hits1": 0.592436974789916, "TR_hits10": 0.707983193277311, "VL_hits10": 0.6218487394957983}