{"TR_hits1": 0.24028268551236748, "VL_hits1": 0.2112676056338028, "TR_hits10": 0.2767962308598351, "VL_hits10": 0.27230046948356806}