{"TR_hits1": 0.8964941569282137, "VL_hits1": 0.9181969949916527, "TR_hits10": 0.58, "VL_hits10": 0.88}