{"TR_hits1": 0.9424157303370787, "VL_hits1": 0.9691011235955056, "TR_hits10": 0.7039106145251397, "VL_hits10": 0.9162011173184358}