{"TR_hits1": 0.81421647819063, "VL_hits1": 0.840064620355412, "TR_hits10": 0.5096774193548387, "VL_hits10": 0.7612903225806451}