{"TR_hits1": 0.8616352201257862, "VL_hits1": 0.8805031446540881, "TR_hits10": 0.51875, "VL_hits10": 0.8625}