{"TR_hits1": 0.5539971949509116, "VL_hits1": 0.5722300140252454, "TR_hits10": 0.547486033519553, "VL_hits10": 0.5754189944134078}