{"TR_hits1": 0.9564606741573034, "VL_hits1": 0.9606741573033708, "TR_hits10": 0.7865168539325843, "VL_hits10": 0.9438202247191011}