{"TR_hits1": 0.6144957983193278, "VL_hits1": 0.5966386554621849, "TR_hits10": 0.6680672268907563, "VL_hits10": 0.6470588235294118}