{"TR_hits1": 0.2270450751252087, "VL_hits1": 0.3038397328881469, "TR_hits10": 0.14, "VL_hits10": 0.25333333333333335}