{"TR_hits1": 0.2938230383973289, "VL_hits1": 0.29716193656093487, "TR_hits10": 0.2866666666666667, "VL_hits10": 0.30666666666666664}