{"TR_hits1": 0.839622641509434, "VL_hits1": 0.8962264150943396, "TR_hits10": 0.55, "VL_hits10": 0.8875}