{"TR_hits1": 0.4386792452830189, "VL_hits1": 0.38028169014084506, "TR_hits10": 0.4811320754716981, "VL_hits10": 0.4413145539906103}