{"TR_hits1": 0.41604010025062654, "VL_hits1": 0.45, "TR_hits10": 0.49122807017543857, "VL_hits10": 0.525}