{"TR_hits1": 0.8946629213483146, "VL_hits1": 0.9157303370786517, "TR_hits10": 0.7359550561797753, "VL_hits10": 0.9101123595505618}