{"TR_hits1": 0.7021604938271605, "VL_hits1": 0.7299382716049383, "TR_hits10": 0.48148148148148145, "VL_hits10": 0.7777777777777778}