{"TR_hits1": 0.9269662921348315, "VL_hits1": 0.9353932584269663, "TR_hits10": 0.7696629213483146, "VL_hits10": 0.8932584269662921}