{"TR_hits1": 0.5273492286115007, "VL_hits1": 0.5329593267882188, "TR_hits10": 0.4860335195530726, "VL_hits10": 0.5307262569832403}