{"TR_hits1": 0.8166491043203372, "VL_hits1": 0.5630252100840336, "TR_hits10": 0.8482613277133825, "VL_hits10": 0.8487394957983193}