{"TR_hits1": 0.6849757673667205, "VL_hits1": 0.7431340872374798, "TR_hits10": 0.4129032258064516, "VL_hits10": 0.6516129032258065}