{"TR_hits1": 0.3639398998330551, "VL_hits1": 0.3756260434056761, "TR_hits10": 0.31333333333333335, "VL_hits10": 0.32666666666666666}