{"TR_hits1": 0.015046296296296295, "VL_hits1": 0.013888888888888888, "TR_hits10": 0.019675925925925927, "VL_hits10": 0.032407407407407406}