{"TR_hits1": 0.009433962264150943, "VL_hits1": 0.0440251572327044, "TR_hits10": 0.0, "VL_hits10": 0.00625}