{"TR_hits1": 0.27602905569007263, "VL_hits1": 0.1932367149758454, "TR_hits10": 0.31113801452784506, "VL_hits10": 0.25120772946859904}