{"TR_hits1": 0.3558897243107769, "VL_hits1": 0.415, "TR_hits10": 0.40350877192982454, "VL_hits10": 0.455}