{"TR_hits1": 0.9396067415730337, "VL_hits1": 0.9424157303370787, "TR_hits10": 0.5921787709497207, "VL_hits10": 0.8379888268156425}