{"TR_hits1": 0.8779803646563815, "VL_hits1": 0.906030855539972, "TR_hits10": 0.6703910614525139, "VL_hits10": 0.8994413407821229}