{"TR_hits1": 0.5563751317175974, "VL_hits1": 0.4789915966386555, "TR_hits10": 0.5721812434141201, "VL_hits10": 0.5336134453781513}