{"TR_hits1": 0.922752808988764, "VL_hits1": 0.9283707865168539, "TR_hits10": 0.7078651685393258, "VL_hits10": 0.9044943820224719}