{"TR_hits1": 0.7870370370370371, "VL_hits1": 0.8117283950617284, "TR_hits10": 0.48148148148148145, "VL_hits10": 0.7777777777777778}