{"TR_hits1": 0.4357262103505843, "VL_hits1": 0.44240400667779634, "TR_hits10": 0.2866666666666667, "VL_hits10": 0.31333333333333335}