{"TR_hits1": 0.30387409200968524, "VL_hits1": 0.2318840579710145, "TR_hits10": 0.3220338983050847, "VL_hits10": 0.27053140096618356}