{"TR_hits1": 0.8018867924528302, "VL_hits1": 0.8034591194968553, "TR_hits10": 0.44375, "VL_hits10": 0.71875}