{"TR_hits1": 0.6221910112359551, "VL_hits1": 0.5754189944134078, "TR_hits10": 0.7078651685393258, "VL_hits10": 0.6759776536312849}