{"TR_hits1": 0.6890756302521008, "VL_hits1": 0.5126050420168067, "TR_hits10": 0.8004201680672269, "VL_hits10": 0.7773109243697479}