{"TR_hits1": 0.35648148148148145, "VL_hits1": 0.35185185185185186, "TR_hits10": 0.4236111111111111, "VL_hits10": 0.4444444444444444}