{"TR_hits1": 0.9048414023372288, "VL_hits1": 0.9065108514190318, "TR_hits10": 0.5533333333333333, "VL_hits10": 0.82}