{"TR_hits1": 0.8567415730337079, "VL_hits1": 0.9143258426966292, "TR_hits10": 0.7752808988764045, "VL_hits10": 0.9044943820224719}