{"TR_hits1": 0.7708516242317822, "VL_hits1": 0.776558384547849, "TR_hits10": 0.7052631578947368, "VL_hits10": 0.7385964912280701}