{"TR_hits1": 0.9183494293239683, "VL_hits1": 0.9512730465320457, "TR_hits10": 0.8175438596491228, "VL_hits10": 0.9350877192982456}