{"TR_hits1": 0.8256172839506173, "VL_hits1": 0.8379629629629629, "TR_hits10": 0.5, "VL_hits10": 0.7716049382716049}