{"TR_hits1": 0.9345917471466199, "VL_hits1": 0.9451273046532046, "TR_hits10": 0.7684210526315789, "VL_hits10": 0.9368421052631579}