{"TR_hits1": 0.5882352941176471, "VL_hits1": 0.6049165935030729, "TR_hits10": 0.519298245614035, "VL_hits10": 0.5526315789473685}