{"TR_hits1": 0.6237928007023705, "VL_hits1": 0.6540825285338016, "TR_hits10": 0.6350877192982456, "VL_hits10": 0.6631578947368421}