{"TR_hits1": 0.9546218487394958, "TS_hits1": 0.7057385191411324, "TR_hits10": 0.9798319327731092, "TS_hits10": 0.9054023076335295}