{"TR_hits1": 0.37593984962406013, "VL_hits1": 0.34, "TR_hits10": 0.4197994987468672, "VL_hits10": 0.42}