{"TR_hits1": 0.39173967459324155, "VL_hits1": 0.42, "TR_hits10": 0.4380475594493116, "VL_hits10": 0.475}