{"TR_hits1": 0.6014047410008779, "VL_hits1": 0.6136962247585601, "TR_hits10": 0.5807017543859649, "VL_hits10": 0.6}