{"TR_hits1": 0.9208294062205467, "TS_hits1": 0.5875096376252892, "TR_hits10": 0.9830348727615457, "TS_hits10": 0.8536794311659385}