{"TR_hits1": 0.46113445378151263, "VL_hits1": 0.453781512605042, "TR_hits10": 0.4989495798319328, "VL_hits10": 0.5336134453781513}