{"TR_hits1": 0.34724540901502504, "VL_hits1": 0.4090150250417362, "TR_hits10": 0.32, "VL_hits10": 0.4266666666666667}