{"TR_hits1": 0.44073455759599334, "VL_hits1": 0.4540901502504174, "TR_hits10": 0.32, "VL_hits10": 0.3933333333333333}