{"TR_hits1": 0.8447412353923205, "VL_hits1": 0.8631051752921536, "TR_hits10": 0.64, "VL_hits10": 0.8666666666666667}