{"TR_hits1": 0.7011308562197092, "VL_hits1": 0.7802907915993538, "TR_hits10": 0.432258064516129, "VL_hits10": 0.6774193548387096}