{"TR_hits1": 0.9439775910364145, "VL_hits1": 0.957983193277311, "TR_hits10": 0.7262569832402235, "VL_hits10": 0.9497206703910615}