{"TR_hits1": 0.10141509433962265, "VL_hits1": 0.13145539906103287, "TR_hits10": 0.1391509433962264, "VL_hits10": 0.15023474178403756}