{"TR_hits1": 0.34390651085141904, "VL_hits1": 0.35225375626043404, "TR_hits10": 0.34, "VL_hits10": 0.36}