{"TR_hits1": 0.8858024691358025, "VL_hits1": 0.9182098765432098, "TR_hits10": 0.5802469135802469, "VL_hits10": 0.8148148148148148}