{"TR_hits1": 0.8380868802106187, "VL_hits1": 0.8437911364633611, "TR_hits10": 0.7543859649122807, "VL_hits10": 0.7807017543859649}