{"TR_hits1": 0.46243739565943237, "VL_hits1": 0.4707846410684474, "TR_hits10": 0.4666666666666667, "VL_hits10": 0.47333333333333333}