{"TR_hits1": 0.9372256365232661, "VL_hits1": 0.9547848990342406, "TR_hits10": 0.8052631578947368, "VL_hits10": 0.956140350877193}