{"TR_hits1": 0.5582047685834503, "VL_hits1": 0.5680224403927069, "TR_hits10": 0.4972067039106145, "VL_hits10": 0.5251396648044693}