{"TR_hits1": 0.8349056603773585, "VL_hits1": 0.8663522012578616, "TR_hits10": 0.5125, "VL_hits10": 0.78125}