{"TR_hits1": 0.910377358490566, "VL_hits1": 0.9465408805031447, "TR_hits10": 0.59375, "VL_hits10": 0.925}