{"TR_hits1": 0.7654320987654321, "VL_hits1": 0.7932098765432098, "TR_hits10": 0.42592592592592593, "VL_hits10": 0.7716049382716049}