{"TR_hits1": 0.7115891132572432, "VL_hits1": 0.7361720807726075, "TR_hits10": 0.612280701754386, "VL_hits10": 0.6807017543859649}