{"TR_hits1": 0.7569109258446687, "VL_hits1": 0.7608600263273365, "TR_hits10": 0.6842105263157895, "VL_hits10": 0.712280701754386}