{"TR_hits1": 0.8427672955974843, "VL_hits1": 0.8805031446540881, "TR_hits10": 0.5660377358490566, "VL_hits10": 0.8427672955974843}