{"TR_hits1": 0.6147433084686266, "VL_hits1": 0.6897762176393155, "TR_hits10": 0.6350877192982456, "VL_hits10": 0.6912280701754386}