{"TR_hits1": 0.36554621848739494, "VL_hits1": 0.39215686274509803, "TR_hits10": 0.3687150837988827, "VL_hits10": 0.39664804469273746}