{"TR_hits1": 0.006265664160401002, "VL_hits1": 0.03, "TR_hits10": 0.03508771929824561, "VL_hits10": 0.04}