{"TR_hits1": 0.4674457429048414, "VL_hits1": 0.4674457429048414, "TR_hits10": 0.34, "VL_hits10": 0.38666666666666666}