{"TR_hits1": 0.3622704507512521, "VL_hits1": 0.38397328881469117, "TR_hits10": 0.30666666666666664, "VL_hits10": 0.3333333333333333}