{"TR_hits1": 0.8066037735849056, "VL_hits1": 0.49295774647887325, "TR_hits10": 0.8278301886792453, "VL_hits10": 0.7605633802816901}