{"TR_hits1": 0.4043583535108959, "VL_hits1": 0.42028985507246375, "TR_hits10": 0.48184019370460046, "VL_hits10": 0.5169082125603864}