{"TR_hits1": 0.34782608695652173, "VL_hits1": 0.3702664796633941, "TR_hits10": 0.3016759776536313, "VL_hits10": 0.35195530726256985}