{"TR_hits1": 0.9223002633889377, "VL_hits1": 0.9495171202809481, "TR_hits10": 0.8087719298245614, "VL_hits10": 0.9315789473684211}