{"TR_hits1": 0.8851540616246498, "VL_hits1": 0.927170868347339, "TR_hits10": 0.6983240223463687, "VL_hits10": 0.9273743016759777}