{"TR_hits1": 0.44180225281602004, "VL_hits1": 0.485, "TR_hits10": 0.493116395494368, "VL_hits10": 0.555}