{"TR_hits1": 0.34557595993322204, "VL_hits1": 0.34557595993322204, "TR_hits10": 0.26, "VL_hits10": 0.2733333333333333}