{"TR_hits1": 0.7418788410886743, "VL_hits1": 0.7515364354697103, "TR_hits10": 0.6491228070175439, "VL_hits10": 0.7035087719298245}