{"TR_hits1": 0.5518867924528302, "VL_hits1": 0.4507042253521127, "TR_hits10": 0.5790094339622641, "VL_hits10": 0.5446009389671361}