{"TR_hits1": 0.5730337078651685, "VL_hits1": 0.5955056179775281, "TR_hits10": 0.6460674157303371, "VL_hits10": 0.6685393258426966}