{"TR_hits1": 0.4791318864774624, "VL_hits1": 0.48414023372287146, "TR_hits10": 0.35333333333333333, "VL_hits10": 0.4}