{"TR_hits1": 0.3127629733520337, "VL_hits1": 0.32959326788218796, "TR_hits10": 0.22346368715083798, "VL_hits10": 0.2569832402234637}