{"TR_hits1": 0.9309182813816343, "TS_hits1": 0.6126857668147694, "TR_hits10": 0.9772535804549284, "TS_hits10": 0.8779684387927073}