{"TR_hits1": 0.7174193548387097, "TS_hits1": 0.5398656793525056, "TR_hits10": 0.8348387096774194, "TS_hits10": 0.6528327880144653}