{"TR_hits1": 0.23222124670763827, "VL_hits1": 0.27699736611062337, "TR_hits10": 0.2614035087719298, "VL_hits10": 0.312280701754386}