{"TR_hits1": 0.40175219023779724, "VL_hits1": 0.39, "TR_hits10": 0.4655819774718398, "VL_hits10": 0.455}