{"TR_hits1": 0.5525946704067322, "VL_hits1": 0.6367461430575035, "TR_hits10": 0.5307262569832403, "VL_hits10": 0.6256983240223464}