{"TR_hits1": 0.9283707865168539, "VL_hits1": 0.9508426966292135, "TR_hits10": 0.797752808988764, "VL_hits10": 0.9269662921348315}