{"TR_hits1": 0.34382566585956414, "VL_hits1": 0.3526570048309179, "TR_hits10": 0.3801452784503632, "VL_hits10": 0.3961352657004831}