{"TR_hits1": 0.694327731092437, "VL_hits1": 0.6176470588235294, "TR_hits10": 0.7037815126050421, "VL_hits10": 0.6596638655462185}