{"TR_hits1": 0.04606060606060606, "VL_hits1": 0.033816425120772944, "TR_hits10": 0.052121212121212124, "VL_hits10": 0.04830917874396135}