{"TR_hits1": 0.16627358490566038, "VL_hits1": 0.1643192488262911, "TR_hits10": 0.21108490566037735, "VL_hits10": 0.215962441314554}