{"TR_hits1": 0.528972783143108, "VL_hits1": 0.5333625987708516, "TR_hits10": 0.45789473684210524, "VL_hits10": 0.4807017543859649}