{"TR_hits1": 0.815831987075929, "VL_hits1": 0.8222940226171244, "TR_hits10": 0.432258064516129, "VL_hits10": 0.6967741935483871}