{"TR_hits1": 0.458377239199157, "VL_hits1": 0.3865546218487395, "TR_hits10": 0.48472075869336145, "VL_hits10": 0.44537815126050423}