{"TR_hits1": 0.1625441696113074, "VL_hits1": 0.15023474178403756, "TR_hits10": 0.19316843345111898, "VL_hits10": 0.22535211267605634}