{"TR_hits1": 0.6154521510096576, "VL_hits1": 0.6422300263388938, "TR_hits10": 0.5789473684210527, "VL_hits10": 0.6070175438596491}