{"TR_hits1": 0.8457223001402524, "VL_hits1": 0.8779803646563815, "TR_hits10": 0.6368715083798883, "VL_hits10": 0.88268156424581}