{"TR_hits1": 0.002805049088359046, "VL_hits1": 0.0, "TR_hits10": 0.0070126227208976155, "VL_hits10": 0.00558659217877095}