{"TR_hits1": 0.3680555555555556, "VL_hits1": 0.41203703703703703, "TR_hits10": 0.4537037037037037, "VL_hits10": 0.4722222222222222}