{"TR_hits1": 0.839622641509434, "VL_hits1": 0.8584905660377359, "TR_hits10": 0.5157232704402516, "VL_hits10": 0.7987421383647799}