{"TR_hits1": 0.4563679245283019, "VL_hits1": 0.39436619718309857, "TR_hits10": 0.47877358490566035, "VL_hits10": 0.4225352112676056}