{"TR_hits1": 0.75, "VL_hits1": 0.5370370370370371, "TR_hits10": 0.7893518518518519, "VL_hits10": 0.8194444444444444}