{"TR_hits1": 0.485513608428446, "VL_hits1": 0.5039508340649693, "TR_hits10": 0.43508771929824563, "VL_hits10": 0.46842105263157896}