{"TR_hits1": 0.2440737489025461, "VL_hits1": 0.29367866549604915, "TR_hits10": 0.21754385964912282, "VL_hits10": 0.2789473684210526}