{"TR_hits1": 0.6849757673667205, "VL_hits1": 0.7059773828756059, "TR_hits10": 0.3870967741935484, "VL_hits10": 0.6709677419354839}