{"TR_hits1": 0.7100840336134454, "VL_hits1": 0.7156862745098039, "TR_hits10": 0.5363128491620112, "VL_hits10": 0.5921787709497207}