{"TR_hits1": 0.7688679245283019, "VL_hits1": 0.8144654088050315, "TR_hits10": 0.475, "VL_hits10": 0.80625}