{"TR_hits1": 0.6467749012724879, "VL_hits1": 0.6480912681000439, "TR_hits10": 0.5754385964912281, "VL_hits10": 0.5894736842105263}