{"TR_hits1": 0.7352941176470589, "VL_hits1": 0.7408963585434174, "TR_hits10": 0.5865921787709497, "VL_hits10": 0.6312849162011173}