{"TR_hits1": 0.5301542776998598, "VL_hits1": 0.5329593267882188, "TR_hits10": 0.4245810055865922, "VL_hits10": 0.44692737430167595}