{"TR_hits1": 0.9209833187006146, "VL_hits1": 0.9446883230904302, "TR_hits10": 0.7701754385964912, "VL_hits10": 0.9228070175438596}