{"TR_hits1": 0.40314769975786924, "VL_hits1": 0.4396135265700483, "TR_hits10": 0.45883777239709445, "VL_hits10": 0.5072463768115942}