{"TR_hits1": 0.37333333333333335, "VL_hits1": 0.3285024154589372, "TR_hits10": 0.4206060606060606, "VL_hits10": 0.37681159420289856}