{"TR_hits1": 0.6721698113207547, "VL_hits1": 0.3568075117370892, "TR_hits10": 0.7523584905660378, "VL_hits10": 0.6854460093896714}