{"TR_hits1": 0.7144362486828241, "VL_hits1": 0.6554621848739496, "TR_hits10": 0.7197049525816649, "VL_hits10": 0.7016806722689075}