{"TR_hits1": 0.5686274509803921, "VL_hits1": 0.6386554621848739, "TR_hits10": 0.547486033519553, "VL_hits10": 0.5921787709497207}