{"TR_hits1": 0.41203703703703703, "VL_hits1": 0.42592592592592593, "TR_hits10": 0.4386574074074074, "VL_hits10": 0.4444444444444444}