{"TR_hits1": 0.7667844522968198, "VL_hits1": 0.5070422535211268, "TR_hits10": 0.8303886925795053, "VL_hits10": 0.7981220657276995}