{"TR_hits1": 0.7512116316639742, "VL_hits1": 0.7851373182552503, "TR_hits10": 0.5032258064516129, "VL_hits10": 0.8129032258064516}