{"TR_hits1": 0.24848484848484848, "VL_hits1": 0.2463768115942029, "TR_hits10": 0.27151515151515154, "VL_hits10": 0.2753623188405797}