{"TR_hits1": 0.8238993710691824, "VL_hits1": 0.8427672955974843, "TR_hits10": 0.5, "VL_hits10": 0.78125}