{"TR_hits1": 0.7429048414023373, "VL_hits1": 0.7896494156928213, "TR_hits10": 0.5666666666666667, "VL_hits10": 0.8466666666666667}