{"TR_hits1": 0.6549789621318373, "VL_hits1": 0.7138849929873773, "TR_hits10": 0.6256983240223464, "VL_hits10": 0.6703910614525139}