{"TR_hits1": 0.6086956521739131, "VL_hits1": 0.6312849162011173, "TR_hits10": 0.667601683029453, "VL_hits10": 0.6759776536312849}