{"TR_hits1": 0.44574290484140233, "VL_hits1": 0.36, "TR_hits10": 0.5375626043405676, "VL_hits10": 0.4533333333333333}