{"TR_hits1": 0.4791318864774624, "VL_hits1": 0.5292153589315526, "TR_hits10": 0.4266666666666667, "VL_hits10": 0.48}