{"TR_hits1": 0.46462264150943394, "VL_hits1": 0.40375586854460094, "TR_hits10": 0.47641509433962265, "VL_hits10": 0.431924882629108}