{"TR_hits1": 0.4664351851851852, "VL_hits1": 0.4166666666666667, "TR_hits10": 0.5138888888888888, "VL_hits10": 0.49537037037037035}