{"TR_hits1": 0.3133097762073027, "VL_hits1": 0.22065727699530516, "TR_hits10": 0.3309776207302709, "VL_hits10": 0.2676056338028169}