{"TR_hits1": 0.8364779874213837, "VL_hits1": 0.860062893081761, "TR_hits10": 0.51875, "VL_hits10": 0.83125}