{"TR_hits1": 0.5721812434141201, "VL_hits1": 0.5588235294117647, "TR_hits10": 0.59536354056902, "VL_hits10": 0.5966386554621849}