{"TR_hits1": 0.8191395961369623, "VL_hits1": 0.8257243195785777, "TR_hits10": 0.724561403508772, "VL_hits10": 0.7807017543859649}