{"TR_hits1": 0.694468832309043, "VL_hits1": 0.7142230026338894, "TR_hits10": 0.6929824561403509, "VL_hits10": 0.7385964912280701}