{"TR_hits1": 0.8256172839506173, "VL_hits1": 0.8796296296296297, "TR_hits10": 0.6419753086419753, "VL_hits10": 0.8580246913580247}