{"TR_hits1": 0.7700617283950617, "VL_hits1": 0.7932098765432098, "TR_hits10": 0.5617283950617284, "VL_hits10": 0.7962962962962963}