{"TR_hits1": 0.469187675070028, "VL_hits1": 0.47058823529411764, "TR_hits10": 0.4581005586592179, "VL_hits10": 0.4581005586592179}