{"TR_hits1": 0.7179176755447942, "VL_hits1": 0.46859903381642515, "TR_hits10": 0.7542372881355932, "VL_hits10": 0.7681159420289855}