{"TR_hits1": 0.4716981132075472, "VL_hits1": 0.39906103286384975, "TR_hits10": 0.5094339622641509, "VL_hits10": 0.4507042253521127}