{"TR_hits1": 0.8032258064516129, "VL_hits1": 0.8096774193548387, "TR_hits10": 0.5225806451612903, "VL_hits10": 0.7290322580645161}