{"TR_hits1": 0.25, "VL_hits1": 0.23109243697478993, "TR_hits10": 0.27848101265822783, "VL_hits10": 0.2647058823529412}