{"TR_hits1": 0.4357262103505843, "VL_hits1": 0.44407345575959933, "TR_hits10": 0.42, "VL_hits10": 0.44}