{"TR_hits1": 0.41736227045075125, "VL_hits1": 0.42070116861435725, "TR_hits10": 0.38666666666666666, "VL_hits10": 0.3933333333333333}