{"TR_hits1": 0.9115168539325843, "VL_hits1": 0.9367977528089888, "TR_hits10": 0.7191011235955056, "VL_hits10": 0.9044943820224719}