{"TR_hits1": 0.8134328358208955, "VL_hits1": 0.8208955223880597, "TR_hits10": 0.743859649122807, "VL_hits10": 0.7771929824561403}