{"TR_hits1": 0.7693548387096775, "VL_hits1": 0.8080645161290323, "TR_hits10": 0.567741935483871, "VL_hits10": 0.7419354838709677}