{"TR_hits1": 0.5026343519494204, "VL_hits1": 0.4789915966386555, "TR_hits10": 0.5184404636459431, "VL_hits10": 0.5378151260504201}