{"TR_hits1": 0.8995173321632295, "VL_hits1": 0.9469065379552435, "TR_hits10": 0.8035087719298246, "VL_hits10": 0.9421052631578948}