{"TR_hits1": 0.8425925925925926, "VL_hits1": 0.8719135802469136, "TR_hits10": 0.6049382716049383, "VL_hits10": 0.8333333333333334}