{"TR_hits1": 0.1439299123904881, "VL_hits1": 0.155, "TR_hits10": 0.1927409261576971, "VL_hits10": 0.195}