{"avg_TR_hits1": 0.8434740386045608, "std_TR_hits1": 0.07671966031847031, "avg_TS_hits1": 0.4924306210425858, "std_TS_hits1": 0.020891894215596583, "avg_TR_hits10": 0.9007334180024943, "std_TR_hits10": 0.0879938106293527, "avg_TS_hits10": 0.7589979776009658, "std_TS_hits10": 0.01612344496268609}