{"TR_hits1": 0.7345575959933222, "VL_hits1": 0.7746243739565943, "TR_hits10": 0.47333333333333333, "VL_hits10": 0.78}