{"TR_hits1": 0.5357142857142857, "VL_hits1": 0.5840336134453782, "TR_hits10": 0.5987394957983193, "VL_hits10": 0.6470588235294118}