{"TR_hits1": 0.8577699736611062, "VL_hits1": 0.8599648814749781, "TR_hits10": 0.7596491228070176, "VL_hits10": 0.8245614035087719}