{"TR_hits1": 0.38836477987421386, "VL_hits1": 0.3625, "TR_hits10": 0.4748427672955975, "VL_hits10": 0.425}