{"TR_hits1": 0.5258999122036875, "VL_hits1": 0.5311676909569798, "TR_hits10": 0.4614035087719298, "VL_hits10": 0.49298245614035086}