{"TR_hits1": 0.6488147497805092, "VL_hits1": 0.6637401229148375, "TR_hits10": 0.6192982456140351, "VL_hits10": 0.6543859649122807}