{"TR_hits1": 0.9407634927599825, "VL_hits1": 0.9605089951733217, "TR_hits10": 0.8192982456140351, "VL_hits10": 0.9508771929824561}