{"TR_hits1": 0.761344537815126, "TS_hits1": 0.5166195461144647, "TR_hits10": 0.7966386554621848, "TS_hits10": 0.6324596928249407}