{"TR_hits1": 0.409261576971214, "VL_hits1": 0.31, "TR_hits10": 0.4167709637046308, "VL_hits10": 0.365}