{"TR_hits1": 0.49078138718173836, "VL_hits1": 0.4986830553116769, "TR_hits10": 0.4824561403508772, "VL_hits10": 0.49473684210526314}