{"TR_hits1": 0.33608490566037735, "VL_hits1": 0.3380281690140845, "TR_hits10": 0.35495283018867924, "VL_hits10": 0.36619718309859156}