{"TR_hits1": 0.22778473091364204, "VL_hits1": 0.135, "TR_hits10": 0.2528160200250313, "VL_hits10": 0.18}