{"TR_hits1": 0.3476890756302521, "VL_hits1": 0.29831932773109243, "TR_hits10": 0.38235294117647056, "VL_hits10": 0.35294117647058826}