{"TR_hits1": 0.9297937691970163, "VL_hits1": 0.9578762615182097, "TR_hits10": 0.7929824561403509, "VL_hits10": 0.9543859649122807}