{"TR_hits1": 0.0030864197530864196, "VL_hits1": 0.027777777777777776, "TR_hits10": 0.0, "VL_hits10": 0.006172839506172839}