{"TR_hits1": 0.544611819235226, "VL_hits1": 0.30092592592592593, "TR_hits10": 0.6060254924681344, "VL_hits10": 0.5231481481481481}