{"TR_hits1": 0.506265664160401, "VL_hits1": 0.37, "TR_hits10": 0.556390977443609, "VL_hits10": 0.47}