{"TR_hits1": 0.7774363476733978, "VL_hits1": 0.7822651448639157, "TR_hits10": 0.7035087719298245, "VL_hits10": 0.743859649122807}