{"TR_hits1": 0.7783143107989464, "VL_hits1": 0.781387181738367, "TR_hits10": 0.6877192982456141, "VL_hits10": 0.7315789473684211}