{"TR_hits1": 0.6892010535557507, "VL_hits1": 0.7124670763827919, "TR_hits10": 0.6280701754385964, "VL_hits10": 0.6807017543859649}