{"TR_hits1": 0.7512520868113522, "VL_hits1": 0.8163606010016694, "TR_hits10": 0.6066666666666667, "VL_hits10": 0.8666666666666667}