{"TR_hits1": 0.40336134453781514, "VL_hits1": 0.41876750700280113, "TR_hits10": 0.46368715083798884, "VL_hits10": 0.46368715083798884}