{"TR_hits1": 0.8955223880597015, "VL_hits1": 0.9319578577699736, "TR_hits10": 0.756140350877193, "VL_hits10": 0.9263157894736842}