{"TR_hits1": 0.16270337922403003, "VL_hits1": 0.135, "TR_hits10": 0.1939924906132666, "VL_hits10": 0.195}