{"TR_hits1": 0.327212020033389, "VL_hits1": 0.3622704507512521, "TR_hits10": 0.29333333333333333, "VL_hits10": 0.35333333333333333}