{"TR_hits1": 0.5974710221285564, "VL_hits1": 0.592436974789916, "TR_hits10": 0.5995785036880927, "VL_hits10": 0.6134453781512605}