{"TR_hits1": 0.8779803646563815, "VL_hits1": 0.9102384291725105, "TR_hits10": 0.7597765363128491, "VL_hits10": 0.9217877094972067}