{"TR_hits1": 0.20150187734668334, "VL_hits1": 0.06, "TR_hits10": 0.2428035043804756, "VL_hits10": 0.175}