{"TR_hits1": 0.75, "VL_hits1": 0.7854938271604939, "TR_hits10": 0.4567901234567901, "VL_hits10": 0.7839506172839507}