{"TR_hits1": 0.1404320987654321, "VL_hits1": 0.043209876543209874, "TR_hits10": 0.19753086419753085, "VL_hits10": 0.14814814814814814}