{"TR_hits1": 0.7908805031446541, "VL_hits1": 0.8490566037735849, "TR_hits10": 0.5375, "VL_hits10": 0.8}