{"TR_hits1": 0.8397328881469115, "VL_hits1": 0.8397328881469115, "TR_hits10": 0.46, "VL_hits10": 0.7533333333333333}