{"TR_hits1": 0.007716049382716049, "VL_hits1": 0.041666666666666664, "TR_hits10": 0.0, "VL_hits10": 0.012345679012345678}