{"TR_hits1": 0.5430201931518877, "VL_hits1": 0.5605794556628622, "TR_hits10": 0.5578947368421052, "VL_hits10": 0.5719298245614035}