{"TR_hits1": 0.5363540569020021, "VL_hits1": 0.453781512605042, "TR_hits10": 0.5458377239199157, "VL_hits10": 0.5210084033613446}