{"TR_hits1": 0.889937106918239, "VL_hits1": 0.9072327044025157, "TR_hits10": 0.6125, "VL_hits10": 0.84375}