{"TR_hits1": 0.5724789915966386, "VL_hits1": 0.5126050420168067, "TR_hits10": 0.5882352941176471, "VL_hits10": 0.5210084033613446}