{"TR_hits1": 0.38797169811320753, "VL_hits1": 0.4084507042253521, "TR_hits10": 0.47759433962264153, "VL_hits10": 0.460093896713615}