{"TR_hits1": 0.39740566037735847, "VL_hits1": 0.4225352112676056, "TR_hits10": 0.4492924528301887, "VL_hits10": 0.4788732394366197}