{"TR_hits1": 0.6672519754170325, "VL_hits1": 0.6716417910447762, "TR_hits10": 0.5859649122807018, "VL_hits10": 0.6087719298245614}