{"TR_hits1": 0.8411584028082493, "VL_hits1": 0.8468626590609917, "TR_hits10": 0.7456140350877193, "VL_hits10": 0.8}