{"TR_hits1": 0.4506172839506173, "VL_hits1": 0.4876543209876543, "TR_hits10": 0.5540123456790124, "VL_hits10": 0.5679012345679012}