{"TR_hits1": 0.4409722222222222, "VL_hits1": 0.39814814814814814, "TR_hits10": 0.5162037037037037, "VL_hits10": 0.44907407407407407}