{"TR_hits1": 0.5520581113801453, "VL_hits1": 0.41545893719806765, "TR_hits10": 0.562953995157385, "VL_hits10": 0.47342995169082125}