{"TR_hits1": 0.4740532959326788, "VL_hits1": 0.4838709677419355, "TR_hits10": 0.40782122905027934, "VL_hits10": 0.46368715083798884}