{"TR_hits1": 0.5849056603773585, "VL_hits1": 0.6020184291355858, "TR_hits10": 0.5754385964912281, "VL_hits10": 0.5964912280701754}