{"TR_hits1": 0.40392706872370265, "VL_hits1": 0.42917251051893407, "TR_hits10": 0.329608938547486, "VL_hits10": 0.39106145251396646}