{"TR_hits1": 0.14858096828046743, "VL_hits1": 0.18697829716193656, "TR_hits10": 0.15333333333333332, "VL_hits10": 0.16666666666666666}