{"TR_hits1": 0.44574290484140233, "VL_hits1": 0.4524207011686144, "TR_hits10": 0.3466666666666667, "VL_hits10": 0.37333333333333335}