{"TR_hits1": 0.7091194968553459, "VL_hits1": 0.8270440251572327, "TR_hits10": 0.4875, "VL_hits10": 0.76875}