{"TR_hits1": 0.8397328881469115, "VL_hits1": 0.8647746243739566, "TR_hits10": 0.5533333333333333, "VL_hits10": 0.8133333333333334}