{"TR_hits1": 0.5661764705882353, "VL_hits1": 0.5042016806722689, "TR_hits10": 0.569327731092437, "VL_hits10": 0.5168067226890757}