{"TR_hits1": 0.6887620719929763, "VL_hits1": 0.7001755926251098, "TR_hits10": 0.6140350877192983, "VL_hits10": 0.6526315789473685}