{"TR_hits1": 0.6647982062780269, "TS_hits1": 0.626671647366455, "TR_hits10": 0.7522421524663677, "TS_hits10": 0.7142323496451252}