{"TR_hits1": 0.8038116591928252, "TS_hits1": 0.8654708520179372, "TR_hits10": 0.749346283152783, "TS_hits10": 0.8275681733283526}