{"TR_hits1": 0.6348314606741573, "VL_hits1": 0.6292134831460674, "TR_hits10": 0.699438202247191, "VL_hits10": 0.7134831460674157}