{"TR_hits1": 0.7897990726429676, "VL_hits1": 0.8160741885625966, "TR_hits10": 0.49382716049382713, "VL_hits10": 0.7222222222222222}