{"TR_hits1": 0.7321428571428571, "VL_hits1": 0.6680672268907563, "TR_hits10": 0.7426470588235294, "VL_hits10": 0.6890756302521008}