{"TR_hits1": 0.47685834502103785, "VL_hits1": 0.49228611500701264, "TR_hits10": 0.4022346368715084, "VL_hits10": 0.441340782122905}