{"TR_hits1": 0.8093699515347335, "VL_hits1": 0.8336025848142165, "TR_hits10": 0.47096774193548385, "VL_hits10": 0.7354838709677419}