{"TR_hits1": 0.41195476575121165, "VL_hits1": 0.47096774193548385, "TR_hits10": 0.5105008077544426, "VL_hits10": 0.567741935483871}