{"TR_hits1": 0.7892888498683055, "VL_hits1": 0.7954345917471466, "TR_hits10": 0.6982456140350877, "VL_hits10": 0.7298245614035088}