{"TR_hits1": 0.9170688898639754, "VL_hits1": 0.9543659499780606, "TR_hits10": 0.8105263157894737, "VL_hits10": 0.9385964912280702}