{"TR_hits1": 0.007861635220125786, "VL_hits1": 0.0440251572327044, "TR_hits10": 0.0, "VL_hits10": 0.01875}