{"TR_hits1": 0.7463651050080775, "VL_hits1": 0.778675282714055, "TR_hits10": 0.5935483870967742, "VL_hits10": 0.832258064516129}