{"TR_hits1": 0.5963141728828434, "VL_hits1": 0.6169372531812198, "TR_hits10": 0.5543859649122806, "VL_hits10": 0.5771929824561404}