{"TR_hits1": 0.513317191283293, "VL_hits1": 0.4057971014492754, "TR_hits10": 0.6004842615012107, "VL_hits10": 0.4830917874396135}