{"TR_hits1": 0.5559481743227326, "VL_hits1": 0.4647887323943662, "TR_hits10": 0.5959952885747939, "VL_hits10": 0.5305164319248826}