{"TR_hits1": 0.9284712482468443, "VL_hits1": 0.9424964936886395, "TR_hits10": 0.7821229050279329, "VL_hits10": 0.9273743016759777}