{"TR_hits1": 0.41736227045075125, "VL_hits1": 0.4707846410684474, "TR_hits10": 0.36666666666666664, "VL_hits10": 0.4266666666666667}