{"TR_hits1": 0.23934837092731828, "VL_hits1": 0.175, "TR_hits10": 0.2832080200501253, "VL_hits10": 0.23}