{"TR_hits1": 0.8597475455820477, "VL_hits1": 0.8934081346423562, "TR_hits10": 0.7206703910614525, "VL_hits10": 0.8994413407821229}