{"TR_hits1": 0.5636792452830188, "VL_hits1": 0.4225352112676056, "TR_hits10": 0.5719339622641509, "VL_hits10": 0.4647887323943662}