{"TR_hits1": 0.14267834793491865, "VL_hits1": 0.16, "TR_hits10": 0.15269086357947434, "VL_hits10": 0.19}