{"TR_hits1": 0.8857696030977735, "TS_hits1": 0.4448749559704121, "TR_hits10": 0.9661181026137464, "TS_hits10": 0.7135435012328285}