{"TR_hits1": 0.41903171953255425, "VL_hits1": 0.5258764607679466, "TR_hits10": 0.4533333333333333, "VL_hits10": 0.5333333333333333}