{"TR_hits1": 0.5307287093942055, "VL_hits1": 0.5926251097453907, "TR_hits10": 0.49473684210526314, "VL_hits10": 0.5473684210526316}