{"TR_hits1": 0.36774193548387096, "VL_hits1": 0.3225806451612903, "TR_hits10": 0.4435483870967742, "VL_hits10": 0.3935483870967742}