{"TR_hits1": 0.19393939393939394, "VL_hits1": 0.178743961352657, "TR_hits10": 0.2193939393939394, "VL_hits10": 0.24154589371980675}