{"TR_hits1": 0.559748427672956, "VL_hits1": 0.4875, "TR_hits10": 0.6163522012578616, "VL_hits10": 0.61875}