{"TR_hits1": 0.8915094339622641, "VL_hits1": 0.9025157232704403, "TR_hits10": 0.48125, "VL_hits10": 0.775}