{"TR_hits1": 0.8595679012345679, "VL_hits1": 0.875, "TR_hits10": 0.6049382716049383, "VL_hits10": 0.8518518518518519}