{"TR_hits1": 0.9398595258999122, "VL_hits1": 0.9587357330992098, "TR_hits10": 0.8350877192982457, "VL_hits10": 0.9526315789473684}