{"TR_hits1": 0.875, "VL_hits1": 0.9089506172839507, "TR_hits10": 0.6419753086419753, "VL_hits10": 0.8518518518518519}