{"TR_hits1": 0.7064501974550241, "VL_hits1": 0.7152259763053971, "TR_hits10": 0.5964912280701754, "VL_hits10": 0.6491228070175439}