{"TR_hits1": 0.6470588235294118, "VL_hits1": 0.6526610644257703, "TR_hits10": 0.5810055865921788, "VL_hits10": 0.6033519553072626}