{"TR_hits1": 0.47545582047685836, "VL_hits1": 0.47545582047685836, "TR_hits10": 0.39106145251396646, "VL_hits10": 0.40782122905027934}