{"TR_hits1": 0.8345021037868162, "VL_hits1": 0.8723702664796634, "TR_hits10": 0.6033519553072626, "VL_hits10": 0.8491620111731844}