{"TR_hits1": 0.22537562604340566, "VL_hits1": 0.24540901502504173, "TR_hits10": 0.16, "VL_hits10": 0.2}