{"TR_hits1": 0.35058430717863104, "VL_hits1": 0.35225375626043404, "TR_hits10": 0.3, "VL_hits10": 0.30666666666666664}