{"TR_hits1": 0.6523109243697479, "VL_hits1": 0.5714285714285714, "TR_hits10": 0.6544117647058824, "VL_hits10": 0.5966386554621849}