{"TR_hits1": 0.8888888888888888, "VL_hits1": 0.9074074074074074, "TR_hits10": 0.5617283950617284, "VL_hits10": 0.8148148148148148}