{"TR_hits1": 0.5777310924369747, "VL_hits1": 0.5462184873949579, "TR_hits10": 0.6292016806722689, "VL_hits10": 0.5882352941176471}