{"TR_hits1": 0.634453781512605, "VL_hits1": 0.665266106442577, "TR_hits10": 0.5754189944134078, "VL_hits10": 0.6145251396648045}