{"TR_hits1": 0.17939393939393938, "VL_hits1": 0.13043478260869565, "TR_hits10": 0.21454545454545454, "VL_hits10": 0.1642512077294686}