{"TR_hits1": 0.9653356735410268, "VL_hits1": 0.96752961825362, "TR_hits10": 0.8403508771929824, "VL_hits10": 0.9666666666666667}