{"TR_hits1": 0.8063439065108514, "VL_hits1": 0.8280467445742905, "TR_hits10": 0.5733333333333334, "VL_hits10": 0.8133333333333334}