{"TR_hits1": 0.3590462833099579, "VL_hits1": 0.4544179523141655, "TR_hits10": 0.329608938547486, "VL_hits10": 0.43575418994413406}