{"TR_hits1": 0.07769423558897243, "VL_hits1": 0.07, "TR_hits10": 0.15037593984962405, "VL_hits10": 0.13}