{"TR_hits1": 0.12015018773466833, "VL_hits1": 0.1, "TR_hits10": 0.16896120150187735, "VL_hits10": 0.14}