{"TR_hits1": 0.9545071609098568, "TS_hits1": 0.6480006128389766, "TR_hits10": 0.9856781802864364, "TS_hits10": 0.8922169449977019}