{"TR_hits1": 0.4091981132075472, "VL_hits1": 0.3615023474178404, "TR_hits10": 0.4233490566037736, "VL_hits10": 0.38497652582159625}