{"TR_hits1": 0.946883230904302, "VL_hits1": 0.9525899912203687, "TR_hits10": 0.8403508771929824, "VL_hits10": 0.9473684210526315}