{"TR_hits1": 0.5342465753424658, "VL_hits1": 0.592436974789916, "TR_hits10": 0.5648050579557429, "VL_hits10": 0.6218487394957983}