{"TR_hits1": 0.389937106918239, "VL_hits1": 0.36875, "TR_hits10": 0.470125786163522, "VL_hits10": 0.425}