{"TR_hits1": 0.6029411764705882, "VL_hits1": 0.48739495798319327, "TR_hits10": 0.6029411764705882, "VL_hits10": 0.4957983193277311}