{"TR_hits1": 0.6483757682177349, "VL_hits1": 0.6887620719929763, "TR_hits10": 0.6368421052631579, "VL_hits10": 0.6894736842105263}