{"TR_hits1": 0.9048414023372288, "VL_hits1": 0.9265442404006677, "TR_hits10": 0.5933333333333334, "VL_hits10": 0.8933333333333333}