{"TR_hits1": 0.027777777777777776, "VL_hits1": 0.018518518518518517, "TR_hits10": 0.035493827160493825, "VL_hits10": 0.024691358024691357}