{"TR_hits1": 0.16464891041162227, "VL_hits1": 0.1642512077294686, "TR_hits10": 0.22760290556900725, "VL_hits10": 0.2222222222222222}