{"TR_hits1": 0.1806060606060606, "VL_hits1": 0.14492753623188406, "TR_hits10": 0.22666666666666666, "VL_hits10": 0.19806763285024154}