{"TR_hits1": 0.3105175292153589, "VL_hits1": 0.32387312186978295, "TR_hits10": 0.34, "VL_hits10": 0.36}