{"TR_hits1": 0.06111696522655427, "VL_hits1": 0.029411764705882353, "TR_hits10": 0.09483667017913593, "VL_hits10": 0.09243697478991597}