{"TR_hits1": 0.17863105175292154, "VL_hits1": 0.19031719532554256, "TR_hits10": 0.10666666666666667, "VL_hits10": 0.11333333333333333}