{"TR_hits1": 0.662962962962963, "TS_hits1": 0.2790031991917831, "TR_hits10": 0.6907407407407408, "TS_hits10": 0.5642364034349217}