{"TR_hits1": 0.7085162423178226, "VL_hits1": 0.7181738366988587, "TR_hits10": 0.5473684210526316, "VL_hits10": 0.612280701754386}