{"TR_hits1": 0.7690956979806848, "VL_hits1": 0.7726075504828798, "TR_hits10": 0.7210526315789474, "VL_hits10": 0.7508771929824561}