{"TR_hits1": 0.7089552238805971, "VL_hits1": 0.7304653204565408, "TR_hits10": 0.6350877192982456, "VL_hits10": 0.7}