{"TR_hits1": 0.4658018867924528, "VL_hits1": 0.4225352112676056, "TR_hits10": 0.4988207547169811, "VL_hits10": 0.48826291079812206}