{"TR_hits1": 0.8838709677419355, "VL_hits1": 0.896774193548387, "TR_hits10": 0.5741935483870968, "VL_hits10": 0.8580645161290322}