{"TR_hits1": 0.2593984962406015, "VL_hits1": 0.225, "TR_hits10": 0.2869674185463659, "VL_hits10": 0.27}