{"TR_hits1": 0.32456140350877194, "VL_hits1": 0.2, "TR_hits10": 0.36215538847117795, "VL_hits10": 0.26}