{"TR_hits1": 0.0030864197530864196, "VL_hits1": 0.024691358024691357, "TR_hits10": 0.006172839506172839, "VL_hits10": 0.043209876543209874}