{"TR_hits1": 0.9629032258064516, "VL_hits1": 0.964516129032258, "TR_hits10": 0.6580645161290323, "VL_hits10": 0.8838709677419355}