{"TR_hits1": 0.7784503631961259, "VL_hits1": 0.4444444444444444, "TR_hits10": 0.7893462469733656, "VL_hits10": 0.7922705314009661}