{"TR_hits1": 0.2647058823529412, "VL_hits1": 0.23109243697478993, "TR_hits10": 0.3077731092436975, "VL_hits10": 0.2857142857142857}