{"TR_hits1": 0.8903225806451613, "TS_hits1": 0.323488892715688, "TR_hits10": 0.9470967741935484, "TS_hits10": 0.5873084208713621}