{"TR_hits1": 0.9870967741935484, "TS_hits1": 0.9948387096774194, "TR_hits10": 0.606681591183055, "TS_hits10": 0.8299466161529189}