{"TR_hits1": 0.4422992540587977, "VL_hits1": 0.4554629223343572, "TR_hits10": 0.4666666666666667, "VL_hits10": 0.4964912280701754}