{"TR_hits1": 0.6526610644257703, "VL_hits1": 0.6680672268907563, "TR_hits10": 0.5642458100558659, "VL_hits10": 0.5977653631284916}