{"TR_hits1": 0.44574290484140233, "VL_hits1": 0.4540901502504174, "TR_hits10": 0.28, "VL_hits10": 0.32666666666666666}