{"TR_hits1": 0.8600263273365512, "VL_hits1": 0.8652917946467749, "TR_hits10": 0.7736842105263158, "VL_hits10": 0.8175438596491228}