{"TR_hits1": 0.48414023372287146, "VL_hits1": 0.5726210350584308, "TR_hits10": 0.47333333333333333, "VL_hits10": 0.5533333333333333}