{"TR_hits1": 0.5191986644407346, "VL_hits1": 0.5, "TR_hits10": 0.6010016694490818, "VL_hits10": 0.6}