{"TR_hits1": 0.9480337078651685, "VL_hits1": 0.9620786516853933, "TR_hits10": 0.6424581005586593, "VL_hits10": 0.8994413407821229}