{"TR_hits1": 0.7528533801580334, "VL_hits1": 0.7712906057945567, "TR_hits10": 0.6947368421052632, "VL_hits10": 0.7491228070175439}