{"TR_hits1": 0.41736227045075125, "VL_hits1": 0.4340567612687813, "TR_hits10": 0.29333333333333333, "VL_hits10": 0.36}