{"TR_hits1": 0.2244467860906217, "VL_hits1": 0.21008403361344538, "TR_hits10": 0.25922023182297155, "VL_hits10": 0.23949579831932774}