{"TR_hits1": 0.3566958698372966, "VL_hits1": 0.33, "TR_hits10": 0.4330413016270338, "VL_hits10": 0.4}