{"TR_hits1": 0.2287145242070117, "VL_hits1": 0.2637729549248748, "TR_hits10": 0.20666666666666667, "VL_hits10": 0.26666666666666666}