{"TR_hits1": 0.41228070175438597, "VL_hits1": 0.455, "TR_hits10": 0.5012531328320802, "VL_hits10": 0.51}