{"TR_hits1": 0.5152792413066386, "VL_hits1": 0.5126050420168067, "TR_hits10": 0.5405690200210748, "VL_hits10": 0.5210084033613446}