{"TR_hits1": 0.5671641791044776, "VL_hits1": 0.5697980684811238, "TR_hits10": 0.5456140350877193, "VL_hits10": 0.5666666666666667}