{"TR_hits1": 0.9249341527655839, "VL_hits1": 0.9530289727831431, "TR_hits10": 0.7719298245614035, "VL_hits10": 0.9245614035087719}