{"TR_hits1": 0.3575757575757576, "VL_hits1": 0.28019323671497587, "TR_hits10": 0.3696969696969697, "VL_hits10": 0.3285024154589372}