{"TR_hits1": 0.7253634894991923, "VL_hits1": 0.7399030694668821, "TR_hits10": 0.47096774193548385, "VL_hits10": 0.7225806451612903}