{"TR_hits1": 0.4974958263772955, "VL_hits1": 0.5208681135225376, "TR_hits10": 0.44666666666666666, "VL_hits10": 0.4866666666666667}