{"TR_hits1": 0.8831385642737897, "VL_hits1": 0.8964941569282137, "TR_hits10": 0.62, "VL_hits10": 0.88}