{"TR_hits1": 0.09682804674457429, "VL_hits1": 0.07333333333333333, "TR_hits10": 0.19699499165275458, "VL_hits10": 0.22}