{"TR_hits1": 0.43757575757575756, "VL_hits1": 0.33816425120772947, "TR_hits10": 0.48484848484848486, "VL_hits10": 0.43478260869565216}