{"TR_hits1": 0.95171202809482, "VL_hits1": 0.9561018437225637, "TR_hits10": 0.8052631578947368, "VL_hits10": 0.9438596491228071}