{"TR_hits1": 0.7040673211781207, "VL_hits1": 0.7068723702664796, "TR_hits10": 0.5921787709497207, "VL_hits10": 0.6089385474860335}