{"TR_hits1": 0.7262103505843072, "VL_hits1": 0.8030050083472454, "TR_hits10": 0.5866666666666667, "VL_hits10": 0.8266666666666667}