{"TR_hits1": 0.7709521720052654, "VL_hits1": 0.7841158402808249, "TR_hits10": 0.6877192982456141, "VL_hits10": 0.7263157894736842}