{"TR_hits1": 0.6953467954345918, "VL_hits1": 0.7199297629499561, "TR_hits10": 0.643859649122807, "VL_hits10": 0.6824561403508772}