{"TR_hits1": 0.4073455759599332, "VL_hits1": 0.5008347245409015, "TR_hits10": 0.4, "VL_hits10": 0.46}