{"TR_hits1": 0.797190517998244, "VL_hits1": 0.8011413520632134, "TR_hits10": 0.7140350877192982, "VL_hits10": 0.7789473684210526}