{"TR_hits1": 0.3283208020050125, "VL_hits1": 0.305, "TR_hits10": 0.3458646616541353, "VL_hits10": 0.385}