{"TR_hits1": 0.8183413777972796, "VL_hits1": 0.8341377797279509, "TR_hits10": 0.7508771929824561, "VL_hits10": 0.7824561403508772}