{"TR_hits1": 0.9130434782608695, "VL_hits1": 0.9340813464235624, "TR_hits10": 0.7262569832402235, "VL_hits10": 0.9162011173184358}