{"TR_hits1": 0.4036363636363636, "VL_hits1": 0.34782608695652173, "TR_hits10": 0.4448484848484848, "VL_hits10": 0.3719806763285024}