{"TR_hits1": 0.5189340813464236, "VL_hits1": 0.5273492286115007, "TR_hits10": 0.45251396648044695, "VL_hits10": 0.4692737430167598}