{"TR_hits1": 0.8959613696224759, "VL_hits1": 0.9442493415276558, "TR_hits10": 0.7701754385964912, "VL_hits10": 0.9263157894736842}