{"TR_hits1": 0.41517386722866173, "VL_hits1": 0.31932773109243695, "TR_hits10": 0.4636459430979979, "VL_hits10": 0.3865546218487395}