{"TR_hits1": 0.9582967515364355, "VL_hits1": 0.9719051799824407, "TR_hits10": 0.8596491228070176, "VL_hits10": 0.9614035087719298}