{"TR_hits1": 0.12390488110137672, "VL_hits1": 0.135, "TR_hits10": 0.16520650813516896, "VL_hits10": 0.2}