{"TR_hits1": 0.57243195785777, "VL_hits1": 0.6439859525899913, "TR_hits10": 0.5526315789473685, "VL_hits10": 0.6140350877192983}