{"TR_hits1": 0.9285714285714286, "TS_hits1": 0.6331473981814014, "TR_hits10": 0.9647058823529412, "TS_hits10": 0.7382899060136013}