{"TR_hits1": 0.940737489025461, "VL_hits1": 0.9499561018437226, "TR_hits10": 0.8017543859649123, "VL_hits10": 0.9438596491228071}