{"TR_hits1": 0.5031512605042017, "VL_hits1": 0.48739495798319327, "TR_hits10": 0.542016806722689, "VL_hits10": 0.5126050420168067}