{"TR_hits1": 0.3086040386303775, "VL_hits1": 0.35118525021949076, "TR_hits10": 0.2964912280701754, "VL_hits10": 0.3649122807017544}