{"TR_hits1": 0.2720897615708275, "VL_hits1": 0.31837307152875177, "TR_hits10": 0.2905027932960894, "VL_hits10": 0.35195530726256985}