{"TR_hits1": 0.8516129032258064, "VL_hits1": 0.9016129032258065, "TR_hits10": 0.5419354838709678, "VL_hits10": 0.832258064516129}