{"TR_hits1": 0.2640801001251564, "VL_hits1": 0.2, "TR_hits10": 0.29662077596996245, "VL_hits10": 0.24}