{"TR_hits1": 0.7457983193277311, "VL_hits1": 0.6554621848739496, "TR_hits10": 0.7741596638655462, "VL_hits10": 0.7563025210084033}