{"TR_hits1": 0.7638888888888888, "VL_hits1": 0.8256172839506173, "TR_hits10": 0.49382716049382713, "VL_hits10": 0.7716049382716049}