{"TR_hits1": 0.36910377358490565, "VL_hits1": 0.36619718309859156, "TR_hits10": 0.41745283018867924, "VL_hits10": 0.431924882629108}