{"TR_hits1": 0.9173669467787114, "VL_hits1": 0.9341736694677871, "TR_hits10": 0.7094972067039106, "VL_hits10": 0.9329608938547486}