{"TR_hits1": 0.4793491864831039, "VL_hits1": 0.43, "TR_hits10": 0.5356695869837297, "VL_hits10": 0.515}