{"TR_hits1": 0.4218181818181818, "VL_hits1": 0.3188405797101449, "TR_hits10": 0.49575757575757573, "VL_hits10": 0.3719806763285024}