{"TR_hits1": 0.330550918196995, "VL_hits1": 0.35392320534223703, "TR_hits10": 0.23333333333333334, "VL_hits10": 0.30666666666666664}