{"TR_hits1": 0.9048414023372288, "VL_hits1": 0.9081803005008348, "TR_hits10": 0.6066666666666667, "VL_hits10": 0.92}