{"TR_hits1": 0.13157894736842105, "VL_hits1": 0.03, "TR_hits10": 0.15288220551378445, "VL_hits10": 0.065}