{"TR_hits1": 0.6855123674911661, "VL_hits1": 0.4647887323943662, "TR_hits10": 0.7879858657243817, "VL_hits10": 0.7793427230046949}