{"TR_hits1": 0.9007901668129938, "VL_hits1": 0.9464442493415277, "TR_hits10": 0.7842105263157895, "VL_hits10": 0.9368421052631579}