{"TR_hits1": 0.8595679012345679, "VL_hits1": 0.8780864197530864, "TR_hits10": 0.5987654320987654, "VL_hits10": 0.8148148148148148}