{"TR_hits1": 0.7142857142857143, "VL_hits1": 0.7212885154061625, "TR_hits10": 0.6145251396648045, "VL_hits10": 0.664804469273743}