{"TR_hits1": 0.38325471698113206, "VL_hits1": 0.36619718309859156, "TR_hits10": 0.3938679245283019, "VL_hits10": 0.3755868544600939}