{"TR_hits1": 0.7317822651448639, "VL_hits1": 0.7423178226514486, "TR_hits10": 0.6333333333333333, "VL_hits10": 0.6877192982456141}