{"TR_hits1": 0.7813021702838063, "VL_hits1": 0.8163606010016694, "TR_hits10": 0.5, "VL_hits10": 0.8}