{"TR_hits1": 0.26997366110623355, "VL_hits1": 0.315188762071993, "TR_hits10": 0.26842105263157895, "VL_hits10": 0.3192982456140351}