{"TR_hits1": 0.5511921458625526, "VL_hits1": 0.6199158485273493, "TR_hits10": 0.5027932960893855, "VL_hits10": 0.5977653631284916}