{"TR_hits1": 0.8163606010016694, "VL_hits1": 0.8363939899833055, "TR_hits10": 0.48, "VL_hits10": 0.7333333333333333}