{"TR_hits1": 0.8537735849056604, "VL_hits1": 0.8742138364779874, "TR_hits10": 0.625, "VL_hits10": 0.8875}