{"TR_hits1": 0.5329593267882188, "VL_hits1": 0.5343618513323983, "TR_hits10": 0.43575418994413406, "VL_hits10": 0.45251396648044695}