{"TR_hits1": 0.30671296296296297, "VL_hits1": 0.25462962962962965, "TR_hits10": 0.33217592592592593, "VL_hits10": 0.3055555555555556}