{"TR_hits1": 0.8541374474053296, "VL_hits1": 0.8863955119214586, "TR_hits10": 0.6368715083798883, "VL_hits10": 0.888268156424581}