{"TR_hits1": 0.02199074074074074, "VL_hits1": 0.013888888888888888, "TR_hits10": 0.03356481481481482, "VL_hits10": 0.032407407407407406}