{"TR_hits1": 0.5125208681135225, "VL_hits1": 0.5191986644407346, "TR_hits10": 0.32666666666666666, "VL_hits10": 0.37333333333333335}