{"TR_hits1": 0.14648910411622276, "VL_hits1": 0.18357487922705315, "TR_hits10": 0.1937046004842615, "VL_hits10": 0.21256038647342995}