{"TR_hits1": 0.41854636591478694, "VL_hits1": 0.34, "TR_hits10": 0.4298245614035088, "VL_hits10": 0.405}