{"TR_hits1": 0.8578578578578578, "TS_hits1": 0.581300072833212, "TR_hits10": 0.9229229229229229, "TS_hits10": 0.672523670793882}