{"TR_hits1": 0.9509803921568627, "VL_hits1": 0.9551820728291317, "TR_hits10": 0.7094972067039106, "VL_hits10": 0.9273743016759777}