{"TR_hits1": 0.02631578947368421, "VL_hits1": 0.03, "TR_hits10": 0.05513784461152882, "VL_hits10": 0.07}