{"TR_hits1": 0.555672268907563, "VL_hits1": 0.5546218487394958, "TR_hits10": 0.6029411764705882, "VL_hits10": 0.6386554621848739}