{"TR_hits1": 0.5561797752808989, "VL_hits1": 0.5730337078651685, "TR_hits10": 0.6390449438202247, "VL_hits10": 0.6460674157303371}