{"TR_hits1": 0.1669449081803005, "VL_hits1": 0.2020033388981636, "TR_hits10": 0.15333333333333332, "VL_hits10": 0.17333333333333334}