{"TR_hits1": 0.46307884856070086, "VL_hits1": 0.485, "TR_hits10": 0.5006257822277848, "VL_hits10": 0.53}