{"TR_hits1": 0.8836698858647937, "VL_hits1": 0.9424934152765584, "TR_hits10": 0.7912280701754386, "VL_hits10": 0.9210526315789473}