{"TR_hits1": 0.38937664618086043, "VL_hits1": 0.47146619841966636, "TR_hits10": 0.39473684210526316, "VL_hits10": 0.47368421052631576}