{"TR_hits1": 0.5110062893081762, "VL_hits1": 0.5625, "TR_hits10": 0.5471698113207547, "VL_hits10": 0.59375}