{"TR_hits1": 0.5208655332302936, "VL_hits1": 0.4382716049382716, "TR_hits10": 0.5857805255023184, "VL_hits10": 0.5246913580246914}