{"TR_hits1": 0.6215277777777778, "VL_hits1": 0.5138888888888888, "TR_hits10": 0.6631944444444444, "VL_hits10": 0.6018518518518519}