{"TR_hits1": 0.7612687813021702, "VL_hits1": 0.7946577629382304, "TR_hits10": 0.44666666666666666, "VL_hits10": 0.7533333333333333}