{"TR_hits1": 0.8318318318318318, "TS_hits1": 0.3209213401310998, "TR_hits10": 0.9329329329329329, "TS_hits10": 0.6225418790968682}