{"TR_hits1": 0.25548726953467954, "VL_hits1": 0.29455662862159787, "TR_hits10": 0.22105263157894736, "VL_hits10": 0.26666666666666666}