{"TR_hits1": 0.5484861781483107, "VL_hits1": 0.5537516454585344, "TR_hits10": 0.5157894736842106, "VL_hits10": 0.5263157894736842}