{"TR_hits1": 0.9439775910364145, "VL_hits1": 0.9495798319327731, "TR_hits10": 0.8212290502793296, "VL_hits10": 0.9553072625698324}