{"TR_hits1": 0.5250219490781387, "VL_hits1": 0.5763827919227392, "TR_hits10": 0.5, "VL_hits10": 0.5736842105263158}