{"TR_hits1": 0.853225806451613, "VL_hits1": 0.8661290322580645, "TR_hits10": 0.632258064516129, "VL_hits10": 0.7935483870967742}