{"TR_hits1": 0.6277436347673397, "VL_hits1": 0.630377524143986, "TR_hits10": 0.5754385964912281, "VL_hits10": 0.5912280701754385}