{"TR_hits1": 0.9467040673211781, "VL_hits1": 0.9537166900420757, "TR_hits10": 0.7150837988826816, "VL_hits10": 0.9217877094972067}