{"TR_hits1": 0.4618055555555556, "VL_hits1": 0.48148148148148145, "TR_hits10": 0.5081018518518519, "VL_hits10": 0.5509259259259259}