{"TR_hits1": 0.9560301507537688, "TS_hits1": 0.9912060301507538, "TR_hits10": 0.644747863963813, "TS_hits10": 0.8831462556542135}