{"TR_hits1": 0.8304020100502513, "TS_hits1": 0.3018931144245267, "TR_hits10": 0.9183417085427136, "TS_hits10": 0.62899983246775}