{"TR_hits1": 0.9888888888888889, "TS_hits1": 0.9950617283950617, "TR_hits10": 0.6477609483042476, "TS_hits10": 0.8665623971024037}