{"TR_hits1": 0.48271604938271606, "TS_hits1": 0.26440566348370104, "TR_hits10": 0.725925925925926, "TS_hits10": 0.5634672374053342}