{"TR_hits1": 0.6556603773584906, "VL_hits1": 0.37089201877934275, "TR_hits10": 0.7275943396226415, "VL_hits10": 0.6948356807511737}