{"TR_hits1": 0.9208087615838247, "TS_hits1": 0.6262448291711353, "TR_hits10": 0.9511373209772536, "TS_hits10": 0.7203156120729278}