{"TR_hits1": 0.8358024691358025, "TS_hits1": 0.3289430358906816, "TR_hits10": 0.9074074074074074, "TS_hits10": 0.6168916694106026}