{"TR_hits1": 0.9641975308641976, "TS_hits1": 0.9876543209876543, "TR_hits10": 0.6536878498518275, "TS_hits10": 0.8795686532762594}