{"TR_hits1": 0.22152690863579474, "VL_hits1": 0.235, "TR_hits10": 0.25156445556946183, "VL_hits10": 0.265}