{"TR_hits1": 0.35300925925925924, "VL_hits1": 0.2962962962962963, "TR_hits10": 0.36921296296296297, "VL_hits10": 0.375}