{"TR_hits1": 0.7991573033707865, "VL_hits1": 0.9044943820224719, "TR_hits10": 0.7303370786516854, "VL_hits10": 0.8932584269662921}