{"TR_hits1": 0.8298319327731093, "VL_hits1": 0.7016806722689075, "TR_hits10": 0.8634453781512605, "VL_hits10": 0.907563025210084}