{"TR_hits1": 0.7936786654960492, "VL_hits1": 0.7976294995610185, "TR_hits10": 0.6842105263157895, "VL_hits10": 0.7280701754385965}