{"TR_hits1": 0.45036319612590797, "VL_hits1": 0.4830917874396135, "TR_hits10": 0.5036319612590799, "VL_hits10": 0.5362318840579711}