{"TR_hits1": 0.5453586497890295, "VL_hits1": 0.5252100840336135, "TR_hits10": 0.560126582278481, "VL_hits10": 0.5462184873949579}