{"TR_hits1": 0.49876543209876545, "TS_hits1": 0.44690484030293054, "TR_hits10": 0.5641975308641975, "TS_hits10": 0.5566348370102074}