{"TR_hits1": 0.8191823899371069, "VL_hits1": 0.8789308176100629, "TR_hits10": 0.625, "VL_hits10": 0.89375}