{"TR_hits1": 0.3329831932773109, "VL_hits1": 0.25630252100840334, "TR_hits10": 0.3434873949579832, "VL_hits10": 0.3025210084033613}