{"TR_hits1": 0.39398998330550916, "VL_hits1": 0.4090150250417362, "TR_hits10": 0.3333333333333333, "VL_hits10": 0.37333333333333335}