{"TR_hits1": 0.4142167617376042, "VL_hits1": 0.5024133391838526, "TR_hits10": 0.39824561403508774, "VL_hits10": 0.4807017543859649}