{"TR_hits1": 0.6199158485273493, "VL_hits1": 0.6633941093969145, "TR_hits10": 0.664804469273743, "VL_hits10": 0.7039106145251397}