{"TR_hits1": 0.5890603085553997, "VL_hits1": 0.6033519553072626, "TR_hits10": 0.6802244039270687, "VL_hits10": 0.6815642458100558}