{"TR_hits1": 0.4858490566037736, "VL_hits1": 0.4131455399061033, "TR_hits10": 0.5330188679245284, "VL_hits10": 0.4694835680751174}