{"TR_hits1": 0.2723449001051525, "VL_hits1": 0.3025210084033613, "TR_hits10": 0.288117770767613, "VL_hits10": 0.3403361344537815}