{"TR_hits1": 0.5210711150131695, "VL_hits1": 0.6071115013169447, "TR_hits10": 0.5350877192982456, "VL_hits10": 0.6052631578947368}