{"TR_hits1": 0.4991652754590985, "VL_hits1": 0.5208681135225376, "TR_hits10": 0.32666666666666666, "VL_hits10": 0.3933333333333333}