{"TR_hits1": 0.5640756302521008, "VL_hits1": 0.5546218487394958, "TR_hits10": 0.5766806722689075, "VL_hits10": 0.5798319327731093}