{"TR_hits1": 0.9376646180860404, "VL_hits1": 0.9512730465320457, "TR_hits10": 0.7684210526315789, "VL_hits10": 0.9210526315789473}