{"TR_hits1": 0.16151685393258428, "VL_hits1": 0.06741573033707865, "TR_hits10": 0.175561797752809, "VL_hits10": 0.11797752808988764}