{"TR_hits1": 0.9129213483146067, "VL_hits1": 0.9269662921348315, "TR_hits10": 0.7584269662921348, "VL_hits10": 0.9101123595505618}