{"TR_hits1": 0.7021604938271605, "VL_hits1": 0.7391975308641975, "TR_hits10": 0.5246913580246914, "VL_hits10": 0.7160493827160493}