{"TR_hits1": 0.8954501452081317, "TS_hits1": 0.32934131736526945, "TR_hits10": 0.9535333978702807, "TS_hits10": 0.5982740401549842}