{"TR_hits1": 0.8347245409015025, "VL_hits1": 0.8380634390651085, "TR_hits10": 0.5066666666666667, "VL_hits10": 0.8066666666666666}