{"TR_hits1": 0.7809482001755926, "VL_hits1": 0.7844600526777875, "TR_hits10": 0.6789473684210526, "VL_hits10": 0.724561403508772}