{"TR_hits1": 0.8213689482470785, "VL_hits1": 0.8380634390651085, "TR_hits10": 0.54, "VL_hits10": 0.7933333333333333}