{"TR_hits1": 0.5188762071992976, "VL_hits1": 0.5891132572431957, "TR_hits10": 0.531578947368421, "VL_hits10": 0.6}