{"TR_hits1": 0.5226554267650158, "VL_hits1": 0.5630252100840336, "TR_hits10": 0.5574288724973656, "VL_hits10": 0.6134453781512605}