{"TR_hits1": 0.7205882352941176, "VL_hits1": 0.6386554621848739, "TR_hits10": 0.7363445378151261, "VL_hits10": 0.6932773109243697}