{"TR_hits1": 0.7808716707021792, "VL_hits1": 0.4927536231884058, "TR_hits10": 0.8317191283292978, "VL_hits10": 0.7922705314009661}