{"TR_hits1": 0.9565826330532213, "VL_hits1": 0.9635854341736695, "TR_hits10": 0.7430167597765364, "VL_hits10": 0.9106145251396648}