{"TR_hits1": 0.19393939393939394, "VL_hits1": 0.21256038647342995, "TR_hits10": 0.25696969696969696, "VL_hits10": 0.30917874396135264}