{"TR_hits1": 0.8045234248788369, "VL_hits1": 0.8109854604200323, "TR_hits10": 0.432258064516129, "VL_hits10": 0.7354838709677419}