{"TR_hits1": 0.48705572619569987, "VL_hits1": 0.5362000877577885, "TR_hits10": 0.44912280701754387, "VL_hits10": 0.5070175438596491}