{"TR_hits1": 0.48739495798319327, "VL_hits1": 0.4117647058823529, "TR_hits10": 0.5084033613445378, "VL_hits10": 0.5042016806722689}