{"TR_hits1": 0.5827186512118019, "VL_hits1": 0.6260504201680672, "TR_hits10": 0.6080084299262382, "VL_hits10": 0.6638655462184874}