{"TR_hits1": 0.8778778778778779, "TS_hits1": 0.491442097596504, "TR_hits10": 0.934934934934935, "TS_hits10": 0.5987800436999272}