{"TR_hits1": 0.8239683933274803, "VL_hits1": 0.8261633011413521, "TR_hits10": 0.7473684210526316, "VL_hits10": 0.7964912280701755}