{"TR_hits1": 0.5868465430016864, "TS_hits1": 0.49666794331673686, "TR_hits10": 0.6053962900505903, "TS_hits10": 0.5802374569130602}