{"TR_hits1": 0.7870939420544337, "VL_hits1": 0.7897278314310799, "TR_hits10": 0.6771929824561403, "VL_hits10": 0.7087719298245614}