{"TR_hits1": 0.8664440734557596, "VL_hits1": 0.8881469115191987, "TR_hits10": 0.66, "VL_hits10": 0.8666666666666667}