{"TR_hits1": 0.4228395061728395, "VL_hits1": 0.3148148148148148, "TR_hits10": 0.5385802469135802, "VL_hits10": 0.42592592592592593}