{"TR_hits1": 0.9216512215669755, "TS_hits1": 0.6772636739696645, "TR_hits10": 0.9469250210614996, "TS_hits10": 0.7506511414125938}