{"TR_hits1": 0.7415185783521809, "VL_hits1": 0.7883683360258481, "TR_hits10": 0.41935483870967744, "VL_hits10": 0.6903225806451613}