{"TR_hits1": 0.4430538172715895, "VL_hits1": 0.41, "TR_hits10": 0.509386733416771, "VL_hits10": 0.5}