{"TR_hits1": 0.9367977528089888, "VL_hits1": 0.9550561797752809, "TR_hits10": 0.7528089887640449, "VL_hits10": 0.9157303370786517}