{"TR_hits1": 0.3479349186483104, "VL_hits1": 0.35, "TR_hits10": 0.3717146433041302, "VL_hits10": 0.38}