{"TR_hits1": 0.9131886477462438, "VL_hits1": 0.9181969949916527, "TR_hits10": 0.5533333333333333, "VL_hits10": 0.8933333333333333}