{"TR_hits1": 0.6975308641975309, "VL_hits1": 0.7577160493827161, "TR_hits10": 0.5123456790123457, "VL_hits10": 0.8024691358024691}