{"TR_hits1": 0.8138718173836699, "VL_hits1": 0.8165057067603161, "TR_hits10": 0.7280701754385965, "VL_hits10": 0.7684210526315789}