{"TR_hits1": 0.9193548387096774, "VL_hits1": 0.932258064516129, "TR_hits10": 0.567741935483871, "VL_hits10": 0.9096774193548387}