{"avg_TR_hits1": 0.5981773336995835, "std_TR_hits1": 0.2634445552233234, "avg_TS_hits1": 0.25370342754341035, "std_TS_hits1": 0.09105862468813512, "avg_TR_hits10": 0.733071807901845, "std_TR_hits10": 0.23554856954437078, "avg_TS_hits10": 0.523025879335806, "std_TS_hits10": 0.13187251644819536}