{"avg_TR_hits1": 0.948903538891178, "std_TR_hits1": 0.032962765989485034, "avg_TS_hits1": 0.9722084878450763, "std_TS_hits1": 0.03486101972976503, "avg_TR_hits10": 0.635612631436201, "std_TR_hits10": 0.010678331021071479, "avg_TS_hits10": 0.8663992287360597, "std_TS_hits10": 0.007749637949077879}