{"TR_hits1": 0.19791666666666666, "VL_hits1": 0.09722222222222222, "TR_hits10": 0.22453703703703703, "VL_hits10": 0.1574074074074074}