{"TR_hits1": 0.5158033362598771, "VL_hits1": 0.5856014047410009, "TR_hits10": 0.49122807017543857, "VL_hits10": 0.5543859649122806}