{"TR_hits1": 0.9486391571553995, "VL_hits1": 0.9596136962247586, "TR_hits10": 0.8157894736842105, "VL_hits10": 0.9403508771929825}