{"TR_hits1": 0.9495171202809481, "VL_hits1": 0.9596136962247586, "TR_hits10": 0.8210526315789474, "VL_hits10": 0.9456140350877194}