{"TR_hits1": 0.8873456790123457, "VL_hits1": 0.9012345679012346, "TR_hits10": 0.6049382716049383, "VL_hits10": 0.8209876543209876}