{"TR_hits1": 0.9235294117647059, "TS_hits1": 0.6868648276916024, "TR_hits10": 0.9394957983193277, "TS_hits10": 0.901505310613586}