{"TR_hits1": 0.9165275459098498, "VL_hits1": 0.9282136894824707, "TR_hits10": 0.5666666666666667, "VL_hits10": 0.88}