{"TR_hits1": 0.8385256691531373, "VL_hits1": 0.8516893374286968, "TR_hits10": 0.7596491228070176, "VL_hits10": 0.8017543859649123}