{"TR_hits1": 0.9241573033707865, "VL_hits1": 0.9339887640449438, "TR_hits10": 0.7303370786516854, "VL_hits10": 0.949438202247191}