{"TR_hits1": 0.8862679022746419, "TS_hits1": 0.6244829171135284, "TR_hits10": 0.9309182813816343, "TS_hits10": 0.7230733874674429}