{"TR_hits1": 0.6817129629629629, "VL_hits1": 0.4351851851851852, "TR_hits10": 0.7303240740740741, "VL_hits10": 0.7129629629629629}