{"TR_hits1": 0.871434839842036, "VL_hits1": 0.8736287845546292, "TR_hits10": 0.7614035087719299, "VL_hits10": 0.8}