{"TR_hits1": 0.8516242317822651, "VL_hits1": 0.8551360842844601, "TR_hits10": 0.7526315789473684, "VL_hits10": 0.8}