{"TR_hits1": 0.5918653576437588, "VL_hits1": 0.5946704067321178, "TR_hits10": 0.5083798882681564, "VL_hits10": 0.5586592178770949}