{"TR_hits1": 0.3634453781512605, "VL_hits1": 0.3907563025210084, "TR_hits10": 0.3918067226890756, "VL_hits10": 0.40336134453781514}