{"TR_hits1": 0.5812115891132572, "VL_hits1": 0.5899912203687445, "TR_hits10": 0.5666666666666667, "VL_hits10": 0.5877192982456141}