{"TR_hits1": 0.4779874213836478, "VL_hits1": 0.5375, "TR_hits10": 0.5723270440251572, "VL_hits10": 0.63125}