{"TR_hits1": 0.47738693467336685, "TS_hits1": 0.2481152621879712, "TR_hits10": 0.7361809045226131, "TS_hits10": 0.5810856089797286}