{"TR_hits1": 0.9824120603015075, "TS_hits1": 0.9962311557788944, "TR_hits10": 0.6484335734628917, "TS_hits10": 0.8854079410286481}