{"TR_hits1": 0.43429286608260326, "VL_hits1": 0.36, "TR_hits10": 0.44430538172715894, "VL_hits10": 0.43}