{"TR_hits1": 0.568920105355575, "VL_hits1": 0.5803336259877085, "TR_hits10": 0.5456140350877193, "VL_hits10": 0.5649122807017544}