{"TR_hits1": 0.9165935030728709, "VL_hits1": 0.9438103599648815, "TR_hits10": 0.8017543859649123, "VL_hits10": 0.9350877192982456}