{"TR_hits1": 0.9530495831505046, "VL_hits1": 0.9644580956559895, "TR_hits10": 0.8280701754385965, "VL_hits10": 0.9526315789473684}