{"TR_hits1": 0.9381035996488147, "VL_hits1": 0.9556628621597892, "TR_hits10": 0.8, "VL_hits10": 0.9385964912280702}