{"TR_hits1": 0.5483870967741935, "VL_hits1": 0.6199158485273493, "TR_hits10": 0.4972067039106145, "VL_hits10": 0.5865921787709497}