{"TR_hits1": 0.8935185185185185, "VL_hits1": 0.9228395061728395, "TR_hits10": 0.5740740740740741, "VL_hits10": 0.8148148148148148}