{"TR_hits1": 0.8946629213483146, "VL_hits1": 0.9297752808988764, "TR_hits10": 0.7078651685393258, "VL_hits10": 0.9044943820224719}