{"TR_hits1": 0.9390215355805243, "TS_hits1": 0.9619616104868914, "TR_hits10": 0.7653529945288042, "TS_hits10": 0.8202404985517423}