{"TR_hits1": 0.9480337078651685, "VL_hits1": 0.9620786516853933, "TR_hits10": 0.7584269662921348, "VL_hits10": 0.9269662921348315}