{"TR_hits1": 0.6989907854322072, "VL_hits1": 0.7025010969723563, "TR_hits10": 0.6263157894736842, "VL_hits10": 0.6333333333333333}