{"TR_hits1": 0.4357262103505843, "VL_hits1": 0.4533333333333333, "TR_hits10": 0.5141903171953256, "VL_hits10": 0.5}