{"TR_hits1": 0.24540901502504173, "VL_hits1": 0.27212020033388984, "TR_hits10": 0.21333333333333335, "VL_hits10": 0.25333333333333335}