{"TR_hits1": 0.9188240456340501, "VL_hits1": 0.9591926283457657, "TR_hits10": 0.8175438596491228, "VL_hits10": 0.9614035087719298}