{"TR_hits1": 0.9197530864197531, "VL_hits1": 0.9305555555555556, "TR_hits10": 0.5802469135802469, "VL_hits10": 0.8209876543209876}