{"TR_hits1": 0.9416410706450198, "VL_hits1": 0.9670908293111014, "TR_hits10": 0.8228070175438597, "VL_hits10": 0.9596491228070175}