{"TR_hits1": 0.9482001755926251, "VL_hits1": 0.9626865671641791, "TR_hits10": 0.8052631578947368, "VL_hits10": 0.9368421052631579}