{"TR_hits1": 0.7534006143045195, "VL_hits1": 0.7586660816147434, "TR_hits10": 0.6719298245614035, "VL_hits10": 0.6859649122807018}