{"TR_hits1": 0.7418788410886743, "VL_hits1": 0.746268656716418, "TR_hits10": 0.6859649122807018, "VL_hits10": 0.724561403508772}