{"TR_hits1": 0.8225806451612904, "VL_hits1": 0.8612903225806452, "TR_hits10": 0.4774193548387097, "VL_hits10": 0.8193548387096774}