{"TR_hits1": 0.4882075471698113, "VL_hits1": 0.431924882629108, "TR_hits10": 0.5200471698113207, "VL_hits10": 0.48826291079812206}