{"TR_hits1": 0.3007075471698113, "VL_hits1": 0.2676056338028169, "TR_hits10": 0.31839622641509435, "VL_hits10": 0.30985915492957744}