{"TR_hits1": 0.0015723270440251573, "VL_hits1": 0.0110062893081761, "TR_hits10": 0.00625, "VL_hits10": 0.03125}