{"TR_hits1": 0.9385425812115891, "VL_hits1": 0.9424934152765584, "TR_hits10": 0.7596491228070176, "VL_hits10": 0.9175438596491228}