{"TR_hits1": 0.9643024344569288, "TS_hits1": 0.9826779026217229, "TR_hits10": 0.8495274876386084, "TS_hits10": 0.9624623306708798}