{"TR_hits1": 0.8174474959612278, "VL_hits1": 0.8287560581583199, "TR_hits10": 0.47096774193548385, "VL_hits10": 0.7483870967741936}