{"TR_hits1": 0.6783677051338306, "VL_hits1": 0.7042562527424309, "TR_hits10": 0.5719298245614035, "VL_hits10": 0.624561403508772}