{"TR_hits1": 0.8147497805092186, "VL_hits1": 0.8165057067603161, "TR_hits10": 0.724561403508772, "VL_hits10": 0.7631578947368421}