{"TR_hits1": 0.6281826163301142, "VL_hits1": 0.6549604916593503, "TR_hits10": 0.5578947368421052, "VL_hits10": 0.6017543859649123}