{"TR_hits1": 0.5918653576437588, "VL_hits1": 0.5988779803646563, "TR_hits10": 0.48044692737430167, "VL_hits10": 0.5139664804469274}