{"TR_hits1": 0.89937106918239, "VL_hits1": 0.9025157232704403, "TR_hits10": 0.525, "VL_hits10": 0.78125}