{"TR_hits1": 0.5046296296296297, "VL_hits1": 0.4722222222222222, "TR_hits10": 0.5717592592592593, "VL_hits10": 0.5879629629629629}