{"TR_hits1": 0.5853444493198772, "VL_hits1": 0.6669591926283458, "TR_hits10": 0.5894736842105263, "VL_hits10": 0.6824561403508772}