{"TR_hits1": 0.940737489025461, "VL_hits1": 0.95171202809482, "TR_hits10": 0.7771929824561403, "VL_hits10": 0.9280701754385965}