{"TR_hits1": 0.7901234567901234, "VL_hits1": 0.7962962962962963, "TR_hits10": 0.5432098765432098, "VL_hits10": 0.7716049382716049}