{"TR_hits1": 0.7820823244552058, "VL_hits1": 0.5362318840579711, "TR_hits10": 0.8292978208232445, "VL_hits10": 0.7971014492753623}