{"TR_hits1": 0.6465638148667602, "VL_hits1": 0.6746143057503506, "TR_hits10": 0.5251396648044693, "VL_hits10": 0.5754189944134078}