{"TR_hits1": 0.6933667083854819, "VL_hits1": 0.44, "TR_hits10": 0.7446808510638298, "VL_hits10": 0.77}