{"TR_hits1": 0.23148148148148148, "VL_hits1": 0.14814814814814814, "TR_hits10": 0.2511574074074074, "VL_hits10": 0.19907407407407407}