{"TR_hits1": 0.5988779803646563, "VL_hits1": 0.605890603085554, "TR_hits10": 0.39664804469273746, "VL_hits10": 0.48044692737430167}