{"TR_hits1": 0.5091164095371669, "VL_hits1": 0.4972067039106145, "TR_hits10": 0.6086956521739131, "VL_hits10": 0.553072625698324}