{"TR_hits1": 0.2678787878787879, "VL_hits1": 0.20772946859903382, "TR_hits10": 0.296969696969697, "VL_hits10": 0.2318840579710145}