{"TR_hits1": 0.5185185185185185, "VL_hits1": 0.4398148148148148, "TR_hits10": 0.5659722222222222, "VL_hits10": 0.5324074074074074}