{"TR_hits1": 0.3934624697336562, "VL_hits1": 0.3961352657004831, "TR_hits10": 0.4346246973365617, "VL_hits10": 0.4396135265700483}