{"TR_hits1": 0.23934837092731828, "VL_hits1": 0.14, "TR_hits10": 0.2581453634085213, "VL_hits10": 0.22}