{"TR_hits1": 0.9508426966292135, "VL_hits1": 0.9634831460674157, "TR_hits10": 0.6759776536312849, "VL_hits10": 0.9162011173184358}