{"TR_hits1": 0.6997366110623354, "VL_hits1": 0.7115891132572432, "TR_hits10": 0.6157894736842106, "VL_hits10": 0.6596491228070176}