{"TR_hits1": 0.7604212373848179, "VL_hits1": 0.7749012724879333, "TR_hits10": 0.7140350877192982, "VL_hits10": 0.7421052631578947}