{"TR_hits1": 0.7819063004846527, "VL_hits1": 0.7867528271405493, "TR_hits10": 0.38064516129032255, "VL_hits10": 0.6387096774193548}