{"TR_hits1": 0.7980684811237928, "VL_hits1": 0.8081650570676031, "TR_hits10": 0.7491228070175439, "VL_hits10": 0.7964912280701755}