{"TR_hits1": 0.4173669467787115, "VL_hits1": 0.42436974789915966, "TR_hits10": 0.441340782122905, "VL_hits10": 0.4581005586592179}