{"TR_hits1": 0.4290484140233723, "VL_hits1": 0.5575959933222037, "TR_hits10": 0.4533333333333333, "VL_hits10": 0.54}