{"TR_hits1": 0.6703248463564531, "VL_hits1": 0.6839332748024582, "TR_hits10": 0.5649122807017544, "VL_hits10": 0.643859649122807}