{"TR_hits1": 0.3987341772151899, "VL_hits1": 0.40336134453781514, "TR_hits10": 0.41561181434599154, "VL_hits10": 0.4369747899159664}