{"TR_hits1": 0.9332748024582967, "VL_hits1": 0.9486391571553995, "TR_hits10": 0.7947368421052632, "VL_hits10": 0.9473684210526315}