{"TR_hits1": 0.8447412353923205, "VL_hits1": 0.8497495826377296, "TR_hits10": 0.5933333333333334, "VL_hits10": 0.8266666666666667}