{"TR_hits1": 0.7647058823529411, "VL_hits1": 0.7661064425770309, "TR_hits10": 0.6312849162011173, "VL_hits10": 0.6815642458100558}