{"TR_hits1": 0.24074074074074073, "VL_hits1": 0.1712962962962963, "TR_hits10": 0.2650462962962963, "VL_hits10": 0.22685185185185186}