{"TR_hits1": 0.7857857857857858, "TS_hits1": 0.5742898761835397, "TR_hits10": 0.8768768768768769, "TS_hits10": 0.6680626365622724}