{"TR_hits1": 0.9337137840210711, "VL_hits1": 0.9473222124670764, "TR_hits10": 0.7807017543859649, "VL_hits10": 0.9245614035087719}