{"TR_hits1": 0.9621848739495799, "VL_hits1": 0.9649859943977591, "TR_hits10": 0.8324022346368715, "VL_hits10": 0.9608938547486033}