{"TR_hits1": 0.2818396226415094, "VL_hits1": 0.18309859154929578, "TR_hits10": 0.30542452830188677, "VL_hits10": 0.2347417840375587}