{"TR_hits1": 0.9556628621597892, "VL_hits1": 0.9569798068481123, "TR_hits10": 0.7912280701754386, "VL_hits10": 0.9298245614035088}