{"TR_hits1": 0.6213183730715287, "VL_hits1": 0.6661991584852734, "TR_hits10": 0.5865921787709497, "VL_hits10": 0.6312849162011173}