{"TR_hits1": 0.5077138849929874, "VL_hits1": 0.5083798882681564, "TR_hits10": 0.5932678821879382, "VL_hits10": 0.6033519553072626}