{"TR_hits1": 0.4058885383806519, "VL_hits1": 0.3277310924369748, "TR_hits10": 0.4174553101997897, "VL_hits10": 0.3739495798319328}