{"TR_hits1": 0.6900790166812993, "VL_hits1": 0.7133450395083406, "TR_hits10": 0.6228070175438597, "VL_hits10": 0.6947368421052632}