{"TR_hits1": 0.37576821773485514, "VL_hits1": 0.45302897278314314, "TR_hits10": 0.37894736842105264, "VL_hits10": 0.45087719298245615}