{"TR_hits1": 0.9564606741573034, "VL_hits1": 0.9676966292134831, "TR_hits10": 0.8089887640449438, "VL_hits10": 0.9438202247191011}