{"TR_hits1": 0.9285714285714286, "TS_hits1": 0.6847252999159471, "TR_hits10": 0.9630252100840336, "TS_hits10": 0.7648811797967449}