{"TR_hits1": 0.8145161290322581, "VL_hits1": 0.8483870967741935, "TR_hits10": 0.4645161290322581, "VL_hits10": 0.832258064516129}