{"TR_hits1": 0.7560581583198708, "VL_hits1": 0.7641357027463651, "TR_hits10": 0.36774193548387096, "VL_hits10": 0.6838709677419355}