{"TR_hits1": 0.5475792988313857, "VL_hits1": 0.5959933222036727, "TR_hits10": 0.5133333333333333, "VL_hits10": 0.5733333333333334}