{"TR_hits1": 0.2718651211801897, "VL_hits1": 0.3025210084033613, "TR_hits10": 0.34351949420442573, "VL_hits10": 0.3739495798319328}