{"TR_hits1": 0.6119402985074627, "VL_hits1": 0.6119402985074627, "TR_hits10": 0.5631578947368421, "VL_hits10": 0.5789473684210527}