{"TR_hits1": 0.25041736227045075, "VL_hits1": 0.2671118530884808, "TR_hits10": 0.17333333333333334, "VL_hits10": 0.2}