{"TR_hits1": 0.7048319327731093, "VL_hits1": 0.6764705882352942, "TR_hits10": 0.717436974789916, "VL_hits10": 0.6932773109243697}