{"TR_hits1": 0.7589991220368745, "VL_hits1": 0.7708516242317822, "TR_hits10": 0.6877192982456141, "VL_hits10": 0.7421052631578947}