{"TR_hits1": 0.43985849056603776, "VL_hits1": 0.38028169014084506, "TR_hits10": 0.44693396226415094, "VL_hits10": 0.38967136150234744}