{"TR_hits1": 0.5684811237928007, "VL_hits1": 0.5750658472344161, "TR_hits10": 0.5824561403508772, "VL_hits10": 0.5894736842105263}