{"TR_hits1": 0.40392706872370265, "VL_hits1": 0.40953716690042075, "TR_hits10": 0.3687150837988827, "VL_hits10": 0.3743016759776536}