{"TR_hits1": 0.946883230904302, "VL_hits1": 0.95171202809482, "TR_hits10": 0.8035087719298246, "VL_hits10": 0.9473684210526315}