{"TR_hits1": 0.8447412353923205, "VL_hits1": 0.8530884808013356, "TR_hits10": 0.5733333333333334, "VL_hits10": 0.7533333333333333}