{"TR_hits1": 0.82328190743338, "VL_hits1": 0.8807854137447405, "TR_hits10": 0.6871508379888268, "VL_hits10": 0.8938547486033519}