{"TR_hits1": 0.48990342405618964, "VL_hits1": 0.49648814749780507, "TR_hits10": 0.48596491228070177, "VL_hits10": 0.49473684210526314}