{"TR_hits1": 0.9313725490196079, "VL_hits1": 0.9565826330532213, "TR_hits10": 0.8212290502793296, "VL_hits10": 0.9664804469273743}