{"TR_hits1": 0.7592891760904685, "VL_hits1": 0.778675282714055, "TR_hits10": 0.41935483870967744, "VL_hits10": 0.7354838709677419}