{"TR_hits1": 0.7643703378674858, "VL_hits1": 0.7696358051777096, "TR_hits10": 0.6982456140350877, "VL_hits10": 0.7333333333333333}