{"TR_hits1": 0.2687813021702838, "VL_hits1": 0.32554257095158595, "TR_hits10": 0.21333333333333335, "VL_hits10": 0.22}