{"TR_hits1": 0.009269988412514484, "VL_hits1": 0.009259259259259259, "TR_hits10": 0.016222479721900347, "VL_hits10": 0.018518518518518517}