{"TR_hits1": 0.6805616498464239, "VL_hits1": 0.7011847301448003, "TR_hits10": 0.6192982456140351, "VL_hits10": 0.6526315789473685}