{"TR_hits1": 0.43042452830188677, "VL_hits1": 0.38028169014084506, "TR_hits10": 0.47287735849056606, "VL_hits10": 0.41784037558685444}