{"TR_hits1": 0.2604340567612688, "VL_hits1": 0.335559265442404, "TR_hits10": 0.28, "VL_hits10": 0.36}