{"TR_hits1": 0.34787735849056606, "VL_hits1": 0.3145539906103286, "TR_hits10": 0.37264150943396224, "VL_hits10": 0.38967136150234744}