{"TR_hits1": 0.8693361433087461, "VL_hits1": 0.6386554621848739, "TR_hits10": 0.9304531085353003, "VL_hits10": 0.8865546218487395}