{"TR_hits1": 0.7023705004389815, "VL_hits1": 0.7177348551360843, "TR_hits10": 0.5614035087719298, "VL_hits10": 0.6385964912280702}