{"TR_hits1": 0.5314769975786925, "VL_hits1": 0.4830917874396135, "TR_hits10": 0.5641646489104116, "VL_hits10": 0.5314009661835749}