{"TR_hits1": 0.21816037735849056, "VL_hits1": 0.1643192488262911, "TR_hits10": 0.22877358490566038, "VL_hits10": 0.20187793427230047}