{"TR_hits1": 0.6312554872695347, "VL_hits1": 0.6356453028972783, "TR_hits10": 0.5684210526315789, "VL_hits10": 0.5824561403508772}