{"TR_hits1": 0.0012531328320802004, "VL_hits1": 0.0, "TR_hits10": 0.005012531328320802, "VL_hits10": 0.005}