{"TR_hits1": 0.7818261633011413, "VL_hits1": 0.7932396839332748, "TR_hits10": 0.7210526315789474, "VL_hits10": 0.7614035087719299}