{"TR_hits1": 0.5343618513323983, "VL_hits1": 0.5343618513323983, "TR_hits10": 0.4301675977653631, "VL_hits10": 0.46368715083798884}