{"TR_hits1": 0.009433962264150943, "VL_hits1": 0.03773584905660377, "TR_hits10": 0.0, "VL_hits10": 0.03125}