{"TR_hits1": 0.6830294530154277, "VL_hits1": 0.6844319775596073, "TR_hits10": 0.5195530726256983, "VL_hits10": 0.553072625698324}