{"TR_hits1": 0.9016129032258065, "VL_hits1": 0.9129032258064517, "TR_hits10": 0.535483870967742, "VL_hits10": 0.8258064516129032}