{"TR_hits1": 0.160188457008245, "VL_hits1": 0.14553990610328638, "TR_hits10": 0.1955241460541814, "VL_hits10": 0.19718309859154928}