{"TR_hits1": 0.48214285714285715, "VL_hits1": 0.4411764705882353, "TR_hits10": 0.49054621848739494, "VL_hits10": 0.4831932773109244}