{"avg_TR_hits1": 0.6900945371511646, "std_TR_hits1": 0.1712196675489505, "avg_TS_hits1": 0.270154154051173, "std_TS_hits1": 0.0484007575411677, "avg_TR_hits10": 0.8031663822255933, "std_TR_hits10": 0.1454279563209435, "avg_TS_hits10": 0.5959276881541593, "std_TS_hits10": 0.04920019134573329}