{"avg_TR_hits1": 0.9549180651686103, "std_TR_hits1": 0.02531977218238937, "avg_TS_hits1": 0.9781602588413767, "std_TS_hits1": 0.028253465616831022, "avg_TR_hits10": 0.6484583379330213, "std_TR_hits10": 0.017331470868382548, "avg_TS_hits10": 0.883011410891106, "std_TS_hits10": 0.008340826193110584}