{"TR_hits1": 0.6986301369863014, "VL_hits1": 0.7016806722689075, "TR_hits10": 0.708113804004215, "VL_hits10": 0.7226890756302521}