{"TR_hits1": 0.23702830188679244, "VL_hits1": 0.23943661971830985, "TR_hits10": 0.2641509433962264, "VL_hits10": 0.29107981220657275}