{"TR_hits1": 0.5716292134831461, "VL_hits1": 0.5977653631284916, "TR_hits10": 0.6474719101123596, "VL_hits10": 0.6871508379888268}