{"TR_hits1": 0.824846356453029, "VL_hits1": 0.8314310798946444, "TR_hits10": 0.7614035087719299, "VL_hits10": 0.8}