{"TR_hits1": 0.9196663740122915, "VL_hits1": 0.9420544337137841, "TR_hits10": 0.7842105263157895, "VL_hits10": 0.9421052631578948}