{"TR_hits1": 0.9530289727831431, "VL_hits1": 0.9574187884108868, "TR_hits10": 0.7912280701754386, "VL_hits10": 0.9298245614035088}