{"TR_hits1": 0.3915094339622642, "VL_hits1": 0.37089201877934275, "TR_hits10": 0.3938679245283019, "VL_hits10": 0.38967136150234744}