{"TR_hits1": 0.48080133555926546, "VL_hits1": 0.5158597662771286, "TR_hits10": 0.41333333333333333, "VL_hits10": 0.48}