{"TR_hits1": 0.36894824707846413, "VL_hits1": 0.38898163606010017, "TR_hits10": 0.28, "VL_hits10": 0.36}