{"avg_TR_hits1": 0.6160703565291129, "std_TR_hits1": 0.19390207392956108, "avg_TS_hits1": 0.36733959735925964, "std_TS_hits1": 0.07989050692833459, "avg_TR_hits10": 0.7153357797338976, "std_TR_hits10": 0.22587937359100493, "avg_TS_hits10": 0.48762359183243814, "std_TS_hits10": 0.10038312547854994}