{"TR_hits1": 0.3989983305509182, "VL_hits1": 0.41736227045075125, "TR_hits10": 0.3333333333333333, "VL_hits10": 0.3466666666666667}