{"TR_hits1": 0.5121668597914253, "VL_hits1": 0.3194444444444444, "TR_hits10": 0.5191193511008111, "VL_hits10": 0.39814814814814814}