{"TR_hits1": 0.4044811320754717, "VL_hits1": 0.41784037558685444, "TR_hits10": 0.4386792452830189, "VL_hits10": 0.48826291079812206}