{"TR_hits1": 0.9460052677787533, "VL_hits1": 0.9508340649692713, "TR_hits10": 0.7719298245614035, "VL_hits10": 0.9228070175438596}