{"TR_hits1": 0.5252100840336135, "VL_hits1": 0.5378151260504201, "TR_hits10": 0.5441176470588235, "VL_hits10": 0.5840336134453782}