{"TR_hits1": 0.030864197530864196, "VL_hits1": 0.018518518518518517, "TR_hits10": 0.05555555555555555, "VL_hits10": 0.04938271604938271}