{"TR_hits1": 0.8287037037037037, "VL_hits1": 0.8734567901234568, "TR_hits10": 0.5617283950617284, "VL_hits10": 0.8148148148148148}