{"TR_hits1": 0.4084848484848485, "VL_hits1": 0.34782608695652173, "TR_hits10": 0.45454545454545453, "VL_hits10": 0.42028985507246375}