{"TR_hits1": 0.8584905660377359, "VL_hits1": 0.8726415094339622, "TR_hits10": 0.575, "VL_hits10": 0.86875}