{"TR_hits1": 0.23319327731092437, "VL_hits1": 0.27310924369747897, "TR_hits10": 0.30462184873949577, "VL_hits10": 0.33613445378151263}