{"TR_hits1": 0.4273789649415693, "VL_hits1": 0.4941569282136895, "TR_hits10": 0.41333333333333333, "VL_hits10": 0.4666666666666667}