{"TR_hits1": 0.47327044025157233, "VL_hits1": 0.5, "TR_hits10": 0.589622641509434, "VL_hits10": 0.5375}