{"TR_hits1": 0.1986644407345576, "VL_hits1": 0.2387312186978297, "TR_hits10": 0.2, "VL_hits10": 0.24}