{"TR_hits1": 0.7662771285475793, "VL_hits1": 0.8113522537562604, "TR_hits10": 0.48, "VL_hits10": 0.7666666666666667}