{"TR_hits1": 0.946883230904302, "VL_hits1": 0.9539069359086918, "TR_hits10": 0.7649122807017544, "VL_hits10": 0.9175438596491228}