{"TR_hits1": 0.9367977528089888, "VL_hits1": 0.9578651685393258, "TR_hits10": 0.7134831460674157, "VL_hits10": 0.9213483146067416}