{"TR_hits1": 0.49122036874451275, "VL_hits1": 0.5065847234416154, "TR_hits10": 0.4263157894736842, "VL_hits10": 0.4649122807017544}