{"TR_hits1": 0.38861985472154964, "VL_hits1": 0.42995169082125606, "TR_hits10": 0.47336561743341404, "VL_hits10": 0.4830917874396135}