{"TR_hits1": 0.44575471698113206, "VL_hits1": 0.45539906103286387, "TR_hits10": 0.5141509433962265, "VL_hits10": 0.49295774647887325}