{"TR_hits1": 0.16020025031289112, "VL_hits1": 0.17, "TR_hits10": 0.18397997496871088, "VL_hits10": 0.215}