{"TR_hits1": 0.004213483146067416, "VL_hits1": 0.009831460674157303, "TR_hits10": 0.0056179775280898875, "VL_hits10": 0.0056179775280898875}