{"TR_hits1": 0.6283309957924264, "VL_hits1": 0.6395511921458625, "TR_hits10": 0.5865921787709497, "VL_hits10": 0.6480446927374302}