{"TR_hits1": 0.5399515738498789, "VL_hits1": 0.45410628019323673, "TR_hits10": 0.5932203389830508, "VL_hits10": 0.5120772946859904}