{"TR_hits1": 0.4974958263772955, "VL_hits1": 0.5358931552587646, "TR_hits10": 0.38666666666666666, "VL_hits10": 0.4533333333333333}