{"TR_hits1": 0.44180225281602004, "VL_hits1": 0.495, "TR_hits10": 0.5056320400500626, "VL_hits10": 0.56}