{"TR_hits1": 0.6823751178133836, "TS_hits1": 0.5576972500642509, "TR_hits10": 0.7172478793590952, "TS_hits10": 0.6301721922384991}