{"TR_hits1": 0.18864774624373956, "VL_hits1": 0.21368948247078465, "TR_hits10": 0.14666666666666667, "VL_hits10": 0.18}