{"TR_hits1": 0.7568042142230026, "VL_hits1": 0.7660228270412642, "TR_hits10": 0.6456140350877193, "VL_hits10": 0.6964912280701754}