{"TR_hits1": 0.9257703081232493, "VL_hits1": 0.9397759103641457, "TR_hits10": 0.6927374301675978, "VL_hits10": 0.8994413407821229}