{"TR_hits1": 0.28258007898200965, "VL_hits1": 0.3137340939008337, "TR_hits10": 0.2543859649122807, "VL_hits10": 0.2894736842105263}