{"TR_hits1": 0.5392320534223706, "VL_hits1": 0.5492487479131887, "TR_hits10": 0.4533333333333333, "VL_hits10": 0.4866666666666667}