{"TR_hits1": 0.4273789649415693, "VL_hits1": 0.4607679465776294, "TR_hits10": 0.43333333333333335, "VL_hits10": 0.46}