{"TR_hits1": 0.5220588235294118, "VL_hits1": 0.5588235294117647, "TR_hits10": 0.5567226890756303, "VL_hits10": 0.6260504201680672}