{"TR_hits1": 0.536969696969697, "VL_hits1": 0.4106280193236715, "TR_hits10": 0.5612121212121212, "VL_hits10": 0.4975845410628019}