{"TR_hits1": 0.32037815126050423, "VL_hits1": 0.31092436974789917, "TR_hits10": 0.3592436974789916, "VL_hits10": 0.3739495798319328}