{"TR_hits1": 0.41509433962264153, "VL_hits1": 0.45941202281702503, "TR_hits10": 0.37894736842105264, "VL_hits10": 0.47543859649122805}