{"TR_hits1": 0.40079016681299384, "VL_hits1": 0.41395961369622475, "TR_hits10": 0.41754385964912283, "VL_hits10": 0.4263157894736842}