{"TR_hits1": 0.1957547169811321, "VL_hits1": 0.19718309859154928, "TR_hits10": 0.24764150943396226, "VL_hits10": 0.2347417840375587}