{"TR_hits1": 0.36967418546365916, "VL_hits1": 0.295, "TR_hits10": 0.39849624060150374, "VL_hits10": 0.32}