{"TR_hits1": 0.6755926251097454, "VL_hits1": 0.6874451273046532, "TR_hits10": 0.6, "VL_hits10": 0.6614035087719298}