{"TR_hits1": 0.7819063004846527, "VL_hits1": 0.7867528271405493, "TR_hits10": 0.4967741935483871, "VL_hits10": 0.7677419354838709}