{"TR_hits1": 0.7189014539579968, "VL_hits1": 0.7657512116316639, "TR_hits10": 0.4774193548387097, "VL_hits10": 0.7419354838709677}