{"TR_hits1": 0.9315188762071993, "VL_hits1": 0.9442493415276558, "TR_hits10": 0.7771929824561403, "VL_hits10": 0.9508771929824561}