{"TR_hits1": 0.8723747980613893, "VL_hits1": 0.8804523424878837, "TR_hits10": 0.5225806451612903, "VL_hits10": 0.7677419354838709}