{"TR_hits1": 0.6092436974789915, "VL_hits1": 0.6470588235294118, "TR_hits10": 0.547486033519553, "VL_hits10": 0.6312849162011173}