{"TR_hits1": 0.932258064516129, "VL_hits1": 0.9338709677419355, "TR_hits10": 0.5870967741935483, "VL_hits10": 0.8387096774193549}