{"TR_hits1": 0.8403225806451613, "VL_hits1": 0.8435483870967742, "TR_hits10": 0.5548387096774193, "VL_hits10": 0.7419354838709677}