{"TR_hits1": 0.7309136420525657, "VL_hits1": 0.435, "TR_hits10": 0.7672090112640801, "VL_hits10": 0.755}