{"TR_hits1": 0.24537037037037038, "VL_hits1": 0.2222222222222222, "TR_hits10": 0.2638888888888889, "VL_hits10": 0.25925925925925924}