{"TR_hits1": 0.539271610355419, "VL_hits1": 0.5476086002632734, "TR_hits10": 0.5631578947368421, "VL_hits10": 0.5666666666666667}