{"TR_hits1": 0.440324449594438, "VL_hits1": 0.3194444444444444, "TR_hits10": 0.44727694090382386, "VL_hits10": 0.3888888888888889}