{"TR_hits1": 0.4789915966386555, "VL_hits1": 0.4803921568627451, "TR_hits10": 0.4301675977653631, "VL_hits10": 0.4581005586592179}