{"TR_hits1": 0.6914446002805049, "VL_hits1": 0.7237026647966339, "TR_hits10": 0.6368715083798883, "VL_hits10": 0.6927374301675978}