{"TR_hits1": 0.6044880785413744, "VL_hits1": 0.6089385474860335, "TR_hits10": 0.7152875175315568, "VL_hits10": 0.6927374301675978}