{"TR_hits1": 0.2507002801120448, "VL_hits1": 0.31932773109243695, "TR_hits10": 0.25139664804469275, "VL_hits10": 0.30726256983240224}