{"TR_hits1": 0.29699248120300753, "VL_hits1": 0.21, "TR_hits10": 0.3057644110275689, "VL_hits10": 0.265}