{"TR_hits1": 0.4033018867924528, "VL_hits1": 0.38028169014084506, "TR_hits10": 0.46226415094339623, "VL_hits10": 0.4507042253521127}