{"TR_hits1": 0.3583959899749373, "VL_hits1": 0.31, "TR_hits10": 0.39473684210526316, "VL_hits10": 0.345}