{"TR_hits1": 0.6950416849495392, "VL_hits1": 0.7349714787187362, "TR_hits10": 0.6771929824561403, "VL_hits10": 0.7192982456140351}