{"TR_hits1": 0.6138657305835893, "VL_hits1": 0.6222027204914437, "TR_hits10": 0.6052631578947368, "VL_hits10": 0.612280701754386}