{"TR_hits1": 0.2687813021702838, "VL_hits1": 0.3105175292153589, "TR_hits10": 0.24666666666666667, "VL_hits10": 0.29333333333333333}