{"TR_hits1": 0.5154061624649859, "VL_hits1": 0.5168067226890757, "TR_hits10": 0.4860335195530726, "VL_hits10": 0.5027932960893855}