{"TR_hits1": 0.8097622027534418, "VL_hits1": 0.46, "TR_hits10": 0.8322903629536921, "VL_hits10": 0.765}