{"TR_hits1": 0.4887955182072829, "VL_hits1": 0.5028011204481793, "TR_hits10": 0.49162011173184356, "VL_hits10": 0.5083798882681564}