{"TR_hits1": 0.8054245283018868, "VL_hits1": 0.5023474178403756, "TR_hits10": 0.8431603773584906, "VL_hits10": 0.8075117370892019}