{"TR_hits1": 0.7720588235294118, "VL_hits1": 0.5588235294117647, "TR_hits10": 0.8277310924369747, "VL_hits10": 0.8151260504201681}