{"TR_hits1": 0.580517770952172, "VL_hits1": 0.6037735849056604, "TR_hits10": 0.5754385964912281, "VL_hits10": 0.5947368421052631}