{"TR_hits1": 0.47453703703703703, "VL_hits1": 0.35185185185185186, "TR_hits10": 0.4849537037037037, "VL_hits10": 0.41203703703703703}