{"TR_hits1": 0.8858647936786654, "VL_hits1": 0.9398595258999122, "TR_hits10": 0.7929824561403509, "VL_hits10": 0.9298245614035088}