{"TR_hits1": 0.34891485809682804, "VL_hits1": 0.4257095158597663, "TR_hits10": 0.32, "VL_hits10": 0.35333333333333333}