{"TR_hits1": 0.5672268907563025, "VL_hits1": 0.5686274509803921, "TR_hits10": 0.5418994413407822, "VL_hits10": 0.5418994413407822}