{"TR_hits1": 0.8564273789649416, "VL_hits1": 0.8697829716193656, "TR_hits10": 0.5266666666666666, "VL_hits10": 0.7533333333333333}