{"TR_hits1": 0.46410684474123537, "VL_hits1": 0.4674457429048414, "TR_hits10": 0.3466666666666667, "VL_hits10": 0.38666666666666666}