{"TR_hits1": 0.7330246913580247, "VL_hits1": 0.7746913580246914, "TR_hits10": 0.5, "VL_hits10": 0.7469135802469136}