{"TR_hits1": 0.3989983305509182, "VL_hits1": 0.4056761268781302, "TR_hits10": 0.30666666666666664, "VL_hits10": 0.34}