{"avg_TR_hits1": 0.6378219554888722, "std_TR_hits1": 0.28462621858253234, "avg_TS_hits1": 0.24392968066432508, "std_TS_hits1": 0.10025145568274473, "avg_TR_hits10": 0.7285506793365009, "std_TR_hits10": 0.2899561917734663, "avg_TS_hits10": 0.4889879969926598, "std_TS_hits10": 0.1592956426086908}