{"avg_TR_hits1": 0.9426777527715262, "std_TR_hits1": 0.060931390966628966, "avg_TS_hits1": 0.9593037842794032, "std_TS_hits1": 0.06160791930887311, "avg_TR_hits10": 0.5987603950907291, "std_TR_hits10": 0.009875875969844761, "avg_TS_hits10": 0.834336010185875, "std_TS_hits10": 0.006934738163711668}