{"TR_hits1": 0.9466292134831461, "VL_hits1": 0.9550561797752809, "TR_hits10": 0.7640449438202247, "VL_hits10": 0.9213483146067416}