{"TR_hits1": 0.667601683029453, "VL_hits1": 0.6830294530154277, "TR_hits10": 0.6033519553072626, "VL_hits10": 0.6424581005586593}