{"TR_hits1": 0.7853380158033363, "VL_hits1": 0.7892888498683055, "TR_hits10": 0.6842105263157895, "VL_hits10": 0.7385964912280701}