{"TR_hits1": 0.0047169811320754715, "VL_hits1": 0.029874213836477988, "TR_hits10": 0.0, "VL_hits10": 0.0375}