{"TR_hits1": 0.5310077519379846, "TS_hits1": 0.48626775721050364, "TR_hits10": 0.627906976744186, "TS_hits10": 0.5969866551872579}