{"TR_hits1": 0.4857744994731296, "VL_hits1": 0.46638655462184875, "TR_hits10": 0.49841938883034775, "VL_hits10": 0.4831932773109244}