{"TR_hits1": 0.19198664440734559, "VL_hits1": 0.2020033388981636, "TR_hits10": 0.10666666666666667, "VL_hits10": 0.12}