{"TR_hits1": 0.8033362598770851, "VL_hits1": 0.8090430201931519, "TR_hits10": 0.7228070175438597, "VL_hits10": 0.7701754385964912}