{"TR_hits1": 0.30324074074074076, "VL_hits1": 0.28703703703703703, "TR_hits10": 0.33564814814814814, "VL_hits10": 0.3425925925925926}