{"TR_hits1": 0.8247078464106845, "VL_hits1": 0.8347245409015025, "TR_hits10": 0.4666666666666667, "VL_hits10": 0.8133333333333334}