{"TR_hits1": 0.00589622641509434, "VL_hits1": 0.009389671361502348, "TR_hits10": 0.01179245283018868, "VL_hits10": 0.018779342723004695}