{"TR_hits1": 0.46243739565943237, "VL_hits1": 0.4724540901502504, "TR_hits10": 0.31333333333333335, "VL_hits10": 0.41333333333333333}