{"TR_hits1": 0.6754478398314014, "VL_hits1": 0.6470588235294118, "TR_hits10": 0.6765015806111696, "VL_hits10": 0.6554621848739496}