{"TR_hits1": 0.4369747899159664, "VL_hits1": 0.5126050420168067, "TR_hits10": 0.46368715083798884, "VL_hits10": 0.5418994413407822}