{"TR_hits1": 0.5500438981562774, "VL_hits1": 0.6242317822651449, "TR_hits10": 0.5456140350877193, "VL_hits10": 0.6035087719298246}