{"TR_hits1": 0.922752808988764, "VL_hits1": 0.9311797752808989, "TR_hits10": 0.7303370786516854, "VL_hits10": 0.9269662921348315}