{"TR_hits1": 0.3354192740926158, "VL_hits1": 0.39, "TR_hits10": 0.39173967459324155, "VL_hits10": 0.465}