{"TR_hits1": 0.7777777777777778, "VL_hits1": 0.7993827160493827, "TR_hits10": 0.5555555555555556, "VL_hits10": 0.7839506172839507}