{"TR_hits1": 0.17271589486858574, "VL_hits1": 0.215, "TR_hits10": 0.2390488110137672, "VL_hits10": 0.265}