{"TR_hits1": 0.1332560834298957, "VL_hits1": 0.1527777777777778, "TR_hits10": 0.1552723059096176, "VL_hits10": 0.16203703703703703}