{"TR_hits1": 0.38089622641509435, "VL_hits1": 0.38967136150234744, "TR_hits10": 0.4044811320754717, "VL_hits10": 0.4084507042253521}