{"TR_hits1": 0.8876404494382022, "VL_hits1": 0.9283707865168539, "TR_hits10": 0.7359550561797753, "VL_hits10": 0.9044943820224719}