{"TR_hits1": 0.5375626043405676, "VL_hits1": 0.5442404006677797, "TR_hits10": 0.5266666666666666, "VL_hits10": 0.5533333333333333}