{"TR_hits1": 0.779320987654321, "VL_hits1": 0.8024691358024691, "TR_hits10": 0.49382716049382713, "VL_hits10": 0.7592592592592593}