{"TR_hits1": 0.41745283018867924, "VL_hits1": 0.38497652582159625, "TR_hits10": 0.4410377358490566, "VL_hits10": 0.4225352112676056}