{"TR_hits1": 0.1736111111111111, "VL_hits1": 0.13425925925925927, "TR_hits10": 0.20601851851851852, "VL_hits10": 0.16666666666666666}