{"TR_hits1": 0.4273789649415693, "VL_hits1": 0.4340567612687813, "TR_hits10": 0.3333333333333333, "VL_hits10": 0.36666666666666664}