{"TR_hits1": 0.2989464442493415, "VL_hits1": 0.33933274802458296, "TR_hits10": 0.25087719298245614, "VL_hits10": 0.3105263157894737}