{"TR_hits1": 0.9124293785310734, "TS_hits1": 0.520904729266621, "TR_hits10": 0.9745762711864406, "TS_hits10": 0.8008910212474297}