{"TR_hits1": 0.47619047619047616, "VL_hits1": 0.4831932773109244, "TR_hits10": 0.5083798882681564, "VL_hits10": 0.5083798882681564}