{"TR_hits1": 0.6354166666666666, "VL_hits1": 0.5509259259259259, "TR_hits10": 0.6724537037037037, "VL_hits10": 0.6157407407407407}