{"TR_hits1": 0.49878934624697335, "VL_hits1": 0.4927536231884058, "TR_hits10": 0.5702179176755447, "VL_hits10": 0.5458937198067633}