{"TR_hits1": 0.4204946996466431, "VL_hits1": 0.38497652582159625, "TR_hits10": 0.46760895170789163, "VL_hits10": 0.43661971830985913}