{"TR_hits1": 0.26870389884088514, "VL_hits1": 0.3025210084033613, "TR_hits10": 0.32771338250790305, "VL_hits10": 0.36134453781512604}