{"TR_hits1": 0.5329593267882188, "VL_hits1": 0.6437587657784011, "TR_hits10": 0.5139664804469274, "VL_hits10": 0.6201117318435754}