{"TR_hits1": 0.7932098765432098, "VL_hits1": 0.8780864197530864, "TR_hits10": 0.5679012345679012, "VL_hits10": 0.845679012345679}