{"TR_hits1": 0.4618181818181818, "VL_hits1": 0.391304347826087, "TR_hits10": 0.4909090909090909, "VL_hits10": 0.45410628019323673}