{"TR_hits1": 0.4581818181818182, "VL_hits1": 0.38164251207729466, "TR_hits10": 0.536969696969697, "VL_hits10": 0.43478260869565216}