{"TR_hits1": 0.5459905660377359, "VL_hits1": 0.4460093896713615, "TR_hits10": 0.5518867924528302, "VL_hits10": 0.49765258215962443}