{"TR_hits1": 0.6494345718901454, "VL_hits1": 0.7382875605815832, "TR_hits10": 0.45806451612903226, "VL_hits10": 0.6838709677419355}