{"TR_hits1": 0.5007012622720898, "VL_hits1": 0.5007012622720898, "TR_hits10": 0.46368715083798884, "VL_hits10": 0.4748603351955307}