{"TR_hits1": 0.8331870061457419, "VL_hits1": 0.8384547848990342, "TR_hits10": 0.6859649122807018, "VL_hits10": 0.7526315789473684}