{"TR_hits1": 0.3005008347245409, "VL_hits1": 0.31385642737896496, "TR_hits10": 0.2733333333333333, "VL_hits10": 0.29333333333333333}