{"TR_hits1": 0.788135593220339, "TS_hits1": 0.5861034955448937, "TR_hits10": 0.8662900188323918, "TS_hits10": 0.6782899246058944}