{"TR_hits1": 0.9499561018437226, "VL_hits1": 0.9534679543459175, "TR_hits10": 0.8140350877192982, "VL_hits10": 0.9350877192982456}