{"TR_hits1": 0.9495171202809481, "VL_hits1": 0.9618086040386303, "TR_hits10": 0.7912280701754386, "VL_hits10": 0.9473684210526315}