{"TR_hits1": 0.3974151857835218, "VL_hits1": 0.44516129032258067, "TR_hits10": 0.4781906300484653, "VL_hits10": 0.535483870967742}