{"TR_hits1": 0.9229691876750701, "VL_hits1": 0.9397759103641457, "TR_hits10": 0.6536312849162011, "VL_hits10": 0.8715083798882681}