{"TR_hits1": 0.7743634767339772, "VL_hits1": 0.7774363476733978, "TR_hits10": 0.6736842105263158, "VL_hits10": 0.7385964912280701}