{"TR_hits1": 0.13575757575757577, "VL_hits1": 0.10628019323671498, "TR_hits10": 0.15878787878787878, "VL_hits10": 0.12560386473429952}