{"TR_hits1": 0.5925925925925926, "VL_hits1": 0.43209876543209874, "TR_hits10": 0.6188271604938271, "VL_hits10": 0.5123456790123457}