{"TR_hits1": 0.5232558139534884, "TS_hits1": 0.48393061547944, "TR_hits10": 0.5484496124031008, "TS_hits10": 0.5591265298934578}