{"TR_hits1": 0.17167919799498746, "VL_hits1": 0.13, "TR_hits10": 0.20676691729323307, "VL_hits10": 0.185}