{"TR_hits1": 0.9396914446002805, "VL_hits1": 0.94109396914446, "TR_hits10": 0.7430167597765364, "VL_hits10": 0.9106145251396648}