{"TR_hits1": 0.8976157082748948, "VL_hits1": 0.9158485273492286, "TR_hits10": 0.7374301675977654, "VL_hits10": 0.9162011173184358}