{"TR_hits1": 0.5918653576437588, "VL_hits1": 0.6325385694249649, "TR_hits10": 0.5139664804469274, "VL_hits10": 0.5921787709497207}