{"TR_hits1": 0.9004207573632539, "VL_hits1": 0.9102384291725105, "TR_hits10": 0.6424581005586593, "VL_hits10": 0.8715083798882681}