{"TR_hits1": 0.9635854341736695, "VL_hits1": 0.9761904761904762, "TR_hits10": 0.7374301675977654, "VL_hits10": 0.8994413407821229}