{"TR_hits1": 0.7429048414023373, "VL_hits1": 0.7729549248747913, "TR_hits10": 0.5, "VL_hits10": 0.7533333333333333}