{"TR_hits1": 0.2565707133917397, "VL_hits1": 0.27, "TR_hits10": 0.28911138923654567, "VL_hits10": 0.335}