{"TR_hits1": 0.2928660826032541, "VL_hits1": 0.24, "TR_hits10": 0.3141426783479349, "VL_hits10": 0.31}