{"TR_hits1": 0.3308746048472076, "VL_hits1": 0.27310924369747897, "TR_hits10": 0.3498419388830348, "VL_hits10": 0.29411764705882354}