{"TR_hits1": 0.9002808988764045, "VL_hits1": 0.9353932584269663, "TR_hits10": 0.7696629213483146, "VL_hits10": 0.9157303370786517}