{"TR_hits1": 0.018518518518518517, "VL_hits1": 0.040123456790123455, "TR_hits10": 0.012345679012345678, "VL_hits10": 0.05555555555555555}