{"TR_hits1": 0.9381035996488147, "VL_hits1": 0.9486391571553995, "TR_hits10": 0.7491228070175439, "VL_hits10": 0.9456140350877194}