{"TR_hits1": 0.7704402515723271, "VL_hits1": 0.8207547169811321, "TR_hits10": 0.50625, "VL_hits10": 0.80625}