{"TR_hits1": 0.12264150943396226, "VL_hits1": 0.06875, "TR_hits10": 0.2059748427672956, "VL_hits10": 0.16875}