{"TR_hits1": 0.9452247191011236, "VL_hits1": 0.9452247191011236, "TR_hits10": 0.7191011235955056, "VL_hits10": 0.9101123595505618}