{"TR_hits1": 0.16645807259073842, "VL_hits1": 0.175, "TR_hits10": 0.2327909887359199, "VL_hits10": 0.235}