{"TR_hits1": 0.7512116316639742, "VL_hits1": 0.7592891760904685, "TR_hits10": 0.4774193548387097, "VL_hits10": 0.7032258064516129}