{"TR_hits1": 0.6016949152542372, "VL_hits1": 0.38164251207729466, "TR_hits10": 0.6791767554479419, "VL_hits10": 0.6280193236714976}