{"TR_hits1": 0.9033613445378151, "VL_hits1": 0.9327731092436975, "TR_hits10": 0.7039106145251397, "VL_hits10": 0.9273743016759777}