{"TR_hits1": 0.49264705882352944, "VL_hits1": 0.47058823529411764, "TR_hits10": 0.5252100840336135, "VL_hits10": 0.5126050420168067}