{"TR_hits1": 0.9231782265144864, "VL_hits1": 0.9438103599648815, "TR_hits10": 0.7894736842105263, "VL_hits10": 0.9298245614035088}