{"TR_hits1": 0.7813021702838063, "VL_hits1": 0.8213689482470785, "TR_hits10": 0.5733333333333334, "VL_hits10": 0.8333333333333334}