{"TR_hits1": 0.5412642669007902, "VL_hits1": 0.5478489903424056, "TR_hits10": 0.5421052631578948, "VL_hits10": 0.5561403508771929}