{"TR_hits1": 0.5205811138014528, "VL_hits1": 0.4251207729468599, "TR_hits10": 0.5508474576271186, "VL_hits10": 0.46859903381642515}