{"TR_hits1": 0.9183494293239683, "VL_hits1": 0.9398595258999122, "TR_hits10": 0.775438596491228, "VL_hits10": 0.9192982456140351}