{"TR_hits1": 0.3715277777777778, "VL_hits1": 0.32407407407407407, "TR_hits10": 0.4351851851851852, "VL_hits10": 0.4212962962962963}