{"TR_hits1": 0.40336134453781514, "VL_hits1": 0.4957983193277311, "TR_hits10": 0.41899441340782123, "VL_hits10": 0.5307262569832403}