{"TR_hits1": 0.04513888888888889, "VL_hits1": 0.013888888888888888, "TR_hits10": 0.052083333333333336, "VL_hits10": 0.027777777777777776}