{"avg_TR_hits1": 0.7701532527851834, "std_TR_hits1": 0.1006516435436873, "avg_TS_hits1": 0.40717377577824393, "std_TS_hits1": 0.08034995762113976, "avg_TR_hits10": 0.864765400002541, "std_TR_hits10": 0.12813624368792662, "avg_TS_hits10": 0.6983465101111749, "std_TS_hits10": 0.10223544162379775}