{"TR_hits1": 0.812962962962963, "TS_hits1": 0.48198349890553965, "TR_hits10": 0.9268518518518518, "TS_hits10": 0.7611550766122243}