{"TR_hits1": 0.7851373182552503, "VL_hits1": 0.81421647819063, "TR_hits10": 0.45806451612903226, "VL_hits10": 0.7354838709677419}