{"TR_hits1": 0.4356540084388186, "VL_hits1": 0.41596638655462187, "TR_hits10": 0.44831223628691985, "VL_hits10": 0.42857142857142855}