{"TR_hits1": 0.4474053295932679, "VL_hits1": 0.46984572230014027, "TR_hits10": 0.36312849162011174, "VL_hits10": 0.4301675977653631}