{"TR_hits1": 0.9205443371378402, "VL_hits1": 0.9512730465320457, "TR_hits10": 0.8035087719298246, "VL_hits10": 0.9403508771929825}