{"TR_hits1": 0.30671296296296297, "VL_hits1": 0.25, "TR_hits10": 0.3460648148148148, "VL_hits10": 0.2824074074074074}