{"TR_hits1": 0.6271008403361344, "VL_hits1": 0.5756302521008403, "TR_hits10": 0.6491596638655462, "VL_hits10": 0.6218487394957983}