{"TR_hits1": 0.7722132471728594, "VL_hits1": 0.7867528271405493, "TR_hits10": 0.4064516129032258, "VL_hits10": 0.6709677419354839}