{"TR_hits1": 0.6446629213483146, "VL_hits1": 0.5955056179775281, "TR_hits10": 0.675561797752809, "VL_hits10": 0.6292134831460674}