{"TR_hits1": 0.5469710272168569, "VL_hits1": 0.5597014925373134, "TR_hits10": 0.5596491228070175, "VL_hits10": 0.5807017543859649}