{"TR_hits1": 0.7863105175292153, "VL_hits1": 0.8514190317195326, "TR_hits10": 0.5533333333333333, "VL_hits10": 0.7666666666666667}