{"TR_hits1": 0.1804245283018868, "VL_hits1": 0.1596244131455399, "TR_hits10": 0.2099056603773585, "VL_hits10": 0.22535211267605634}