{"TR_hits1": 0.5435393258426966, "VL_hits1": 0.5786516853932584, "TR_hits10": 0.625, "VL_hits10": 0.6235955056179775}