{"TR_hits1": 0.5005889281507656, "VL_hits1": 0.4225352112676056, "TR_hits10": 0.5571260306242638, "VL_hits10": 0.48826291079812206}