{"TR_hits1": 0.42496493688639553, "VL_hits1": 0.43478260869565216, "TR_hits10": 0.441340782122905, "VL_hits10": 0.44692737430167595}