{"TR_hits1": 0.6301009214567793, "VL_hits1": 0.6384379113646336, "TR_hits10": 0.5947368421052631, "VL_hits10": 0.612280701754386}