{"TR_hits1": 0.8256172839506173, "VL_hits1": 0.8595679012345679, "TR_hits10": 0.5493827160493827, "VL_hits10": 0.7777777777777778}