{"TR_hits1": 0.38760504201680673, "VL_hits1": 0.39915966386554624, "TR_hits10": 0.42331932773109243, "VL_hits10": 0.453781512605042}