{"TR_hits1": 0.44776119402985076, "VL_hits1": 0.45829675153643545, "TR_hits10": 0.39473684210526316, "VL_hits10": 0.4105263157894737}