{"TR_hits1": 0.44407345575959933, "VL_hits1": 0.4590984974958264, "TR_hits10": 0.29333333333333333, "VL_hits10": 0.31333333333333335}