{"TR_hits1": 0.7700745941202282, "VL_hits1": 0.7766564282580078, "TR_hits10": 0.6982456140350877, "VL_hits10": 0.7263157894736842}