{"TR_hits1": 0.5955882352941176, "VL_hits1": 0.5546218487394958, "TR_hits10": 0.6407563025210085, "VL_hits10": 0.6008403361344538}