{"TR_hits1": 0.9620786516853933, "VL_hits1": 0.9705056179775281, "TR_hits10": 0.8314606741573034, "VL_hits10": 0.9719101123595506}