{"TR_hits1": 0.03582718651211802, "VL_hits1": 0.012605042016806723, "TR_hits10": 0.051633298208640675, "VL_hits10": 0.029411764705882353}