{"TR_hits1": 0.5721812434141201, "VL_hits1": 0.5840336134453782, "TR_hits10": 0.589041095890411, "VL_hits10": 0.6050420168067226}