{"TR_hits1": 0.5780590717299579, "VL_hits1": 0.592436974789916, "TR_hits10": 0.5917721518987342, "VL_hits10": 0.6092436974789915}