{"TR_hits1": 0.19899874843554444, "VL_hits1": 0.16, "TR_hits10": 0.23153942428035043, "VL_hits10": 0.215}