{"TR_hits1": 0.4373956594323873, "VL_hits1": 0.5509181969949917, "TR_hits10": 0.4866666666666667, "VL_hits10": 0.58}