{"TR_hits1": 0.8731218697829716, "VL_hits1": 0.8931552587646077, "TR_hits10": 0.54, "VL_hits10": 0.82}