{"TR_hits1": 0.2890295358649789, "VL_hits1": 0.27310924369747897, "TR_hits10": 0.3206751054852321, "VL_hits10": 0.31932773109243695}