{"TR_hits1": 0.4445927903871829, "TS_hits1": 0.1483888196546199, "TR_hits10": 0.4833110814419226, "TS_hits10": 0.4056435819832651}