{"TR_hits1": 0.8678237650200267, "TS_hits1": 0.8811748998664887, "TR_hits10": 0.6024568274879829, "TS_hits10": 0.8500979170375645}