{"TR_hits1": 0.4339622641509434, "VL_hits1": 0.44375, "TR_hits10": 0.5487421383647799, "VL_hits10": 0.51875}