{"TR_hits1": 0.5336134453781513, "VL_hits1": 0.5630252100840336, "TR_hits10": 0.555672268907563, "VL_hits10": 0.6050420168067226}