{"TR_hits1": 0.3963585434173669, "VL_hits1": 0.40756302521008403, "TR_hits10": 0.43575418994413406, "VL_hits10": 0.441340782122905}