{"TR_hits1": 0.7695346795434592, "VL_hits1": 0.7884108867427568, "TR_hits10": 0.6894736842105263, "VL_hits10": 0.7385964912280701}