{"TR_hits1": 0.6315151515151515, "VL_hits1": 0.36231884057971014, "TR_hits10": 0.656969696969697, "VL_hits10": 0.6376811594202898}