{"TR_hits1": 0.7993854258121159, "VL_hits1": 0.8134328358208955, "TR_hits10": 0.7192982456140351, "VL_hits10": 0.7736842105263158}