{"TR_hits1": 0.9610252808988764, "TS_hits1": 0.973431647940075, "TR_hits10": 0.7060768308025396, "TS_hits10": 0.7718774686210832}