{"TR_hits1": 0.7542503863987635, "VL_hits1": 0.7928902627511591, "TR_hits10": 0.4876543209876543, "VL_hits10": 0.7839506172839507}