{"TR_hits1": 0.6497890295358649, "VL_hits1": 0.6260504201680672, "TR_hits10": 0.6561181434599156, "VL_hits10": 0.6512605042016807}