{"TR_hits1": 0.6406743940990516, "VL_hits1": 0.5714285714285714, "TR_hits10": 0.660695468914647, "VL_hits10": 0.592436974789916}