{"TR_hits1": 0.44600280504908835, "VL_hits1": 0.4586255259467041, "TR_hits10": 0.4134078212290503, "VL_hits10": 0.45251396648044695}