{"TR_hits1": 0.6302521008403361, "VL_hits1": 0.6890756302521008, "TR_hits10": 0.5977653631284916, "VL_hits10": 0.6536312849162011}