{"TR_hits1": 0.4167709637046308, "VL_hits1": 0.415, "TR_hits10": 0.44806007509386736, "VL_hits10": 0.44}