{"TR_hits1": 0.32220367278797996, "VL_hits1": 0.36894824707846413, "TR_hits10": 0.26, "VL_hits10": 0.32666666666666666}