{"TR_hits1": 0.18303030303030304, "VL_hits1": 0.14009661835748793, "TR_hits10": 0.19757575757575757, "VL_hits10": 0.18840579710144928}