{"TR_hits1": 0.424812030075188, "VL_hits1": 0.455, "TR_hits10": 0.4774436090225564, "VL_hits10": 0.53}