{"TR_hits1": 0.4056761268781302, "VL_hits1": 0.3333333333333333, "TR_hits10": 0.4791318864774624, "VL_hits10": 0.44}