{"TR_hits1": 0.38397328881469117, "VL_hits1": 0.4774624373956594, "TR_hits10": 0.37333333333333335, "VL_hits10": 0.4266666666666667}