{"TR_hits1": 0.9353932584269663, "VL_hits1": 0.9452247191011236, "TR_hits10": 0.6853932584269663, "VL_hits10": 0.9101123595505618}