{"TR_hits1": 0.20944309927360774, "VL_hits1": 0.1642512077294686, "TR_hits10": 0.2457627118644068, "VL_hits10": 0.24154589371980675}