{"TR_hits1": 0.4921212121212121, "VL_hits1": 0.4106280193236715, "TR_hits10": 0.526060606060606, "VL_hits10": 0.5120772946859904}