{"TR_hits1": 0.5869837296620776, "VL_hits1": 0.525, "TR_hits10": 0.6020025031289111, "VL_hits10": 0.585}