{"TR_hits1": 0.8182616330114135, "VL_hits1": 0.8235294117647058, "TR_hits10": 0.7385964912280701, "VL_hits10": 0.7964912280701755}