{"TR_hits1": 0.7766258246936852, "TS_hits1": 0.5014991861560867, "TR_hits10": 0.8699340245051838, "TS_hits10": 0.6078129015677204}