{"TR_hits1": 0.5487269534679543, "VL_hits1": 0.6229148375768218, "TR_hits10": 0.5298245614035088, "VL_hits10": 0.6}