{"TR_hits1": 0.2775757575757576, "VL_hits1": 0.27053140096618356, "TR_hits10": 0.3018181818181818, "VL_hits10": 0.2946859903381642}