{"TR_hits1": 0.5212264150943396, "VL_hits1": 0.47417840375586856, "TR_hits10": 0.5318396226415094, "VL_hits10": 0.5446009389671361}