{"TR_hits1": 0.8974719101123596, "VL_hits1": 0.9367977528089888, "TR_hits10": 0.8202247191011236, "VL_hits10": 0.9325842696629213}