{"TR_hits1": 0.004629629629629629, "VL_hits1": 0.020061728395061727, "TR_hits10": 0.0, "VL_hits10": 0.012345679012345678}