{"TR_hits1": 0.47685834502103785, "VL_hits1": 0.5049088359046283, "TR_hits10": 0.49162011173184356, "VL_hits10": 0.5251396648044693}