{"TR_hits1": 0.9381307591048705, "VL_hits1": 0.9684071961386573, "TR_hits10": 0.8631578947368421, "VL_hits10": 0.9736842105263158}