{"TR_hits1": 0.9254058797718298, "VL_hits1": 0.9561211057481351, "TR_hits10": 0.8175438596491228, "VL_hits10": 0.9508771929824561}