{"TR_hits1": 0.20518867924528303, "VL_hits1": 0.18779342723004694, "TR_hits10": 0.24528301886792453, "VL_hits10": 0.25821596244131456}