{"TR_hits1": 0.3342696629213483, "VL_hits1": 0.19101123595505617, "TR_hits10": 0.47752808988764045, "VL_hits10": 0.4438202247191011}