{"TR_hits1": 0.5573505654281099, "VL_hits1": 0.5864297253634895, "TR_hits10": 0.34838709677419355, "VL_hits10": 0.5935483870967742}