{"TR_hits1": 0.636682755594559, "VL_hits1": 0.6441421676173761, "TR_hits10": 0.6210526315789474, "VL_hits10": 0.631578947368421}