{"TR_hits1": 0.5070028011204482, "VL_hits1": 0.511204481792717, "TR_hits10": 0.49162011173184356, "VL_hits10": 0.4972067039106145}