{"TR_hits1": 0.9243697478991597, "VL_hits1": 0.938375350140056, "TR_hits10": 0.7932960893854749, "VL_hits10": 0.9385474860335196}