{"TR_hits1": 0.6391571553994733, "VL_hits1": 0.6417910447761194, "TR_hits10": 0.6087719298245614, "VL_hits10": 0.6333333333333333}