{"TR_hits1": 0.5087796312554873, "VL_hits1": 0.5193151887620719, "TR_hits10": 0.5210526315789473, "VL_hits10": 0.5403508771929825}