{"TR_hits1": 0.48848484848484847, "VL_hits1": 0.41545893719806765, "TR_hits10": 0.5175757575757576, "VL_hits10": 0.4782608695652174}