{"TR_hits1": 0.9737827715355806, "TS_hits1": 0.9923923220973783, "TR_hits10": 0.8363615085286287, "TS_hits10": 0.9611749904912372}