{"TR_hits1": 0.8831385642737897, "VL_hits1": 0.8981636060100167, "TR_hits10": 0.54, "VL_hits10": 0.8666666666666667}