{"TR_hits1": 0.44908180300500833, "VL_hits1": 0.4974958263772955, "TR_hits10": 0.42, "VL_hits10": 0.47333333333333333}