{"TR_hits1": 0.43906510851419034, "VL_hits1": 0.42, "TR_hits10": 0.5158597662771286, "VL_hits10": 0.48}