{"TR_hits1": 0.8208955223880597, "VL_hits1": 0.8230904302019315, "TR_hits10": 0.7105263157894737, "VL_hits10": 0.7631578947368421}