{"TR_hits1": 0.5527426160337553, "VL_hits1": 0.5294117647058824, "TR_hits10": 0.5738396624472574, "VL_hits10": 0.5588235294117647}