{"TR_hits1": 0.6900790166812993, "VL_hits1": 0.7102721685689201, "TR_hits10": 0.6298245614035087, "VL_hits10": 0.6894736842105263}