{"TR_hits1": 0.35218093699515346, "VL_hits1": 0.4064516129032258, "TR_hits10": 0.4620355411954766, "VL_hits10": 0.5483870967741935}