{"TR_hits1": 0.7530864197530864, "VL_hits1": 0.7901234567901234, "TR_hits10": 0.5432098765432098, "VL_hits10": 0.8148148148148148}