{"TR_hits1": 0.5079016681299385, "VL_hits1": 0.5193151887620719, "TR_hits10": 0.4543859649122807, "VL_hits10": 0.49298245614035086}