{"TR_hits1": 0.6025280898876404, "VL_hits1": 0.6404494382022472, "TR_hits10": 0.6699438202247191, "VL_hits10": 0.7191011235955056}