{"TR_hits1": 0.2654424040066778, "VL_hits1": 0.3656093489148581, "TR_hits10": 0.30666666666666664, "VL_hits10": 0.3933333333333333}