{"TR_hits1": 0.6237928007023705, "VL_hits1": 0.6251097453906936, "TR_hits10": 0.5947368421052631, "VL_hits10": 0.6192982456140351}