{"TR_hits1": 0.9138431752178122, "TS_hits1": 0.47816132441000353, "TR_hits10": 0.9651500484027106, "TS_hits10": 0.7297463895737936}