{"TR_hits1": 0.3753501400560224, "VL_hits1": 0.41596638655462187, "TR_hits10": 0.441340782122905, "VL_hits10": 0.4581005586592179}