{"TR_hits1": 0.21575757575757576, "VL_hits1": 0.14009661835748793, "TR_hits10": 0.2387878787878788, "VL_hits10": 0.19806763285024154}