{"TR_hits1": 0.9048414023372288, "VL_hits1": 0.9365609348914858, "TR_hits10": 0.5866666666666667, "VL_hits10": 0.9266666666666666}