{"TR_hits1": 0.8263772954924875, "VL_hits1": 0.8347245409015025, "TR_hits10": 0.48, "VL_hits10": 0.7333333333333333}