{"TR_hits1": 0.6414565826330533, "VL_hits1": 0.6470588235294118, "TR_hits10": 0.5586592178770949, "VL_hits10": 0.5642458100558659}