{"TR_hits1": 0.49528301886792453, "VL_hits1": 0.43661971830985913, "TR_hits10": 0.5247641509433962, "VL_hits10": 0.5023474178403756}