{"TR_hits1": 0.845679012345679, "VL_hits1": 0.8780864197530864, "TR_hits10": 0.5864197530864198, "VL_hits10": 0.8641975308641975}