{"TR_hits1": 0.37037037037037035, "VL_hits1": 0.41975308641975306, "TR_hits10": 0.49691358024691357, "VL_hits10": 0.5370370370370371}