{"TR_hits1": 0.6646058732612056, "VL_hits1": 0.7697063369397218, "TR_hits10": 0.46296296296296297, "VL_hits10": 0.7716049382716049}