{"TR_hits1": 0.06918238993710692, "VL_hits1": 0.03125, "TR_hits10": 0.1179245283018868, "VL_hits10": 0.1}