{"TR_hits1": 0.7987421383647799, "VL_hits1": 0.8113207547169812, "TR_hits10": 0.3875, "VL_hits10": 0.8125}