{"TR_hits1": 0.6043405676126878, "VL_hits1": 0.6060100166944908, "TR_hits10": 0.4666666666666667, "VL_hits10": 0.5066666666666667}