{"TR_hits1": 0.9135802469135802, "VL_hits1": 0.9228395061728395, "TR_hits10": 0.5493827160493827, "VL_hits10": 0.8209876543209876}