{"TR_hits1": 0.45023148148148145, "VL_hits1": 0.25925925925925924, "TR_hits10": 0.45023148148148145, "VL_hits10": 0.3472222222222222}