{"TR_hits1": 0.5021008403361344, "VL_hits1": 0.4789915966386555, "TR_hits10": 0.5136554621848739, "VL_hits10": 0.5462184873949579}