{"TR_hits1": 0.2878598247809762, "VL_hits1": 0.265, "TR_hits10": 0.3141426783479349, "VL_hits10": 0.33}