{"TR_hits1": 0.5774499473129611, "VL_hits1": 0.4579831932773109, "TR_hits10": 0.58377239199157, "VL_hits10": 0.5168067226890757}