{"TR_hits1": 0.2664796633941094, "VL_hits1": 0.2847124824684432, "TR_hits10": 0.329608938547486, "VL_hits10": 0.36312849162011174}