{"TR_hits1": 0.4506172839506173, "VL_hits1": 0.41975308641975306, "TR_hits10": 0.5509259259259259, "VL_hits10": 0.5370370370370371}