{"TR_hits1": 0.9201053555750659, "VL_hits1": 0.9486391571553995, "TR_hits10": 0.8017543859649123, "VL_hits10": 0.9631578947368421}