{"TR_hits1": 0.5752523036419482, "VL_hits1": 0.6441421676173761, "TR_hits10": 0.5929824561403508, "VL_hits10": 0.6543859649122807}