{"TR_hits1": 0.8934081346423562, "VL_hits1": 0.9004207573632539, "TR_hits10": 0.6983240223463687, "VL_hits10": 0.9106145251396648}