{"TR_hits1": 0.4229559748427673, "VL_hits1": 0.44375, "TR_hits10": 0.5204402515723271, "VL_hits10": 0.5375}