{"TR_hits1": 0.778675282714055, "VL_hits1": 0.8045234248788369, "TR_hits10": 0.43870967741935485, "VL_hits10": 0.7096774193548387}