{"TR_hits1": 0.9397759103641457, "VL_hits1": 0.9663865546218487, "TR_hits10": 0.6983240223463687, "VL_hits10": 0.88268156424581}