{"TR_hits1": 0.7709677419354839, "VL_hits1": 0.7806451612903226, "TR_hits10": 0.5096774193548387, "VL_hits10": 0.7419354838709677}