{"TR_hits1": 0.4590984974958264, "VL_hits1": 0.5342237061769616, "TR_hits10": 0.44666666666666666, "VL_hits10": 0.49333333333333335}