{"TR_hits1": 0.8263772954924875, "VL_hits1": 0.8831385642737897, "TR_hits10": 0.5666666666666667, "VL_hits10": 0.84}