{"TR_hits1": 0.6716417910447762, "VL_hits1": 0.6764705882352942, "TR_hits10": 0.5859649122807018, "VL_hits10": 0.6263157894736842}