{"TR_hits1": 0.9269662921348315, "VL_hits1": 0.949438202247191, "TR_hits10": 0.7752808988764045, "VL_hits10": 0.9382022471910112}