{"TR_hits1": 0.4221598877980365, "VL_hits1": 0.44039270687237025, "TR_hits10": 0.39106145251396646, "VL_hits10": 0.4301675977653631}