{"TR_hits1": 0.4815595363540569, "VL_hits1": 0.46218487394957986, "TR_hits10": 0.5194942044257113, "VL_hits10": 0.5084033613445378}