{"TR_hits1": 0.9325842696629213, "VL_hits1": 0.9480337078651685, "TR_hits10": 0.797752808988764, "VL_hits10": 0.9438202247191011}