{"TR_hits1": 0.6372202591283863, "VL_hits1": 0.5023474178403756, "TR_hits10": 0.6525323910482921, "VL_hits10": 0.5727699530516432}