{"TR_hits1": 0.9382303839732888, "VL_hits1": 0.9432387312186978, "TR_hits10": 0.62, "VL_hits10": 0.9}