{"TR_hits1": 0.6213183730715287, "VL_hits1": 0.6297335203366059, "TR_hits10": 0.44692737430167595, "VL_hits10": 0.5251396648044693}