{"TR_hits1": 0.6186974789915967, "VL_hits1": 0.5966386554621849, "TR_hits10": 0.6418067226890757, "VL_hits10": 0.6680672268907563}