{"TR_hits1": 0.0, "VL_hits1": 0.0110062893081761, "TR_hits10": 0.0, "VL_hits10": 0.04375}