{"TR_hits1": 0.9215686274509803, "VL_hits1": 0.9467787114845938, "TR_hits10": 0.776536312849162, "VL_hits10": 0.9553072625698324}