{"TR_hits1": 0.8099209833187007, "VL_hits1": 0.8195785776997366, "TR_hits10": 0.7385964912280701, "VL_hits10": 0.787719298245614}