{"TR_hits1": 0.3572621035058431, "VL_hits1": 0.41402337228714525, "TR_hits10": 0.28, "VL_hits10": 0.34}