{"TR_hits1": 0.8580968280467446, "VL_hits1": 0.8714524207011686, "TR_hits10": 0.49333333333333335, "VL_hits10": 0.76}