{"TR_hits1": 0.44560185185185186, "VL_hits1": 0.35648148148148145, "TR_hits10": 0.5277777777777778, "VL_hits10": 0.4722222222222222}