{"TR_hits1": 0.2361111111111111, "VL_hits1": 0.12962962962962962, "TR_hits10": 0.2673611111111111, "VL_hits10": 0.19444444444444445}