{"TR_hits1": 0.9051799824407375, "VL_hits1": 0.940737489025461, "TR_hits10": 0.7789473684210526, "VL_hits10": 0.9298245614035088}