{"TR_hits1": 0.8647798742138365, "VL_hits1": 0.8805031446540881, "TR_hits10": 0.55, "VL_hits10": 0.8875}