{"TR_hits1": 0.4257075471698113, "VL_hits1": 0.3286384976525822, "TR_hits10": 0.43042452830188677, "VL_hits10": 0.37089201877934275}