{"TR_hits1": 0.3722871452420701, "VL_hits1": 0.44073455759599334, "TR_hits10": 0.35333333333333333, "VL_hits10": 0.4533333333333333}