{"TR_hits1": 0.46243739565943237, "VL_hits1": 0.4533333333333333, "TR_hits10": 0.5492487479131887, "VL_hits10": 0.54}