{"TR_hits1": 0.6128182616330115, "VL_hits1": 0.6154521510096576, "TR_hits10": 0.5859649122807018, "VL_hits10": 0.6035087719298246}