{"TR_hits1": 0.7380952380952381, "VL_hits1": 0.7380952380952381, "TR_hits10": 0.6480446927374302, "VL_hits10": 0.6759776536312849}