{"TR_hits1": 0.6053555750658473, "VL_hits1": 0.6128182616330115, "TR_hits10": 0.5789473684210527, "VL_hits10": 0.5964912280701754}