{"TR_hits1": 0.7638279192273925, "VL_hits1": 0.7739244951712028, "TR_hits10": 0.7192982456140351, "VL_hits10": 0.7578947368421053}