{"TR_hits1": 0.48465266558966075, "VL_hits1": 0.4645161290322581, "TR_hits10": 0.5654281098546042, "VL_hits10": 0.5419354838709678}