{"TR_hits1": 0.7867528271405493, "VL_hits1": 0.7932148626817448, "TR_hits10": 0.4258064516129032, "VL_hits10": 0.6838709677419355}