{"TR_hits1": 0.4636459430979979, "VL_hits1": 0.3277310924369748, "TR_hits10": 0.47418335089567965, "VL_hits10": 0.37815126050420167}