{"TR_hits1": 0.20061457418788411, "VL_hits1": 0.24934152765583845, "TR_hits10": 0.20175438596491227, "VL_hits10": 0.24385964912280703}