{"TR_hits1": 0.797676669893514, "TS_hits1": 0.5653399084184572, "TR_hits10": 0.8867376573088093, "TS_hits10": 0.6709228601620288}