{"TR_hits1": 0.01818181818181818, "VL_hits1": 0.00966183574879227, "TR_hits10": 0.03636363636363636, "VL_hits10": 0.04830917874396135}