{"TR_hits1": 0.7338935574229691, "VL_hits1": 0.7436974789915967, "TR_hits10": 0.6033519553072626, "VL_hits10": 0.6368715083798883}