{"TR_hits1": 0.425531914893617, "VL_hits1": 0.455, "TR_hits10": 0.4918648310387985, "VL_hits10": 0.5}