{"TR_hits1": 0.9353932584269663, "VL_hits1": 0.9424157303370787, "TR_hits10": 0.7247191011235955, "VL_hits10": 0.9157303370786517}