{"TR_hits1": 0.23709167544783982, "VL_hits1": 0.22268907563025211, "TR_hits10": 0.273972602739726, "VL_hits10": 0.2689075630252101}