{"TR_hits1": 0.7339771729587358, "VL_hits1": 0.7374890254609306, "TR_hits10": 0.6719298245614035, "VL_hits10": 0.6982456140350877}