{"TR_hits1": 0.8584905660377359, "VL_hits1": 0.8805031446540881, "TR_hits10": 0.5125, "VL_hits10": 0.7625}