{"TR_hits1": 0.9129213483146067, "VL_hits1": 0.9382022471910112, "TR_hits10": 0.6966292134831461, "VL_hits10": 0.9325842696629213}