{"TR_hits1": 0.8317901234567902, "VL_hits1": 0.8703703703703703, "TR_hits10": 0.48148148148148145, "VL_hits10": 0.7901234567901234}