{"TR_hits1": 0.38064516129032255, "VL_hits1": 0.3161290322580645, "TR_hits10": 0.4241935483870968, "VL_hits10": 0.34838709677419355}