{"TR_hits1": 0.20534223706176963, "VL_hits1": 0.21869782971619364, "TR_hits10": 0.18666666666666668, "VL_hits10": 0.24}