{"TR_hits1": 0.49692712906057945, "VL_hits1": 0.5491659350307287, "TR_hits10": 0.5105263157894737, "VL_hits10": 0.5614035087719298}