{"TR_hits1": 0.5660112359550562, "VL_hits1": 0.5754189944134078, "TR_hits10": 0.6418539325842697, "VL_hits10": 0.659217877094972}