{"hits1": {"fr_en": 0.8088932806324111, "en_fr": 0.7952067576858854, "zh_en": 0.6462747778537252, "en_zh": 0.6123988628908813, "en_ja": 0.618450184501845, "ja_en": 0.6830424477483301}, "hits10": {"fr_en": 0.8982213438735178, "en_fr": 0.8915627148610156, "zh_en": 0.7661198450672135, "en_zh": 0.7454624972665647, "en_ja": 0.7899841855561412, "ja_en": 0.821697909933204}}