{"TR_hits1": 0.8518518518518519, "VL_hits1": 0.8842592592592593, "TR_hits10": 0.5987654320987654, "VL_hits10": 0.8395061728395061}