{"TR_hits1": 0.7883683360258481, "VL_hits1": 0.7915993537964459, "TR_hits10": 0.4258064516129032, "VL_hits10": 0.6709677419354839}