{"TR_hits1": 0.7269534679543459, "VL_hits1": 0.7291483757682178, "TR_hits10": 0.6596491228070176, "VL_hits10": 0.6947368421052632}