{"TR_hits1": 0.5342465753424658, "VL_hits1": 0.5630252100840336, "TR_hits10": 0.5721812434141201, "VL_hits10": 0.6218487394957983}