{"TR_hits1": 0.34390651085141904, "VL_hits1": 0.34724540901502504, "TR_hits10": 0.25333333333333335, "VL_hits10": 0.2866666666666667}