{"TR_hits1": 0.399789029535865, "VL_hits1": 0.3949579831932773, "TR_hits10": 0.41561181434599154, "VL_hits10": 0.42016806722689076}