{"TR_hits1": 0.5006257822277848, "VL_hits1": 0.435, "TR_hits10": 0.5118898623279099, "VL_hits10": 0.53}