{"TR_hits1": 0.27502634351949423, "VL_hits1": 0.2815126050420168, "TR_hits10": 0.3466807165437302, "VL_hits10": 0.33613445378151263}