{"TR_hits1": 0.573632538569425, "VL_hits1": 0.5834502103786816, "TR_hits10": 0.5307262569832403, "VL_hits10": 0.553072625698324}