{"TR_hits1": 0.8430717863105175, "VL_hits1": 0.8530884808013356, "TR_hits10": 0.4866666666666667, "VL_hits10": 0.7666666666666667}