{"TR_hits1": 0.629223343571742, "VL_hits1": 0.6858271171566477, "TR_hits10": 0.5982456140350877, "VL_hits10": 0.6771929824561403}