{"TR_hits1": 0.27199074074074076, "VL_hits1": 0.19444444444444445, "TR_hits10": 0.30439814814814814, "VL_hits10": 0.2824074074074074}