{"TR_hits1": 0.2606132075471698, "VL_hits1": 0.1784037558685446, "TR_hits10": 0.3089622641509434, "VL_hits10": 0.24413145539906103}