{"TR_hits1": 0.44573643410852715, "TS_hits1": 0.43638284758298845, "TR_hits10": 0.5174418604651163, "TS_hits10": 0.521176366998327}