{"TR_hits1": 0.5932415519399249, "VL_hits1": 0.54, "TR_hits10": 0.6295369211514393, "VL_hits10": 0.61}