{"TR_hits1": 0.8981636060100167, "VL_hits1": 0.9215358931552587, "TR_hits10": 0.5733333333333334, "VL_hits10": 0.86}