{"TR_hits1": 0.05306603773584906, "VL_hits1": 0.03286384976525822, "TR_hits10": 0.08254716981132075, "VL_hits10": 0.09389671361502347}