{"TR_hits1": 0.907920907920908, "TS_hits1": 0.9342459342459343, "TR_hits10": 0.6830231741573035, "TS_hits10": 0.7507607677902621}