{"TR_hits1": 0.32566585956416466, "VL_hits1": 0.2753623188405797, "TR_hits10": 0.3668280871670702, "VL_hits10": 0.33816425120772947}