{"TR_hits1": 0.9073033707865169, "VL_hits1": 0.9269662921348315, "TR_hits10": 0.7078651685393258, "VL_hits10": 0.898876404494382}