{"TR_hits1": 0.11797752808988764, "VL_hits1": 0.0898876404494382, "TR_hits10": 0.14185393258426968, "VL_hits10": 0.1404494382022472}