{"TR_hits1": 0.5719339622641509, "VL_hits1": 0.49295774647887325, "TR_hits10": 0.5966981132075472, "VL_hits10": 0.5352112676056338}