{"TR_hits1": 0.9031171019376579, "TS_hits1": 0.6305347020070476, "TR_hits10": 0.9309182813816343, "TS_hits10": 0.8794239313620347}