{"TR_hits1": 0.8962131837307152, "VL_hits1": 0.9046283309957924, "TR_hits10": 0.6536312849162011, "VL_hits10": 0.8770949720670391}