{"TR_hits1": 0.5694249649368864, "VL_hits1": 0.5848527349228612, "TR_hits10": 0.39106145251396646, "VL_hits10": 0.4748603351955307}