{"TR_hits1": 0.634453781512605, "VL_hits1": 0.6480446927374302, "TR_hits10": 0.7338935574229691, "VL_hits10": 0.7039106145251397}