{"TR_hits1": 0.7366946778711485, "VL_hits1": 0.7535014005602241, "TR_hits10": 0.6703910614525139, "VL_hits10": 0.7374301675977654}