{"TR_hits1": 0.7647058823529411, "VL_hits1": 0.7769973661106233, "TR_hits10": 0.6701754385964912, "VL_hits10": 0.7140350877192982}