{"TR_hits1": 0.846423870118473, "VL_hits1": 0.8508117595436595, "TR_hits10": 0.7368421052631579, "VL_hits10": 0.7912280701754386}