{"TR_hits1": 0.8363939899833055, "VL_hits1": 0.8430717863105175, "TR_hits10": 0.5133333333333333, "VL_hits10": 0.76}