{"TR_hits1": 0.25575757575757574, "VL_hits1": 0.26570048309178745, "TR_hits10": 0.2787878787878788, "VL_hits10": 0.32367149758454106}