{"TR_hits1": 0.5642737896494157, "VL_hits1": 0.5676126878130217, "TR_hits10": 0.3933333333333333, "VL_hits10": 0.43333333333333335}