{"TR_hits1": 0.34056761268781305, "VL_hits1": 0.3, "TR_hits10": 0.41068447412353926, "VL_hits10": 0.37333333333333335}