{"TR_hits1": 0.9351305812973884, "TS_hits1": 0.7603033552933967, "TR_hits10": 0.9561920808761584, "TS_hits10": 0.8097901026505285}