{"TR_hits1": 0.3313679245283019, "VL_hits1": 0.3145539906103286, "TR_hits10": 0.37971698113207547, "VL_hits10": 0.3427230046948357}