{"TR_hits1": 0.7124394184168013, "VL_hits1": 0.7334410339256866, "TR_hits10": 0.41935483870967744, "VL_hits10": 0.6451612903225806}