{"TR_hits1": 0.9583150504607284, "VL_hits1": 0.9631417288284335, "TR_hits10": 0.856140350877193, "VL_hits10": 0.9736842105263158}