{"TR_hits1": 0.3340358271865121, "VL_hits1": 0.2857142857142857, "TR_hits10": 0.3719704952581665, "VL_hits10": 0.3445378151260504}