{"TR_hits1": 0.6365740740740741, "VL_hits1": 0.5648148148148148, "TR_hits10": 0.6770833333333334, "VL_hits10": 0.6805555555555556}