{"TR_hits1": 0.4947478991596639, "VL_hits1": 0.5126050420168067, "TR_hits10": 0.5441176470588235, "VL_hits10": 0.5462184873949579}