{"TR_hits1": 0.6343283582089553, "VL_hits1": 0.6553994732221247, "TR_hits10": 0.5859649122807018, "VL_hits10": 0.6350877192982456}