{"TR_hits1": 0.938375350140056, "VL_hits1": 0.9425770308123249, "TR_hits10": 0.6983240223463687, "VL_hits10": 0.9217877094972067}