{"TR_hits1": 0.7630691399662732, "TS_hits1": 0.48510149368058214, "TR_hits10": 0.8263069139966274, "TS_hits10": 0.7391803906549215}