{"TR_hits1": 0.7012622720897616, "VL_hits1": 0.5698324022346368, "TR_hits10": 0.7307152875175316, "VL_hits10": 0.6536312849162011}