{"TR_hits1": 0.761570827489481, "VL_hits1": 0.7699859747545582, "TR_hits10": 0.6368715083798883, "VL_hits10": 0.6927374301675978}