{"TR_hits1": 0.24499411071849234, "VL_hits1": 0.22535211267605634, "TR_hits10": 0.2626619552414605, "VL_hits10": 0.28169014084507044}