{"TR_hits1": 0.7093942054433714, "VL_hits1": 0.7216856892010536, "TR_hits10": 0.6350877192982456, "VL_hits10": 0.6666666666666666}