{"TR_hits1": 0.7585601404741001, "VL_hits1": 0.762071992976295, "TR_hits10": 0.7, "VL_hits10": 0.7315789473684211}