{"TR_hits1": 0.5017381228273464, "VL_hits1": 0.4398148148148148, "TR_hits10": 0.5422943221320974, "VL_hits10": 0.5185185185185185}