{"TR_hits1": 0.4612590799031477, "VL_hits1": 0.4782608695652174, "TR_hits10": 0.5290556900726392, "VL_hits10": 0.5410628019323671}