{"TR_hits1": 0.32273262661955243, "VL_hits1": 0.2535211267605634, "TR_hits10": 0.3333333333333333, "VL_hits10": 0.2863849765258216}