{"TR_hits1": 0.5350140056022409, "VL_hits1": 0.5364145658263305, "TR_hits10": 0.441340782122905, "VL_hits10": 0.44692737430167595}