{"TR_hits1": 0.8077260755048288, "VL_hits1": 0.820017559262511, "TR_hits10": 0.7368421052631579, "VL_hits10": 0.7859649122807018}