{"TR_hits1": 0.3329831932773109, "VL_hits1": 0.2857142857142857, "TR_hits10": 0.3707983193277311, "VL_hits10": 0.3403361344537815}