{"TR_hits1": 0.9073033707865169, "VL_hits1": 0.9297752808988764, "TR_hits10": 0.7865168539325843, "VL_hits10": 0.9157303370786517}