{"TR_hits1": 0.946883230904302, "VL_hits1": 0.9521510096575944, "TR_hits10": 0.7771929824561403, "VL_hits10": 0.9280701754385965}