{"TR_hits1": 0.541374474053296, "VL_hits1": 0.6086956521739131, "TR_hits10": 0.5195530726256983, "VL_hits10": 0.5754189944134078}