{"TR_hits1": 0.4666374012291484, "VL_hits1": 0.4741000877963126, "TR_hits10": 0.4631578947368421, "VL_hits10": 0.4842105263157895}