{"TR_hits1": 0.9064516129032258, "VL_hits1": 0.9112903225806451, "TR_hits10": 0.5870967741935483, "VL_hits10": 0.896774193548387}