{"TR_hits1": 0.3458646616541353, "VL_hits1": 0.12, "TR_hits10": 0.39974937343358397, "VL_hits10": 0.255}