{"TR_hits1": 0.9102384291725105, "VL_hits1": 0.9130434782608695, "TR_hits10": 0.6983240223463687, "VL_hits10": 0.8994413407821229}