{"TR_hits1": 0.7942079859587539, "VL_hits1": 0.8060552874067574, "TR_hits10": 0.7192982456140351, "VL_hits10": 0.7631578947368421}