{"TR_hits1": 0.649104320337197, "VL_hits1": 0.5504201680672269, "TR_hits10": 0.6543730242360379, "VL_hits10": 0.6092436974789915}