{"TR_hits1": 0.4691151919866444, "VL_hits1": 0.4691151919866444, "TR_hits10": 0.34, "VL_hits10": 0.36}