{"TR_hits1": 0.45036319612590797, "VL_hits1": 0.41545893719806765, "TR_hits10": 0.4830508474576271, "VL_hits10": 0.4830917874396135}