{"TR_hits1": 0.36215538847117795, "VL_hits1": 0.155, "TR_hits10": 0.40601503759398494, "VL_hits10": 0.29}