{"TR_hits1": 0.9008403361344538, "TS_hits1": 0.6348284557194163, "TR_hits10": 0.9428571428571428, "TS_hits10": 0.7439443722778329}