{"TR_hits1": 0.8694968553459119, "VL_hits1": 0.8946540880503144, "TR_hits10": 0.61875, "VL_hits10": 0.88125}