{"TR_hits1": 0.007352941176470588, "VL_hits1": 0.008403361344537815, "TR_hits10": 0.01680672268907563, "VL_hits10": 0.025210084033613446}