{"TR_hits1": 0.7032484635645303, "VL_hits1": 0.7172958735733099, "TR_hits10": 0.5666666666666667, "VL_hits10": 0.631578947368421}