{"TR_hits1": 0.7928007023705005, "VL_hits1": 0.8015803336259877, "TR_hits10": 0.7368421052631579, "VL_hits10": 0.7842105263157895}