{"TR_hits1": 0.06295399515738499, "VL_hits1": 0.028985507246376812, "TR_hits10": 0.07263922518159806, "VL_hits10": 0.05314009661835749}