{"avg_TR_hits1": 0.9668087757975398, "std_TR_hits1": 0.010594494713754387, "avg_TS_hits1": 0.9834977661522604, "std_TS_hits1": 0.01256888307926885, "avg_TR_hits10": 0.8354750660435755, "std_TR_hits10": 0.011082518881602456, "avg_TS_hits10": 0.9599513084780688, "std_TS_hits10": 0.0030433533034388456}