{"TR_hits1": 0.1585956416464891, "VL_hits1": 0.16908212560386474, "TR_hits10": 0.2179176755447942, "VL_hits10": 0.23671497584541062}