{"TR_hits1": 0.3739565943238731, "VL_hits1": 0.38731218697829717, "TR_hits10": 0.3466666666666667, "VL_hits10": 0.38}