{"TR_hits1": 0.7085162423178226, "VL_hits1": 0.7300263388937664, "TR_hits10": 0.6350877192982456, "VL_hits10": 0.6701754385964912}