{"TR_hits1": 0.8410886742756805, "VL_hits1": 0.844161545215101, "TR_hits10": 0.7596491228070176, "VL_hits10": 0.8052631578947368}