{"TR_hits1": 0.49209694415173866, "VL_hits1": 0.4789915966386555, "TR_hits10": 0.5026343519494204, "VL_hits10": 0.49159663865546216}