{"TR_hits1": 0.8447412353923205, "VL_hits1": 0.8647746243739566, "TR_hits10": 0.64, "VL_hits10": 0.86}