{"TR_hits1": 0.7544426494345718, "VL_hits1": 0.7819063004846527, "TR_hits10": 0.5096774193548387, "VL_hits10": 0.7548387096774194}