{"TR_hits1": 0.34557595993322204, "VL_hits1": 0.3772954924874791, "TR_hits10": 0.32, "VL_hits10": 0.35333333333333333}