{"TR_hits1": 0.41308165057067603, "VL_hits1": 0.47673397717295873, "TR_hits10": 0.4087719298245614, "VL_hits10": 0.49122807017543857}