{"TR_hits1": 0.7218078104431769, "VL_hits1": 0.7498903027643703, "TR_hits10": 0.6631578947368421, "VL_hits10": 0.6912280701754386}