{"TR_hits1": 0.9284712482468443, "VL_hits1": 0.9424964936886395, "TR_hits10": 0.659217877094972, "VL_hits10": 0.8770949720670391}