{"TR_hits1": 0.7564721369021501, "VL_hits1": 0.7599824484422992, "TR_hits10": 0.6789473684210526, "VL_hits10": 0.712280701754386}