{"avg_TR_hits1": 0.9390571367319005, "std_TR_hits1": 0.03482046778350636, "avg_TS_hits1": 0.6929056562893715, "std_TS_hits1": 0.01648265735499488, "avg_TR_hits10": 0.9603478902073866, "std_TR_hits10": 0.03803844656316214, "avg_TS_hits10": 0.9037099568719128, "std_TS_hits10": 0.009443190923817712}