{"TR_hits1": 0.495171202809482, "VL_hits1": 0.5421422300263389, "TR_hits10": 0.4666666666666667, "VL_hits10": 0.5210526315789473}