{"TR_hits1": 0.46563814866760167, "VL_hits1": 0.47545582047685836, "TR_hits10": 0.40782122905027934, "VL_hits10": 0.4581005586592179}