{"TR_hits1": 0.9174714661984197, "VL_hits1": 0.9394205443371378, "TR_hits10": 0.7736842105263158, "VL_hits10": 0.9315789473684211}