{"TR_hits1": 0.4142678347934919, "VL_hits1": 0.395, "TR_hits10": 0.44680851063829785, "VL_hits10": 0.43}