{"TR_hits1": 0.7756804214223003, "VL_hits1": 0.7800702370500439, "TR_hits10": 0.7052631578947368, "VL_hits10": 0.756140350877193}