{"TR_hits1": 0.9420168067226891, "TS_hits1": 0.6268816382669825, "TR_hits10": 0.9781512605042016, "TS_hits10": 0.872927332467334}