{"TR_hits1": 0.5306603773584906, "VL_hits1": 0.24413145539906103, "TR_hits10": 0.5931603773584906, "VL_hits10": 0.5117370892018779}