{"TR_hits1": 0.2353923205342237, "VL_hits1": 0.27378964941569284, "TR_hits10": 0.22666666666666666, "VL_hits10": 0.26666666666666666}