{"TR_hits1": 0.7405329593267882, "VL_hits1": 0.7475455820476858, "TR_hits10": 0.659217877094972, "VL_hits10": 0.6927374301675978}