{"TR_hits1": 0.3983050847457627, "VL_hits1": 0.3671497584541063, "TR_hits10": 0.4515738498789346, "VL_hits10": 0.4251207729468599}