{"TR_hits1": 0.38898163606010017, "VL_hits1": 0.4357262103505843, "TR_hits10": 0.36, "VL_hits10": 0.4}