{"TR_hits1": 0.9503950834064969, "VL_hits1": 0.9626865671641791, "TR_hits10": 0.7964912280701755, "VL_hits10": 0.9614035087719298}