{"TR_hits1": 0.33575757575757575, "VL_hits1": 0.30917874396135264, "TR_hits10": 0.38181818181818183, "VL_hits10": 0.36231884057971014}