{"TR_hits1": 0.5092186128182616, "VL_hits1": 0.5188762071992976, "TR_hits10": 0.5175438596491229, "VL_hits10": 0.5245614035087719}