{"TR_hits1": 0.8015803336259877, "VL_hits1": 0.8072870939420544, "TR_hits10": 0.7105263157894737, "VL_hits10": 0.7736842105263158}