{"TR_hits1": 0.7038174637999123, "VL_hits1": 0.726634488810882, "TR_hits10": 0.631578947368421, "VL_hits10": 0.6789473684210526}