{"TR_hits1": 0.6988586479367866, "VL_hits1": 0.702809482001756, "TR_hits10": 0.6140350877192983, "VL_hits10": 0.6298245614035087}