{"TR_hits1": 0.9369747899159664, "VL_hits1": 0.9565826330532213, "TR_hits10": 0.7877094972067039, "VL_hits10": 0.9664804469273743}