{"TR_hits1": 0.9308176100628931, "VL_hits1": 0.9481132075471698, "TR_hits10": 0.64375, "VL_hits10": 0.8875}