{"TR_hits1": 0.45588235294117646, "VL_hits1": 0.35714285714285715, "TR_hits10": 0.46743697478991597, "VL_hits10": 0.39915966386554624}