{"TR_hits1": 0.8818818818818819, "TS_hits1": 0.32392571012381643, "TR_hits10": 0.9359359359359359, "TS_hits10": 0.6247268754552076}