{"TR_hits1": 0.797190517998244, "VL_hits1": 0.8020193151887621, "TR_hits10": 0.7263157894736842, "VL_hits10": 0.7631578947368421}