{"TR_hits1": 0.0012531328320802004, "VL_hits1": 0.0, "TR_hits10": 0.006265664160401002, "VL_hits10": 0.005}