{"TR_hits1": 0.5228270412642669, "VL_hits1": 0.5272168568920106, "TR_hits10": 0.5280701754385965, "VL_hits10": 0.543859649122807}