{"TR_hits1": 0.5988779803646563, "VL_hits1": 0.6016830294530154, "TR_hits10": 0.5363128491620112, "VL_hits10": 0.553072625698324}