{"TR_hits1": 0.935908691834943, "VL_hits1": 0.9635645302897279, "TR_hits10": 0.8035087719298246, "VL_hits10": 0.9508771929824561}