{"TR_hits1": 0.9191011235955057, "TS_hits1": 0.4260355029585799, "TR_hits10": 0.9629213483146067, "TS_hits10": 0.7457119316905101}