{"TR_hits1": 0.9876404494382023, "TS_hits1": 0.9932584269662922, "TR_hits10": 0.7654108306493895, "TS_hits10": 0.942251516740319}