{"TR_hits1": 0.8516242317822651, "VL_hits1": 0.8573309920983319, "TR_hits10": 0.7964912280701755, "VL_hits10": 0.8403508771929824}