{"TR_hits1": 0.5653753026634383, "VL_hits1": 0.45893719806763283, "TR_hits10": 0.5823244552058111, "VL_hits10": 0.5169082125603864}