{"TR_hits1": 0.7489025460930641, "VL_hits1": 0.762071992976295, "TR_hits10": 0.6526315789473685, "VL_hits10": 0.6929824561403509}