{"TR_hits1": 0.1709090909090909, "VL_hits1": 0.16908212560386474, "TR_hits10": 0.2109090909090909, "VL_hits10": 0.21739130434782608}