{"TR_hits1": 0.9353932584269663, "VL_hits1": 0.949438202247191, "TR_hits10": 0.6853932584269663, "VL_hits10": 0.9157303370786517}