{"TR_hits1": 0.6908517350157729, "VL_hits1": 0.6638655462184874, "TR_hits10": 0.6982124079915878, "VL_hits10": 0.7058823529411765}