{"TR_hits1": 0.5932678821879382, "VL_hits1": 0.635343618513324, "TR_hits10": 0.5307262569832403, "VL_hits10": 0.6201117318435754}