{"TR_hits1": 0.23486682808716708, "VL_hits1": 0.21256038647342995, "TR_hits10": 0.24818401937046006, "VL_hits10": 0.2560386473429952}