{"TR_hits1": 0.6932870370370371, "VL_hits1": 0.4861111111111111, "TR_hits10": 0.7488425925925926, "VL_hits10": 0.7638888888888888}