{"TR_hits1": 0.8806179775280899, "VL_hits1": 0.9241573033707865, "TR_hits10": 0.7134831460674157, "VL_hits10": 0.8651685393258427}