{"TR_hits1": 0.3476890756302521, "VL_hits1": 0.36134453781512604, "TR_hits10": 0.39810924369747897, "VL_hits10": 0.42016806722689076}