{"TR_hits1": 0.2013888888888889, "VL_hits1": 0.12962962962962962, "TR_hits10": 0.22685185185185186, "VL_hits10": 0.16203703703703703}