{"TR_hits1": 0.29093050647820967, "VL_hits1": 0.215962441314554, "TR_hits10": 0.31448763250883394, "VL_hits10": 0.2676056338028169}