{"TR_hits1": 0.5691092584466871, "VL_hits1": 0.5752523036419482, "TR_hits10": 0.5473684210526316, "VL_hits10": 0.5614035087719298}