{"TR_hits1": 0.6567164179104478, "VL_hits1": 0.6764705882352942, "TR_hits10": 0.5929824561403508, "VL_hits10": 0.6508771929824562}