{"TR_hits1": 0.6362439666520404, "VL_hits1": 0.6423870118473014, "TR_hits10": 0.6140350877192983, "VL_hits10": 0.631578947368421}