{"TR_hits1": 0.5626566416040101, "VL_hits1": 0.435, "TR_hits10": 0.568922305764411, "VL_hits10": 0.495}