{"TR_hits1": 0.392688679245283, "VL_hits1": 0.39436619718309857, "TR_hits10": 0.4410377358490566, "VL_hits10": 0.4272300469483568}