{"TR_hits1": 0.7946577629382304, "VL_hits1": 0.8080133555926544, "TR_hits10": 0.49333333333333335, "VL_hits10": 0.78}