{"TR_hits1": 0.34424242424242424, "VL_hits1": 0.30434782608695654, "TR_hits10": 0.3696969696969697, "VL_hits10": 0.3671497584541063}