{"TR_hits1": 0.27775340061430454, "VL_hits1": 0.3347959631417288, "TR_hits10": 0.2578947368421053, "VL_hits10": 0.32105263157894737}