{"TR_hits1": 0.4378029079159935, "VL_hits1": 0.41935483870967744, "TR_hits10": 0.5395799676898223, "VL_hits10": 0.4774193548387097}