{"TR_hits1": 0.7947947947947948, "TS_hits1": 0.5034595775673707, "TR_hits10": 0.8898898898898899, "TS_hits10": 0.623088128186453}