{"TR_hits1": 0.530812324929972, "VL_hits1": 0.5350140056022409, "TR_hits10": 0.44692737430167595, "VL_hits10": 0.46368715083798884}