{"TR_hits1": 0.8821879382889201, "VL_hits1": 0.8892005610098177, "TR_hits10": 0.664804469273743, "VL_hits10": 0.8715083798882681}