{"TR_hits1": 0.02303030303030303, "VL_hits1": 0.00966183574879227, "TR_hits10": 0.024242424242424242, "VL_hits10": 0.014492753623188406}