{"TR_hits1": 0.9244951712028094, "VL_hits1": 0.95171202809482, "TR_hits10": 0.8245614035087719, "VL_hits10": 0.9456140350877194}