{"TR_hits1": 0.7651448639157156, "VL_hits1": 0.7677787532923617, "TR_hits10": 0.6859649122807018, "VL_hits10": 0.7298245614035088}