{"TR_hits1": 0.7867528271405493, "VL_hits1": 0.802907915993538, "TR_hits10": 0.4258064516129032, "VL_hits10": 0.6967741935483871}