{"TR_hits1": 0.4023372287145242, "VL_hits1": 0.44073455759599334, "TR_hits10": 0.37333333333333335, "VL_hits10": 0.4266666666666667}