{"TR_hits1": 0.47685834502103785, "VL_hits1": 0.48667601683029454, "TR_hits10": 0.4301675977653631, "VL_hits10": 0.46368715083798884}