{"TR_hits1": 0.4952581664910432, "VL_hits1": 0.35714285714285715, "TR_hits10": 0.5036880927291886, "VL_hits10": 0.4327731092436975}