{"TR_hits1": 0.5454545454545454, "VL_hits1": 0.36231884057971014, "TR_hits10": 0.6654545454545454, "VL_hits10": 0.6086956521739131}