{"TR_hits1": 0.6281826163301142, "VL_hits1": 0.6299385425812116, "TR_hits10": 0.5929824561403508, "VL_hits10": 0.6263157894736842}