{"TR_hits1": 0.7752414398595259, "VL_hits1": 0.7818261633011413, "TR_hits10": 0.6807017543859649, "VL_hits10": 0.7192982456140351}