{"TR_hits1": 0.5806451612903226, "VL_hits1": 0.6072931276297335, "TR_hits10": 0.4972067039106145, "VL_hits10": 0.547486033519553}