{"TR_hits1": 0.6257242178447276, "VL_hits1": 0.41203703703703703, "TR_hits10": 0.6952491309385863, "VL_hits10": 0.6388888888888888}