{"TR_hits1": 0.9420544337137841, "VL_hits1": 0.9477611940298507, "TR_hits10": 0.7894736842105263, "VL_hits10": 0.9280701754385965}