{"TR_hits1": 0.8949579831932774, "TS_hits1": 0.75555895163139, "TR_hits10": 0.9453781512605042, "TS_hits10": 0.8267746618781997}