{"TR_hits1": 0.03356481481481482, "VL_hits1": 0.041666666666666664, "TR_hits10": 0.12384259259259259, "VL_hits10": 0.10648148148148148}