{"TR_hits1": 0.603641456582633, "VL_hits1": 0.6190476190476191, "TR_hits10": 0.5363128491620112, "VL_hits10": 0.6033519553072626}