{"TR_hits1": 0.6840277777777778, "VL_hits1": 0.4675925925925926, "TR_hits10": 0.7256944444444444, "VL_hits10": 0.6851851851851852}