{"TR_hits1": 0.4006677796327212, "VL_hits1": 0.4974958263772955, "TR_hits10": 0.4266666666666667, "VL_hits10": 0.47333333333333333}