{"TR_hits1": 0.7638279192273925, "VL_hits1": 0.7664618086040387, "TR_hits10": 0.6824561403508772, "VL_hits10": 0.7175438596491228}