{"TR_hits1": 0.41569282136894825, "VL_hits1": 0.5041736227045075, "TR_hits10": 0.4266666666666667, "VL_hits10": 0.4866666666666667}