{"TR_hits1": 0.4860606060606061, "VL_hits1": 0.37681159420289856, "TR_hits10": 0.5309090909090909, "VL_hits10": 0.46859903381642515}