{"TR_hits1": 0.47641509433962265, "VL_hits1": 0.4875, "TR_hits10": 0.5817610062893082, "VL_hits10": 0.59375}