{"TR_hits1": 0.059009483667017915, "VL_hits1": 0.008403361344537815, "TR_hits10": 0.07165437302423604, "VL_hits10": 0.04201680672268908}