{"TR_hits1": 0.4492924528301887, "VL_hits1": 0.29107981220657275, "TR_hits10": 0.46226415094339623, "VL_hits10": 0.3568075117370892}