{"TR_hits1": 0.004838709677419355, "VL_hits1": 0.01935483870967742, "TR_hits10": 0.0, "VL_hits10": 0.012903225806451613}