{"TR_hits1": 0.7779632721202003, "VL_hits1": 0.8046744574290484, "TR_hits10": 0.5, "VL_hits10": 0.7666666666666667}