{"TR_hits1": 0.917741935483871, "VL_hits1": 0.9193548387096774, "TR_hits10": 0.567741935483871, "VL_hits10": 0.8774193548387097}