{"TR_hits1": 0.6377314814814815, "VL_hits1": 0.5694444444444444, "TR_hits10": 0.7002314814814815, "VL_hits10": 0.6574074074074074}