{"TR_hits1": 0.42496493688639553, "VL_hits1": 0.43899018232819076, "TR_hits10": 0.4245810055865922, "VL_hits10": 0.4301675977653631}