{"TR_hits1": 0.32193396226415094, "VL_hits1": 0.3286384976525822, "TR_hits10": 0.33608490566037735, "VL_hits10": 0.352112676056338}