{"TR_hits1": 0.17575757575757575, "VL_hits1": 0.178743961352657, "TR_hits10": 0.23515151515151514, "VL_hits10": 0.2560386473429952}