{"TR_hits1": 0.36795994993742176, "VL_hits1": 0.34, "TR_hits10": 0.41551939924906134, "VL_hits10": 0.385}