{"TR_hits1": 0.5331928345626976, "VL_hits1": 0.44537815126050423, "TR_hits10": 0.5363540569020021, "VL_hits10": 0.4495798319327731}