{"TR_hits1": 0.5869837296620776, "VL_hits1": 0.545, "TR_hits10": 0.60450563204005, "VL_hits10": 0.61}