{"TR_hits1": 0.9151234567901234, "VL_hits1": 0.9259259259259259, "TR_hits10": 0.6234567901234568, "VL_hits10": 0.8765432098765432}