{"TR_hits1": 0.726027397260274, "VL_hits1": 0.6176470588235294, "TR_hits10": 0.7344573234984194, "VL_hits10": 0.6428571428571429}