{"TR_hits1": 0.5136554621848739, "VL_hits1": 0.38235294117647056, "TR_hits10": 0.5378151260504201, "VL_hits10": 0.46218487394957986}