{"TR_hits1": 0.22424242424242424, "VL_hits1": 0.15942028985507245, "TR_hits10": 0.26545454545454544, "VL_hits10": 0.21256038647342995}