{"TR_hits1": 0.4036363636363636, "VL_hits1": 0.34782608695652173, "TR_hits10": 0.45575757575757575, "VL_hits10": 0.40096618357487923}