{"TR_hits1": 0.6470588235294118, "VL_hits1": 0.6638655462184874, "TR_hits10": 0.6145251396648045, "VL_hits10": 0.659217877094972}