{"TR_hits1": 0.7700617283950617, "VL_hits1": 0.7993827160493827, "TR_hits10": 0.47530864197530864, "VL_hits10": 0.7716049382716049}