{"TR_hits1": 0.9214586255259467, "VL_hits1": 0.9453015427769986, "TR_hits10": 0.8100558659217877, "VL_hits10": 0.9217877094972067}