{"TR_hits1": 0.6018437225636524, "VL_hits1": 0.612379280070237, "TR_hits10": 0.6035087719298246, "VL_hits10": 0.624561403508772}