{"TR_hits1": 0.9438990182328191, "VL_hits1": 0.9467040673211781, "TR_hits10": 0.7262569832402235, "VL_hits10": 0.9106145251396648}