{"TR_hits1": 0.2020033388981636, "VL_hits1": 0.24207011686143573, "TR_hits10": 0.19333333333333333, "VL_hits10": 0.22}