{"TR_hits1": 0.9172510518934082, "VL_hits1": 0.9228611500701263, "TR_hits10": 0.7039106145251397, "VL_hits10": 0.9106145251396648}