{"TR_hits1": 0.5427769985974754, "VL_hits1": 0.5568022440392707, "TR_hits10": 0.5195530726256983, "VL_hits10": 0.5251396648044693}