{"TR_hits1": 0.5258166491043204, "VL_hits1": 0.5504201680672269, "TR_hits10": 0.5679662802950474, "VL_hits10": 0.5840336134453782}