{"TR_hits1": 0.795873573309921, "VL_hits1": 0.805531167690957, "TR_hits10": 0.7280701754385965, "VL_hits10": 0.7824561403508772}