{"TR_hits1": 0.6206060606060606, "VL_hits1": 0.4251207729468599, "TR_hits10": 0.6763636363636364, "VL_hits10": 0.6328502415458938}