{"TR_hits1": 0.4974958263772955, "VL_hits1": 0.5158597662771286, "TR_hits10": 0.42, "VL_hits10": 0.4666666666666667}