{"TR_hits1": 0.3630377524143986, "VL_hits1": 0.39464442493415275, "TR_hits10": 0.2912280701754386, "VL_hits10": 0.32456140350877194}