{"TR_hits1": 0.43898156277436345, "VL_hits1": 0.4473222124670764, "TR_hits10": 0.4105263157894737, "VL_hits10": 0.4263157894736842}