{"TR_hits1": 0.5627743634767339, "VL_hits1": 0.5776997366110623, "TR_hits10": 0.5245614035087719, "VL_hits10": 0.543859649122807}