{"TR_hits1": 0.4073455759599332, "VL_hits1": 0.43906510851419034, "TR_hits10": 0.26666666666666666, "VL_hits10": 0.3}