{"TR_hits1": 0.8081761006289309, "VL_hits1": 0.8317610062893082, "TR_hits10": 0.5157232704402516, "VL_hits10": 0.8176100628930818}