{"TR_hits1": 0.16037735849056603, "VL_hits1": 0.0440251572327044, "TR_hits10": 0.20125786163522014, "VL_hits10": 0.1761006289308176}