{"TR_hits1": 0.6458333333333334, "VL_hits1": 0.39351851851851855, "TR_hits10": 0.6956018518518519, "VL_hits10": 0.625}