{"TR_hits1": 0.9325842696629213, "VL_hits1": 0.9424157303370787, "TR_hits10": 0.7247191011235955, "VL_hits10": 0.9382022471910112}