{"TR_hits1": 0.4882075471698113, "VL_hits1": 0.38028169014084506, "TR_hits10": 0.49528301886792453, "VL_hits10": 0.4131455399061033}