{"TR_hits1": 0.8437917222963952, "TS_hits1": 0.3059462346448282, "TR_hits10": 0.9345794392523364, "TS_hits10": 0.6102011750044508}