{"TR_hits1": 0.9465954606141522, "TS_hits1": 0.986648865153538, "TR_hits10": 0.567651771408225, "TS_hits10": 0.8292682926829268}