{"TR_hits1": 0.8547579298831386, "VL_hits1": 0.8697829716193656, "TR_hits10": 0.52, "VL_hits10": 0.8066666666666666}