{"TR_hits1": 0.5323033707865169, "VL_hits1": 0.5730337078651685, "TR_hits10": 0.601123595505618, "VL_hits10": 0.6685393258426966}