{"TR_hits1": 0.879382889200561, "VL_hits1": 0.9144460028050491, "TR_hits10": 0.6201117318435754, "VL_hits10": 0.8659217877094972}