{"TR_hits1": 0.330550918196995, "VL_hits1": 0.35392320534223703, "TR_hits10": 0.36666666666666664, "VL_hits10": 0.38}