{"TR_hits1": 0.7625201938610663, "VL_hits1": 0.7932148626817448, "TR_hits10": 0.4774193548387097, "VL_hits10": 0.7225806451612903}