{"TR_hits1": 0.5834502103786816, "VL_hits1": 0.5698324022346368, "TR_hits10": 0.6661991584852734, "VL_hits10": 0.6536312849162011}