{"TR_hits1": 0.5385694249649369, "VL_hits1": 0.576437587657784, "TR_hits10": 0.45251396648044695, "VL_hits10": 0.553072625698324}