{"TR_hits1": 0.9420544337137841, "VL_hits1": 0.9543459174714662, "TR_hits10": 0.7929824561403509, "VL_hits10": 0.9368421052631579}