{"TR_hits1": 0.422550052687039, "VL_hits1": 0.42436974789915966, "TR_hits10": 0.44783983140147526, "VL_hits10": 0.46218487394957986}