{"TR_hits1": 0.480684811237928, "VL_hits1": 0.49209833187006147, "TR_hits10": 0.4824561403508772, "VL_hits10": 0.4964912280701754}