{"TR_hits1": 0.0023148148148148147, "VL_hits1": 0.013888888888888888, "TR_hits10": 0.009259259259259259, "VL_hits10": 0.018518518518518517}