{"TR_hits1": 0.2644889357218124, "VL_hits1": 0.25210084033613445, "TR_hits10": 0.3066385669125395, "VL_hits10": 0.31092436974789917}