{"TR_hits1": 0.7954345917471466, "VL_hits1": 0.7989464442493416, "TR_hits10": 0.7263157894736842, "VL_hits10": 0.7649122807017544}