{"TR_hits1": 0.30462184873949577, "VL_hits1": 0.1722689075630252, "TR_hits10": 0.3224789915966387, "VL_hits10": 0.226890756302521}