{"TR_hits1": 0.9771829749890303, "VL_hits1": 0.9824484422992541, "TR_hits10": 0.8631578947368421, "VL_hits10": 0.9736842105263158}