{"TR_hits1": 0.19365609348914858, "VL_hits1": 0.21368948247078465, "TR_hits10": 0.14, "VL_hits10": 0.22}