{"TR_hits1": 0.3739495798319328, "VL_hits1": 0.38375350140056025, "TR_hits10": 0.329608938547486, "VL_hits10": 0.329608938547486}