{"TR_hits1": 0.34557595993322204, "VL_hits1": 0.4357262103505843, "TR_hits10": 0.2866666666666667, "VL_hits10": 0.36666666666666664}