{"TR_hits1": 0.3854258121158911, "VL_hits1": 0.39025460930640915, "TR_hits10": 0.3719298245614035, "VL_hits10": 0.37894736842105264}