{"TR_hits1": 0.9536516853932584, "VL_hits1": 0.9606741573033708, "TR_hits10": 0.8258426966292135, "VL_hits10": 0.9606741573033708}