{"TR_hits1": 0.9389815627743635, "VL_hits1": 0.9503950834064969, "TR_hits10": 0.7736842105263158, "VL_hits10": 0.9491228070175438}