{"TR_hits1": 0.898876404494382, "VL_hits1": 0.9339887640449438, "TR_hits10": 0.7359550561797753, "VL_hits10": 0.9269662921348315}