{"TR_hits1": 0.5392156862745098, "VL_hits1": 0.542016806722689, "TR_hits10": 0.5083798882681564, "VL_hits10": 0.5139664804469274}