{"TR_hits1": 0.6842105263157895, "VL_hits1": 0.49, "TR_hits10": 0.7531328320802005, "VL_hits10": 0.75}