{"TR_hits1": 0.5241596638655462, "VL_hits1": 0.42016806722689076, "TR_hits10": 0.5283613445378151, "VL_hits10": 0.46638655462184875}