{"TR_hits1": 0.5425709515859767, "VL_hits1": 0.5559265442404007, "TR_hits10": 0.47333333333333333, "VL_hits10": 0.5066666666666667}