{"TR_hits1": 0.34891485809682804, "VL_hits1": 0.3589315525876461, "TR_hits10": 0.24, "VL_hits10": 0.26666666666666666}