{"TR_hits1": 0.714516129032258, "VL_hits1": 0.7741935483870968, "TR_hits10": 0.535483870967742, "VL_hits10": 0.7419354838709677}