{"TR_hits1": 0.8955696202531646, "VL_hits1": 0.7184873949579832, "TR_hits10": 0.9103375527426161, "VL_hits10": 0.9117647058823529}