{"TR_hits1": 0.0014044943820224719, "VL_hits1": 0.008426966292134831, "TR_hits10": 0.0, "VL_hits10": 0.0056179775280898875}