{"TR_hits1": 0.3316645807259074, "VL_hits1": 0.355, "TR_hits10": 0.36295369211514394, "VL_hits10": 0.38}