{"TR_hits1": 0.05006257822277847, "VL_hits1": 0.045, "TR_hits10": 0.11264080100125157, "VL_hits10": 0.105}