{"TR_hits1": 0.36037934668071653, "VL_hits1": 0.3067226890756303, "TR_hits10": 0.3909378292939937, "VL_hits10": 0.3949579831932773}