{"TR_hits1": 0.332220367278798, "VL_hits1": 0.3672787979966611, "TR_hits10": 0.35333333333333333, "VL_hits10": 0.4066666666666667}