{"TR_hits1": 0.01729559748427673, "VL_hits1": 0.0770440251572327, "TR_hits10": 0.0, "VL_hits10": 0.00625}