{"TR_hits1": 0.4174714661984197, "VL_hits1": 0.45873573309920984, "TR_hits10": 0.41578947368421054, "VL_hits10": 0.45263157894736844}