{"TR_hits1": 0.40252897787144365, "VL_hits1": 0.42016806722689076, "TR_hits10": 0.40990516332982085, "VL_hits10": 0.42436974789915966}