{"TR_hits1": 0.9175076788064941, "VL_hits1": 0.952610794207986, "TR_hits10": 0.787719298245614, "VL_hits10": 0.9508771929824561}