{"TR_hits1": 0.0052677787532923615, "VL_hits1": 0.022388059701492536, "TR_hits10": 0.0017543859649122807, "VL_hits10": 0.02456140350877193}