{"TR_hits1": 0.5750350631136045, "VL_hits1": 0.5750350631136045, "TR_hits10": 0.4748603351955307, "VL_hits10": 0.49162011173184356}