{"TR_hits1": 0.20275344180225283, "VL_hits1": 0.24, "TR_hits10": 0.26783479349186484, "VL_hits10": 0.28}