{"TR_hits1": 0.5197541703248464, "VL_hits1": 0.6014047410008779, "TR_hits10": 0.5350877192982456, "VL_hits10": 0.6070175438596491}