{"TR_hits1": 0.2084848484848485, "VL_hits1": 0.21256038647342995, "TR_hits10": 0.24606060606060606, "VL_hits10": 0.23671497584541062}