{"TR_hits1": 0.2215496368038741, "VL_hits1": 0.14492753623188406, "TR_hits10": 0.2639225181598063, "VL_hits10": 0.21739130434782608}