{"TR_hits1": 0.025454545454545455, "VL_hits1": 0.014492753623188406, "TR_hits10": 0.02666666666666667, "VL_hits10": 0.028985507246376812}