{"TR_hits1": 0.7366110623353819, "VL_hits1": 0.7467076382791923, "TR_hits10": 0.6578947368421053, "VL_hits10": 0.7105263157894737}