{"TR_hits1": 0.4724540901502504, "VL_hits1": 0.48914858096828046, "TR_hits10": 0.35333333333333333, "VL_hits10": 0.4266666666666667}