{"TR_hits1": 0.746268656716418, "VL_hits1": 0.753731343283582, "TR_hits10": 0.6298245614035087, "VL_hits10": 0.6719298245614035}