{"TR_hits1": 0.6474719101123596, "VL_hits1": 0.5449438202247191, "TR_hits10": 0.6783707865168539, "VL_hits10": 0.6123595505617978}