{"TR_hits1": 0.7110849056603774, "VL_hits1": 0.48826291079812206, "TR_hits10": 0.8419811320754716, "VL_hits10": 0.7887323943661971}