{"TR_hits1": 0.49627029398859146, "VL_hits1": 0.5089951733216322, "TR_hits10": 0.47192982456140353, "VL_hits10": 0.5}