{"TR_hits1": 0.36910377358490565, "VL_hits1": 0.27230046948356806, "TR_hits10": 0.39622641509433965, "VL_hits10": 0.3380281690140845}