{"TR_hits1": 0.785483870967742, "VL_hits1": 0.8129032258064516, "TR_hits10": 0.5741935483870968, "VL_hits10": 0.7548387096774194}