{"TR_hits1": 0.0, "VL_hits1": 0.004629629629629629, "TR_hits10": 0.012345679012345678, "VL_hits10": 0.06172839506172839}