{"TR_hits1": 0.3765133171912833, "VL_hits1": 0.3333333333333333, "TR_hits10": 0.4152542372881356, "VL_hits10": 0.3526570048309179}