{"TR_hits1": 0.007716049382716049, "VL_hits1": 0.046296296296296294, "TR_hits10": 0.006172839506172839, "VL_hits10": 0.04938271604938271}