{"TR_hits1": 0.4056603773584906, "VL_hits1": 0.29577464788732394, "TR_hits10": 0.42452830188679247, "VL_hits10": 0.3755868544600939}