{"TR_hits1": 0.8330550918196995, "VL_hits1": 0.8363939899833055, "TR_hits10": 0.49333333333333335, "VL_hits10": 0.8066666666666666}