{"TR_hits1": 0.43459174714661986, "VL_hits1": 0.442054433713784, "TR_hits10": 0.44035087719298244, "VL_hits10": 0.45789473684210524}