{"TR_hits1": 0.4838709677419355, "VL_hits1": 0.5077138849929874, "TR_hits10": 0.4245810055865922, "VL_hits10": 0.44692737430167595}