{"TR_hits1": 0.8580246913580247, "VL_hits1": 0.8765432098765432, "TR_hits10": 0.5617283950617284, "VL_hits10": 0.8333333333333334}