{"TR_hits1": 0.8255250403877221, "VL_hits1": 0.8529886914378029, "TR_hits10": 0.49032258064516127, "VL_hits10": 0.7677419354838709}