{"avg_TR_hits1": 0.8969057945998268, "std_TR_hits1": 0.06155779844688109, "avg_TS_hits1": 0.5941667292082417, "std_TS_hits1": 0.04999055809583479, "avg_TR_hits10": 0.9439520228747539, "std_TR_hits10": 0.055996646392164964, "avg_TS_hits10": 0.8580545020633439, "std_TS_hits10": 0.05360165091268042}