{"TR_hits1": 0.4557595993322204, "VL_hits1": 0.38, "TR_hits10": 0.5175292153589316, "VL_hits10": 0.4533333333333333}