{"TR_hits1": 0.41736227045075125, "VL_hits1": 0.48080133555926546, "TR_hits10": 0.42, "VL_hits10": 0.48}