{"TR_hits1": 0.31512605042016806, "VL_hits1": 0.25630252100840334, "TR_hits10": 0.35294117647058826, "VL_hits10": 0.3235294117647059}