{"TR_hits1": 0.6848739495798319, "VL_hits1": 0.7044817927170869, "TR_hits10": 0.6033519553072626, "VL_hits10": 0.6368715083798883}