{"TR_hits1": 0.7063213345039508, "VL_hits1": 0.7216856892010536, "TR_hits10": 0.5964912280701754, "VL_hits10": 0.6491228070175439}