{"TR_hits1": 0.5189075630252101, "VL_hits1": 0.40756302521008403, "TR_hits10": 0.5262605042016807, "VL_hits10": 0.44537815126050423}