{"TR_hits1": 0.7787114845938375, "VL_hits1": 0.7787114845938375, "TR_hits10": 0.6703910614525139, "VL_hits10": 0.6983240223463687}