{"TR_hits1": 0.7014925373134329, "VL_hits1": 0.7102721685689201, "TR_hits10": 0.6105263157894737, "VL_hits10": 0.6701754385964912}