{"TR_hits1": 0.4555694618272841, "VL_hits1": 0.47, "TR_hits10": 0.4831038798498123, "VL_hits10": 0.505}