{"TR_hits1": 0.5041736227045075, "VL_hits1": 0.5275459098497496, "TR_hits10": 0.4866666666666667, "VL_hits10": 0.5266666666666666}