{"TR_hits1": 0.8006182380216383, "VL_hits1": 0.839258114374034, "TR_hits10": 0.5, "VL_hits10": 0.8271604938271605}