{"TR_hits1": 0.8714524207011686, "VL_hits1": 0.9081803005008348, "TR_hits10": 0.5666666666666667, "VL_hits10": 0.92}