{"TR_hits1": 0.5834502103786816, "VL_hits1": 0.6255259467040674, "TR_hits10": 0.4692737430167598, "VL_hits10": 0.547486033519553}