{"TR_hits1": 0.42787878787878786, "VL_hits1": 0.45410628019323673, "TR_hits10": 0.46424242424242423, "VL_hits10": 0.5072463768115942}