{"TR_hits1": 0.35472154963680386, "VL_hits1": 0.28019323671497587, "TR_hits10": 0.39588377723970947, "VL_hits10": 0.33816425120772947}