{"TR_hits1": 0.9637172284644194, "TS_hits1": 0.9839653558052435, "TR_hits10": 0.8505222505046959, "TS_hits10": 0.9628134234471459}