{"TR_hits1": 0.7702845100105374, "VL_hits1": 0.5378151260504201, "TR_hits10": 0.8314014752370916, "VL_hits10": 0.8319327731092437}