{"TR_hits1": 0.9648876404494382, "VL_hits1": 0.9719101123595506, "TR_hits10": 0.7262569832402235, "VL_hits10": 0.9329608938547486}