{"TR_hits1": 0.3891509433962264, "VL_hits1": 0.39906103286384975, "TR_hits10": 0.41037735849056606, "VL_hits10": 0.4084507042253521}