{"TR_hits1": 0.5294117647058824, "VL_hits1": 0.47478991596638653, "TR_hits10": 0.532563025210084, "VL_hits10": 0.48739495798319327}