{"TR_hits1": 0.935908691834943, "VL_hits1": 0.9547848990342406, "TR_hits10": 0.8105263157894737, "VL_hits10": 0.9438596491228071}