{"TR_hits1": 0.9253731343283582, "VL_hits1": 0.9460052677787533, "TR_hits10": 0.775438596491228, "VL_hits10": 0.9508771929824561}