{"avg_TR_hits1": 0.892405392820735, "std_TR_hits1": 0.055978056920174796, "avg_TS_hits1": 0.5654870607693804, "std_TS_hits1": 0.02598520882866288, "avg_TR_hits10": 0.9388970833163232, "std_TR_hits10": 0.0626259390810071, "avg_TS_hits10": 0.8406414572733364, "std_TS_hits10": 0.014565295425673992}