{"TR_hits1": 0.5141903171953256, "VL_hits1": 0.5258764607679466, "TR_hits10": 0.4, "VL_hits10": 0.46}