{"TR_hits1": 0.2870662460567823, "VL_hits1": 0.2647058823529412, "TR_hits10": 0.31650893796004204, "VL_hits10": 0.31512605042016806}