{"TR_hits1": 0.5707865168539326, "TS_hits1": 0.6049734102314434, "TR_hits10": 0.6674157303370787, "TS_hits10": 0.6936559059246499}