{"TR_hits1": 0.5225375626043406, "VL_hits1": 0.5342237061769616, "TR_hits10": 0.41333333333333333, "VL_hits10": 0.49333333333333335}