{"TR_hits1": 0.17688679245283018, "VL_hits1": 0.1643192488262911, "TR_hits10": 0.2169811320754717, "VL_hits10": 0.22535211267605634}