{"TR_hits1": 0.24045634050021938, "VL_hits1": 0.2939885914874945, "TR_hits10": 0.23859649122807017, "VL_hits10": 0.29473684210526313}