{"TR_hits1": 0.2938230383973289, "VL_hits1": 0.32387312186978295, "TR_hits10": 0.25333333333333335, "VL_hits10": 0.2733333333333333}