{"TR_hits1": 0.8024691358024691, "VL_hits1": 0.8132716049382716, "TR_hits10": 0.5, "VL_hits10": 0.7777777777777778}