{"TR_hits1": 0.4523809523809524, "VL_hits1": 0.453781512605042, "TR_hits10": 0.37988826815642457, "VL_hits10": 0.39106145251396646}