{"TR_hits1": 0.8541374474053296, "VL_hits1": 0.8863955119214586, "TR_hits10": 0.7374301675977654, "VL_hits10": 0.8770949720670391}