{"TR_hits1": 0.520336605890603, "VL_hits1": 0.5287517531556802, "TR_hits10": 0.3854748603351955, "VL_hits10": 0.441340782122905}