{"TR_hits1": 0.75, "VL_hits1": 0.7629032258064516, "TR_hits10": 0.44516129032258067, "VL_hits10": 0.7225806451612903}