{"TR_hits1": 0.37844611528822053, "VL_hits1": 0.35, "TR_hits10": 0.42355889724310775, "VL_hits10": 0.43}