{"TR_hits1": 0.7326388888888888, "VL_hits1": 0.4444444444444444, "TR_hits10": 0.7662037037037037, "VL_hits10": 0.6990740740740741}