{"TR_hits1": 0.3758765778401122, "VL_hits1": 0.46563814866760167, "TR_hits10": 0.33519553072625696, "VL_hits10": 0.39106145251396646}