{"TR_hits1": 0.7941176470588235, "VL_hits1": 0.8046532045654082, "TR_hits10": 0.6894736842105263, "VL_hits10": 0.743859649122807}