{"TR_hits1": 0.7654320987654321, "VL_hits1": 0.7777777777777778, "TR_hits10": 0.5308641975308642, "VL_hits10": 0.7716049382716049}