{"TR_hits1": 0.07253086419753087, "VL_hits1": 0.037037037037037035, "TR_hits10": 0.09259259259259259, "VL_hits10": 0.09259259259259259}