{"TR_hits1": 0.4481792717086835, "VL_hits1": 0.542016806722689, "TR_hits10": 0.44692737430167595, "VL_hits10": 0.553072625698324}