{"TR_hits1": 0.10368217054263566, "TS_hits1": 0.028968917848023246, "TR_hits10": 0.10755813953488372, "TS_hits10": 0.07510786299198732}