{"TR_hits1": 0.4600280504908836, "VL_hits1": 0.4670406732117812, "TR_hits10": 0.441340782122905, "VL_hits10": 0.46368715083798884}