{"TR_hits1": 0.8384512683578104, "TS_hits1": 0.9038718291054739, "TR_hits10": 0.48602456827487983, "TS_hits10": 0.5883923802741677}