{"TR_hits1": 0.7129506008010681, "TS_hits1": 0.5259925226989496, "TR_hits10": 0.835781041388518, "TS_hits10": 0.6295175360512729}