{"TR_hits1": 0.4073455759599332, "VL_hits1": 0.41235392320534225, "TR_hits10": 0.41333333333333333, "VL_hits10": 0.4266666666666667}