{"TR_hits1": 0.9363476733977173, "VL_hits1": 0.9503950834064969, "TR_hits10": 0.7912280701754386, "VL_hits10": 0.9315789473684211}