{"TR_hits1": 0.8395061728395061, "VL_hits1": 0.8441358024691358, "TR_hits10": 0.5185185185185185, "VL_hits10": 0.8333333333333334}