{"TR_hits1": 0.6120448179271709, "VL_hits1": 0.6162464985994398, "TR_hits10": 0.5251396648044693, "VL_hits10": 0.5642458100558659}