{"TR_hits1": 0.4305555555555556, "VL_hits1": 0.41975308641975306, "TR_hits10": 0.5555555555555556, "VL_hits10": 0.5185185185185185}