{"TR_hits1": 0.9509803921568627, "VL_hits1": 0.9607843137254902, "TR_hits10": 0.7597765363128491, "VL_hits10": 0.9329608938547486}