{"TR_hits1": 0.5578703703703703, "VL_hits1": 0.5092592592592593, "TR_hits10": 0.6030092592592593, "VL_hits10": 0.6157407407407407}