{"TR_hits1": 0.6240740740740741, "TS_hits1": 0.4053712746253578, "TR_hits10": 0.6407407407407407, "TS_hits10": 0.5153224448560364}