{"TR_hits1": 0.5215100965759438, "VL_hits1": 0.5746268656716418, "TR_hits10": 0.49473684210526314, "VL_hits10": 0.5280701754385965}