{"TR_hits1": 0.7946577629382304, "VL_hits1": 0.7996661101836394, "TR_hits10": 0.4666666666666667, "VL_hits10": 0.8}