{"TR_hits1": 0.9332748024582967, "VL_hits1": 0.9503950834064969, "TR_hits10": 0.787719298245614, "VL_hits10": 0.9350877192982456}