{"TR_hits1": 0.6928471248246845, "VL_hits1": 0.7040673211781207, "TR_hits10": 0.6256983240223464, "VL_hits10": 0.664804469273743}