{"TR_hits1": 0.6321334503950834, "VL_hits1": 0.6334503950834065, "TR_hits10": 0.5877192982456141, "VL_hits10": 0.6157894736842106}