{"TR_hits1": 0.3739565943238731, "VL_hits1": 0.3973288814691152, "TR_hits10": 0.37333333333333335, "VL_hits10": 0.4}