{"TR_hits1": 0.42487883683360256, "VL_hits1": 0.44516129032258067, "TR_hits10": 0.4991922455573506, "VL_hits10": 0.535483870967742}