{"TR_hits1": 0.656641604010025, "VL_hits1": 0.325, "TR_hits10": 0.6741854636591479, "VL_hits10": 0.63}