{"TR_hits1": 0.6536435469710272, "VL_hits1": 0.655838454784899, "TR_hits10": 0.6210526315789474, "VL_hits10": 0.6350877192982456}