{"TR_hits1": 0.7598770851624231, "VL_hits1": 0.7625109745390694, "TR_hits10": 0.6719298245614035, "VL_hits10": 0.6982456140350877}