{"TR_hits1": 0.3765432098765432, "VL_hits1": 0.4506172839506173, "TR_hits10": 0.49691358024691357, "VL_hits10": 0.6234567901234568}