{"TR_hits1": 0.333889816360601, "VL_hits1": 0.35392320534223703, "TR_hits10": 0.2866666666666667, "VL_hits10": 0.31333333333333335}