{"TR_hits1": 0.7184873949579832, "VL_hits1": 0.7212885154061625, "TR_hits10": 0.5810055865921788, "VL_hits10": 0.6033519553072626}