{"TR_hits1": 0.42016806722689076, "VL_hits1": 0.44537815126050423, "TR_hits10": 0.453781512605042, "VL_hits10": 0.46638655462184875}