{"TR_hits1": 0.568920105355575, "VL_hits1": 0.636523266022827, "TR_hits10": 0.5508771929824562, "VL_hits10": 0.643859649122807}