{"TR_hits1": 0.2838063439065108, "VL_hits1": 0.2904841402337229, "TR_hits10": 0.21333333333333335, "VL_hits10": 0.22666666666666666}