{"TR_hits1": 0.4027777777777778, "VL_hits1": 0.46296296296296297, "TR_hits10": 0.5034722222222222, "VL_hits10": 0.5694444444444444}