{"TR_hits1": 0.8647798742138365, "VL_hits1": 0.8789308176100629, "TR_hits10": 0.48427672955974843, "VL_hits10": 0.7672955974842768}