{"TR_hits1": 0.5127304653204565, "VL_hits1": 0.5856014047410009, "TR_hits10": 0.5157894736842106, "VL_hits10": 0.6017543859649123}