{"TR_hits1": 0.44363636363636366, "VL_hits1": 0.3526570048309179, "TR_hits10": 0.4775757575757576, "VL_hits10": 0.391304347826087}