{"TR_hits1": 0.3169705469845722, "VL_hits1": 0.3492286115007013, "TR_hits10": 0.30726256983240224, "VL_hits10": 0.35195530726256985}