{"TR_hits1": 0.8330550918196995, "VL_hits1": 0.8330550918196995, "TR_hits10": 0.5266666666666666, "VL_hits10": 0.8266666666666667}