{"TR_hits1": 0.43906510851419034, "VL_hits1": 0.44574290484140233, "TR_hits10": 0.31333333333333335, "VL_hits10": 0.36}