{"TR_hits1": 0.9350307287093942, "VL_hits1": 0.9543459174714662, "TR_hits10": 0.7842105263157895, "VL_hits10": 0.9333333333333333}