{"TR_hits1": 0.5539971949509116, "VL_hits1": 0.6089385474860335, "TR_hits10": 0.6619915848527349, "VL_hits10": 0.6815642458100558}