{"TR_hits1": 0.6185133239831697, "VL_hits1": 0.6521739130434783, "TR_hits10": 0.5865921787709497, "VL_hits10": 0.6312849162011173}