{"TR_hits1": 0.7790322580645161, "VL_hits1": 0.7870967741935484, "TR_hits10": 0.535483870967742, "VL_hits10": 0.7290322580645161}