{"TR_hits1": 0.5389150943396226, "VL_hits1": 0.49295774647887325, "TR_hits10": 0.5625, "VL_hits10": 0.5258215962441315}