{"TR_hits1": 0.41402337228714525, "VL_hits1": 0.46410684474123537, "TR_hits10": 0.3, "VL_hits10": 0.36}