{"TR_hits1": 0.49074074074074076, "VL_hits1": 0.4012345679012346, "TR_hits10": 0.5524691358024691, "VL_hits10": 0.5493827160493827}