{"TR_hits1": 0.11889862327909888, "VL_hits1": 0.14, "TR_hits10": 0.15018773466833543, "VL_hits10": 0.16}