{"TR_hits1": 0.9326788218793829, "VL_hits1": 0.9368863955119214, "TR_hits10": 0.770949720670391, "VL_hits10": 0.9273743016759777}