{"TR_hits1": 0.5535714285714286, "VL_hits1": 0.5504201680672269, "TR_hits10": 0.5672268907563025, "VL_hits10": 0.5756302521008403}