{"TR_hits1": 0.4340277777777778, "VL_hits1": 0.27314814814814814, "TR_hits10": 0.4444444444444444, "VL_hits10": 0.3148148148148148}