{"TR_hits1": 0.48366701791359323, "VL_hits1": 0.5168067226890757, "TR_hits10": 0.5331928345626976, "VL_hits10": 0.5462184873949579}