{"TR_hits1": 0.1761297798377752, "VL_hits1": 0.20833333333333334, "TR_hits10": 0.25028968713789107, "VL_hits10": 0.2777777777777778}