{"TR_hits1": 0.8064516129032258, "VL_hits1": 0.896774193548387, "TR_hits10": 0.6129032258064516, "VL_hits10": 0.8709677419354839}