{"TR_hits1": 0.6478696741854637, "VL_hits1": 0.415, "TR_hits10": 0.7042606516290727, "VL_hits10": 0.76}