{"TR_hits1": 0.1909722222222222, "VL_hits1": 0.14814814814814814, "TR_hits10": 0.2152777777777778, "VL_hits10": 0.18518518518518517}