{"TR_hits1": 0.296969696969697, "VL_hits1": 0.16908212560386474, "TR_hits10": 0.32606060606060605, "VL_hits10": 0.1932367149758454}