{"TR_hits1": 0.6391509433962265, "VL_hits1": 0.4413145539906103, "TR_hits10": 0.7158018867924528, "VL_hits10": 0.7370892018779343}