{"TR_hits1": 0.8709677419354839, "VL_hits1": 0.9112903225806451, "TR_hits10": 0.567741935483871, "VL_hits10": 0.864516129032258}