{"TR_hits1": 0.9547848990342406, "VL_hits1": 0.9574187884108868, "TR_hits10": 0.8228070175438597, "VL_hits10": 0.9403508771929825}