{"TR_hits1": 0.8443743427970557, "VL_hits1": 0.5966386554621849, "TR_hits10": 0.8601472134595163, "VL_hits10": 0.8361344537815126}