{"TR_hits1": 0.6586134453781513, "VL_hits1": 0.6218487394957983, "TR_hits10": 0.6922268907563025, "VL_hits10": 0.6680672268907563}