{"TR_hits1": 0.49261603375527424, "VL_hits1": 0.4957983193277311, "TR_hits10": 0.5126582278481012, "VL_hits10": 0.5126050420168067}