{"TR_hits1": 0.3602584814216478, "VL_hits1": 0.45161290322580644, "TR_hits10": 0.4604200323101777, "VL_hits10": 0.5225806451612903}