{"TR_hits1": 0.5632040050062578, "VL_hits1": 0.495, "TR_hits10": 0.5819774718397998, "VL_hits10": 0.565}