{"TR_hits1": 0.5798611111111112, "VL_hits1": 0.49537037037037035, "TR_hits10": 0.6342592592592593, "VL_hits10": 0.5925925925925926}