{"TR_hits1": 0.5251572327044025, "VL_hits1": 0.4716981132075472, "TR_hits10": 0.5644654088050315, "VL_hits10": 0.5408805031446541}