{"TR_hits1": 0.8096828046744574, "VL_hits1": 0.8230383973288815, "TR_hits10": 0.5866666666666667, "VL_hits10": 0.8333333333333334}