{"TR_hits1": 0.4307178631051753, "VL_hits1": 0.3933333333333333, "TR_hits10": 0.5125208681135225, "VL_hits10": 0.44666666666666666}