{"TR_hits1": 0.4557595993322204, "VL_hits1": 0.4607679465776294, "TR_hits10": 0.3333333333333333, "VL_hits10": 0.37333333333333335}