{"TR_hits1": 0.8742138364779874, "VL_hits1": 0.8915094339622641, "TR_hits10": 0.5125, "VL_hits10": 0.74375}