{"TR_hits1": 0.2518796992481203, "VL_hits1": 0.195, "TR_hits10": 0.2619047619047619, "VL_hits10": 0.225}