{"TR_hits1": 0.462406015037594, "VL_hits1": 0.385, "TR_hits10": 0.5012531328320802, "VL_hits10": 0.445}