{"TR_hits1": 0.7479806138933764, "VL_hits1": 0.7915993537964459, "TR_hits10": 0.5096774193548387, "VL_hits10": 0.7935483870967742}