{"TR_hits1": 0.9213483146067416, "VL_hits1": 0.949438202247191, "TR_hits10": 0.7640449438202247, "VL_hits10": 0.9382022471910112}