{"TR_hits1": 0.7957957957957958, "TS_hits1": 0.4242534595775674, "TR_hits10": 0.8858858858858859, "TS_hits10": 0.5411507647487254}