{"TR_hits1": 0.5825471698113207, "VL_hits1": 0.5211267605633803, "TR_hits10": 0.5966981132075472, "VL_hits10": 0.568075117370892}