{"TR_hits1": 0.5342237061769616, "VL_hits1": 0.5375626043405676, "TR_hits10": 0.44666666666666666, "VL_hits10": 0.48}