{"TR_hits1": 0.20833333333333334, "VL_hits1": 0.13425925925925927, "TR_hits10": 0.23958333333333334, "VL_hits10": 0.1712962962962963}