{"TR_hits1": 0.9435551811288964, "TS_hits1": 0.7167917879577141, "TR_hits10": 0.987363100252738, "TS_hits10": 0.9210969817680404}