{"TR_hits1": 0.7006172839506173, "VL_hits1": 0.7916666666666666, "TR_hits10": 0.5, "VL_hits10": 0.7716049382716049}