{"TR_hits1": 0.37454545454545457, "VL_hits1": 0.3333333333333333, "TR_hits10": 0.4509090909090909, "VL_hits10": 0.4396135265700483}