{"TR_hits1": 0.38619854721549635, "VL_hits1": 0.4057971014492754, "TR_hits10": 0.4406779661016949, "VL_hits10": 0.45893719806763283}