{"TR_hits1": 0.3875147232037691, "VL_hits1": 0.4272300469483568, "TR_hits10": 0.4829210836277974, "VL_hits10": 0.49295774647887325}