{"TR_hits1": 0.06508135168961202, "VL_hits1": 0.04, "TR_hits10": 0.10638297872340426, "VL_hits10": 0.105}