{"TR_hits1": 0.9245283018867925, "VL_hits1": 0.9433962264150944, "TR_hits10": 0.55, "VL_hits10": 0.89375}