{"TR_hits1": 0.48475289169295477, "VL_hits1": 0.3907563025210084, "TR_hits10": 0.49631966351209256, "VL_hits10": 0.40756302521008403}