{"TR_hits1": 0.28035043804755944, "VL_hits1": 0.22, "TR_hits10": 0.29662077596996245, "VL_hits10": 0.27}