{"TR_hits1": 0.8777660695468915, "VL_hits1": 0.6092436974789915, "TR_hits10": 0.9125395152792413, "VL_hits10": 0.8529411764705882}