{"TR_hits1": 0.8236068451075033, "VL_hits1": 0.8284335234752084, "TR_hits10": 0.7385964912280701, "VL_hits10": 0.7807017543859649}