{"TR_hits1": 0.8247078464106845, "VL_hits1": 0.8247078464106845, "TR_hits10": 0.49333333333333335, "VL_hits10": 0.7866666666666666}