{"TR_hits1": 0.9508426966292135, "VL_hits1": 0.9550561797752809, "TR_hits10": 0.7584269662921348, "VL_hits10": 0.9382022471910112}