{"TR_hits1": 0.4491525423728814, "VL_hits1": 0.4251207729468599, "TR_hits10": 0.5351089588377724, "VL_hits10": 0.5314009661835749}