{"TR_hits1": 0.5436320754716981, "VL_hits1": 0.41784037558685444, "TR_hits10": 0.5625, "VL_hits10": 0.5023474178403756}