{"TR_hits1": 0.46412037037037035, "VL_hits1": 0.3333333333333333, "TR_hits10": 0.48148148148148145, "VL_hits10": 0.4074074074074074}