{"TR_hits1": 0.3772954924874791, "VL_hits1": 0.3823038397328882, "TR_hits10": 0.3333333333333333, "VL_hits10": 0.3466666666666667}