{"TR_hits1": 0.6093064091308165, "VL_hits1": 0.6106233538191396, "TR_hits10": 0.5947368421052631, "VL_hits10": 0.6105263157894737}