{"TR_hits1": 0.49159663865546216, "VL_hits1": 0.4943977591036415, "TR_hits10": 0.48044692737430167, "VL_hits10": 0.4860335195530726}