{"TR_hits1": 0.5015723270440252, "VL_hits1": 0.45, "TR_hits10": 0.610062893081761, "VL_hits10": 0.56875}