{"TR_hits1": 0.5245441795231417, "VL_hits1": 0.4860335195530726, "TR_hits10": 0.603085553997195, "VL_hits10": 0.5810055865921788}