{"TR_hits1": 0.4361851332398317, "VL_hits1": 0.44039270687237025, "TR_hits10": 0.30726256983240224, "VL_hits10": 0.36312849162011174}