{"TR_hits1": 0.3047508690614137, "VL_hits1": 0.35185185185185186, "TR_hits10": 0.3314020857473928, "VL_hits10": 0.4675925925925926}