{"TR_hits1": 0.535377358490566, "VL_hits1": 0.47417840375586856, "TR_hits10": 0.5483490566037735, "VL_hits10": 0.539906103286385}