{"TR_hits1": 0.5566037735849056, "VL_hits1": 0.47417840375586856, "TR_hits10": 0.5955188679245284, "VL_hits10": 0.5211267605633803}