{"TR_hits1": 0.8721973094170403, "TS_hits1": 0.43160254015689203, "TR_hits10": 0.9338565022421524, "TS_hits10": 0.7365707881957415}