{"TR_hits1": 0.9876681614349776, "TS_hits1": 0.9955156950672646, "TR_hits10": 0.7758685095255884, "TS_hits10": 0.9405304445274562}