{"TR_hits1": 0.5, "VL_hits1": 0.5201931518876207, "TR_hits10": 0.5052631578947369, "VL_hits10": 0.5280701754385965}