{"TR_hits1": 0.01853997682502897, "VL_hits1": 0.013888888888888888, "TR_hits10": 0.023174971031286212, "VL_hits10": 0.023148148148148147}