{"TR_hits1": 0.2921535893155259, "VL_hits1": 0.3105175292153589, "TR_hits10": 0.18, "VL_hits10": 0.28}