{"TR_hits1": 0.3789649415692821, "VL_hits1": 0.32666666666666666, "TR_hits10": 0.4340567612687813, "VL_hits10": 0.42}