{"TR_hits1": 0.6988586479367866, "VL_hits1": 0.7063213345039508, "TR_hits10": 0.6491228070175439, "VL_hits10": 0.6842105263157895}