{"TR_hits1": 0.9363476733977173, "VL_hits1": 0.95171202809482, "TR_hits10": 0.8210526315789474, "VL_hits10": 0.9491228070175438}