{"TR_hits1": 0.9398859148749451, "VL_hits1": 0.9697235629662132, "TR_hits10": 0.8298245614035088, "VL_hits10": 0.9543859649122807}