{"TR_hits1": 0.25589622641509435, "VL_hits1": 0.14553990610328638, "TR_hits10": 0.2806603773584906, "VL_hits10": 0.20657276995305165}