{"TR_hits1": 0.4830508474576271, "VL_hits1": 0.47342995169082125, "TR_hits10": 0.5665859564164649, "VL_hits10": 0.5555555555555556}