{"TR_hits1": 0.5827186512118019, "VL_hits1": 0.5294117647058824, "TR_hits10": 0.5911485774499473, "VL_hits10": 0.5672268907563025}