{"TR_hits1": 0.7006302521008403, "VL_hits1": 0.6260504201680672, "TR_hits10": 0.7226890756302521, "VL_hits10": 0.6680672268907563}