{"TR_hits1": 0.43929912390488113, "VL_hits1": 0.415, "TR_hits10": 0.5118898623279099, "VL_hits10": 0.5}