{"TR_hits1": 0.24207011686143573, "VL_hits1": 0.3105175292153589, "TR_hits10": 0.26666666666666666, "VL_hits10": 0.32666666666666666}