{"TR_hits1": 0.7979966611018364, "VL_hits1": 0.8280467445742905, "TR_hits10": 0.4866666666666667, "VL_hits10": 0.7266666666666667}