{"TR_hits1": 0.28751753155680226, "VL_hits1": 0.33099579242636745, "TR_hits10": 0.22346368715083798, "VL_hits10": 0.27932960893854747}