{"TR_hits1": 0.32060185185185186, "VL_hits1": 0.3148148148148148, "TR_hits10": 0.3993055555555556, "VL_hits10": 0.4074074074074074}