{"TR_hits1": 0.8384491114701131, "VL_hits1": 0.8481421647819063, "TR_hits10": 0.4838709677419355, "VL_hits10": 0.8258064516129032}