{"TR_hits1": 0.20775969962453067, "VL_hits1": 0.185, "TR_hits10": 0.2615769712140175, "VL_hits10": 0.275}