{"TR_hits1": 0.014527845036319613, "VL_hits1": 0.01932367149758454, "TR_hits10": 0.023002421307506054, "VL_hits10": 0.03864734299516908}