{"TR_hits1": 0.5813679245283019, "VL_hits1": 0.5070422535211268, "TR_hits10": 0.5990566037735849, "VL_hits10": 0.5868544600938967}