{"TR_hits1": 0.603641456582633, "VL_hits1": 0.6974789915966386, "TR_hits10": 0.6201117318435754, "VL_hits10": 0.664804469273743}