{"TR_hits1": 0.42070116861435725, "VL_hits1": 0.5258764607679466, "TR_hits10": 0.44666666666666666, "VL_hits10": 0.5133333333333333}