{"TR_hits1": 0.8737727910238429, "VL_hits1": 0.9046283309957924, "TR_hits10": 0.6424581005586593, "VL_hits10": 0.888268156424581}