{"TR_hits1": 0.40392706872370265, "VL_hits1": 0.41935483870967744, "TR_hits10": 0.3687150837988827, "VL_hits10": 0.37988826815642457}