{"TR_hits1": 0.555672268907563, "VL_hits1": 0.4831932773109244, "TR_hits10": 0.601890756302521, "VL_hits10": 0.5294117647058824}