{"TR_hits1": 0.6878841088674276, "VL_hits1": 0.7093942054433714, "TR_hits10": 0.6894736842105263, "VL_hits10": 0.7210526315789474}