{"TR_hits1": 0.36894824707846413, "VL_hits1": 0.3789649415692821, "TR_hits10": 0.32666666666666666, "VL_hits10": 0.37333333333333335}