{"TR_hits1": 0.3555926544240401, "VL_hits1": 0.3973288814691152, "TR_hits10": 0.31333333333333335, "VL_hits10": 0.35333333333333333}