{"TR_hits1": 0.21554770318021202, "VL_hits1": 0.19718309859154928, "TR_hits10": 0.23674911660777384, "VL_hits10": 0.24882629107981222}