{"TR_hits1": 0.5122914837576822, "VL_hits1": 0.5755048287971906, "TR_hits10": 0.5175438596491229, "VL_hits10": 0.5614035087719298}