{"TR_hits1": 0.611062335381914, "VL_hits1": 0.6246707638279192, "TR_hits10": 0.5508771929824562, "VL_hits10": 0.5789473684210527}