{"TR_hits1": 0.7415185783521809, "VL_hits1": 0.789983844911147, "TR_hits10": 0.47096774193548385, "VL_hits10": 0.7935483870967742}