{"TR_hits1": 0.18632075471698112, "VL_hits1": 0.14553990610328638, "TR_hits10": 0.2169811320754717, "VL_hits10": 0.19248826291079812}