{"TR_hits1": 0.28692493946731235, "VL_hits1": 0.2222222222222222, "TR_hits10": 0.3062953995157385, "VL_hits10": 0.2898550724637681}