{"TR_hits1": 0.8667601683029453, "VL_hits1": 0.8920056100981767, "TR_hits10": 0.5754189944134078, "VL_hits10": 0.8491620111731844}