{"TR_hits1": 0.15525876460767946, "VL_hits1": 0.17362270450751252, "TR_hits10": 0.15333333333333332, "VL_hits10": 0.17333333333333334}