{"TR_hits1": 0.27310924369747897, "VL_hits1": 0.31512605042016806, "TR_hits10": 0.31512605042016806, "VL_hits10": 0.35714285714285715}