{"TR_hits1": 0.29912390488110135, "VL_hits1": 0.27, "TR_hits10": 0.30287859824780977, "VL_hits10": 0.29}