{"TR_hits1": 0.5068493150684932, "VL_hits1": 0.5252100840336135, "TR_hits10": 0.5247629083245522, "VL_hits10": 0.542016806722689}