{"TR_hits1": 0.8050314465408805, "VL_hits1": 0.8490566037735849, "TR_hits10": 0.48427672955974843, "VL_hits10": 0.7484276729559748}