{"TR_hits1": 0.6533613445378151, "VL_hits1": 0.5126050420168067, "TR_hits10": 0.657563025210084, "VL_hits10": 0.5588235294117647}