{"TR_hits1": 0.9332748024582967, "VL_hits1": 0.95171202809482, "TR_hits10": 0.7508771929824561, "VL_hits10": 0.9491228070175438}