{"TR_hits1": 0.3220338983050847, "VL_hits1": 0.33816425120772947, "TR_hits10": 0.35472154963680386, "VL_hits10": 0.4057971014492754}