{"TR_hits1": 0.47038174637999125, "VL_hits1": 0.4835454146555507, "TR_hits10": 0.443859649122807, "VL_hits10": 0.46842105263157896}