{"TR_hits1": 0.3606010016694491, "VL_hits1": 0.4507512520868113, "TR_hits10": 0.34, "VL_hits10": 0.41333333333333333}