{"TR_hits1": 0.7457627118644068, "VL_hits1": 0.4492753623188406, "TR_hits10": 0.788135593220339, "VL_hits10": 0.7101449275362319}