{"TR_hits1": 0.4942932396839333, "VL_hits1": 0.5408252853380158, "TR_hits10": 0.4666666666666667, "VL_hits10": 0.512280701754386}