{"TR_hits1": 0.8595679012345679, "VL_hits1": 0.8827160493827161, "TR_hits10": 0.5617283950617284, "VL_hits10": 0.8641975308641975}