{"TR_hits1": 0.8101851851851852, "VL_hits1": 0.8256172839506173, "TR_hits10": 0.5185185185185185, "VL_hits10": 0.7839506172839507}