{"TR_hits1": 0.6218487394957983, "VL_hits1": 0.6260504201680672, "TR_hits10": 0.6033519553072626, "VL_hits10": 0.6145251396648045}