{"TR_hits1": 0.9547848990342406, "VL_hits1": 0.9582967515364355, "TR_hits10": 0.8140350877192982, "VL_hits10": 0.9456140350877194}