{"TR_hits1": 0.394109396914446, "VL_hits1": 0.4179523141654979, "TR_hits10": 0.3575418994413408, "VL_hits10": 0.39106145251396646}