{"TR_hits1": 0.1701388888888889, "VL_hits1": 0.14814814814814814, "TR_hits10": 0.2361111111111111, "VL_hits10": 0.19444444444444445}