{"TR_hits1": 0.7245370370370371, "VL_hits1": 0.5277777777777778, "TR_hits10": 0.7743055555555556, "VL_hits10": 0.7962962962962963}