{"TR_hits1": 0.407108239095315, "VL_hits1": 0.4, "TR_hits10": 0.5040387722132472, "VL_hits10": 0.4774193548387097}