{"TR_hits1": 0.5346638655462185, "VL_hits1": 0.5462184873949579, "TR_hits10": 0.5682773109243697, "VL_hits10": 0.5882352941176471}