{"TR_hits1": 0.9337137840210711, "VL_hits1": 0.9534679543459175, "TR_hits10": 0.8140350877192982, "VL_hits10": 0.9438596491228071}