{"TR_hits1": 0.9639519359145527, "TS_hits1": 0.986648865153538, "TR_hits10": 0.6501691294285206, "TS_hits10": 0.878226811465195}