{"TR_hits1": 0.8264352469959947, "TS_hits1": 0.30630229659960834, "TR_hits10": 0.9292389853137517, "TS_hits10": 0.6123375467331316}