{"TR_hits1": 0.7038988408851422, "VL_hits1": 0.6218487394957983, "TR_hits10": 0.7239199157007377, "VL_hits10": 0.6596638655462185}