{"TR_hits1": 0.9148580968280468, "VL_hits1": 0.9282136894824707, "TR_hits10": 0.6333333333333333, "VL_hits10": 0.9133333333333333}