{"TR_hits1": 0.8848739495798319, "TS_hits1": 0.6264995797356155, "TR_hits10": 0.9184873949579831, "TS_hits10": 0.867960571559563}