{"TR_hits1": 0.5451680672268907, "VL_hits1": 0.5630252100840336, "TR_hits10": 0.5640756302521008, "VL_hits10": 0.6134453781512605}