{"TR_hits1": 0.31719532554257096, "VL_hits1": 0.32387312186978295, "TR_hits10": 0.3, "VL_hits10": 0.31333333333333335}