{"TR_hits1": 0.7458296751536435, "VL_hits1": 0.7532923617208077, "TR_hits10": 0.6456140350877193, "VL_hits10": 0.7035087719298245}