{"TR_hits1": 0.8336025848142165, "VL_hits1": 0.8416801292407108, "TR_hits10": 0.4838709677419355, "VL_hits10": 0.7161290322580646}