{"TR_hits1": 0.961386573058359, "VL_hits1": 0.9648968845985081, "TR_hits10": 0.8543859649122807, "VL_hits10": 0.9719298245614035}