{"TR_hits1": 0.40463645943098, "VL_hits1": 0.31512605042016806, "TR_hits10": 0.4130663856691254, "VL_hits10": 0.35294117647058826}