{"TR_hits1": 0.2036727879799666, "VL_hits1": 0.2604340567612688, "TR_hits10": 0.26, "VL_hits10": 0.2866666666666667}