{"TR_hits1": 0.6965226554267651, "VL_hits1": 0.6764705882352942, "TR_hits10": 0.7070600632244468, "VL_hits10": 0.7100840336134454}