{"TR_hits1": 0.43067226890756305, "VL_hits1": 0.47058823529411764, "TR_hits10": 0.47058823529411764, "VL_hits10": 0.5294117647058824}