{"TR_hits1": 0.8094820017559262, "VL_hits1": 0.810359964881475, "TR_hits10": 0.7350877192982456, "VL_hits10": 0.7789473684210526}