{"TR_hits1": 0.33101851851851855, "VL_hits1": 0.22685185185185186, "TR_hits10": 0.34953703703703703, "VL_hits10": 0.32407407407407407}