{"TR_hits1": 0.8317610062893082, "VL_hits1": 0.8459119496855346, "TR_hits10": 0.5094339622641509, "VL_hits10": 0.7987421383647799}