{"TR_hits1": 0.7596774193548387, "VL_hits1": 0.864516129032258, "TR_hits10": 0.47096774193548385, "VL_hits10": 0.8193548387096774}