{"TR_hits1": 0.5343618513323983, "VL_hits1": 0.5399719495091164, "TR_hits10": 0.5307262569832403, "VL_hits10": 0.553072625698324}