{"TR_hits1": 0.7897278314310799, "VL_hits1": 0.7919227392449517, "TR_hits10": 0.7105263157894737, "VL_hits10": 0.7350877192982456}