{"TR_hits1": 0.9402985074626866, "VL_hits1": 0.9547848990342406, "TR_hits10": 0.7824561403508772, "VL_hits10": 0.9578947368421052}