{"TR_hits1": 0.5266106442577031, "VL_hits1": 0.5434173669467787, "TR_hits10": 0.4972067039106145, "VL_hits10": 0.5195530726256983}