{"TR_hits1": 0.34064969271290607, "VL_hits1": 0.37532923617208075, "TR_hits10": 0.3175438596491228, "VL_hits10": 0.36140350877192984}