{"TR_hits1": 0.6316526610644257, "VL_hits1": 0.7254901960784313, "TR_hits10": 0.6033519553072626, "VL_hits10": 0.6815642458100558}