{"TR_hits1": 0.8247078464106845, "VL_hits1": 0.8363939899833055, "TR_hits10": 0.6066666666666667, "VL_hits10": 0.8333333333333334}