{"TR_hits1": 0.5630252100840336, "VL_hits1": 0.6176470588235294, "TR_hits10": 0.6123949579831933, "VL_hits10": 0.6470588235294118}