{"TR_hits1": 0.8863955119214586, "VL_hits1": 0.908835904628331, "TR_hits10": 0.6871508379888268, "VL_hits10": 0.9329608938547486}