{"TR_hits1": 0.5535557506584723, "VL_hits1": 0.5614574187884109, "TR_hits10": 0.531578947368421, "VL_hits10": 0.5456140350877193}