{"TR_hits1": 0.6374012291483757, "VL_hits1": 0.6676909569798068, "TR_hits10": 0.5771929824561404, "VL_hits10": 0.6228070175438597}