{"TR_hits1": 0.6396206533192834, "VL_hits1": 0.592436974789916, "TR_hits10": 0.6543730242360379, "VL_hits10": 0.634453781512605}