{"TR_hits1": 0.33962264150943394, "VL_hits1": 0.323943661971831, "TR_hits10": 0.39622641509433965, "VL_hits10": 0.4225352112676056}