{"TR_hits1": 0.45722300140252453, "VL_hits1": 0.4684431977559607, "TR_hits10": 0.4134078212290503, "VL_hits10": 0.41899441340782123}