{"TR_hits1": 0.7824074074074074, "VL_hits1": 0.816358024691358, "TR_hits10": 0.5617283950617284, "VL_hits10": 0.7654320987654321}