{"TR_hits1": 0.9135206321334504, "VL_hits1": 0.940737489025461, "TR_hits10": 0.7859649122807018, "VL_hits10": 0.9315789473684211}