{"TR_hits1": 0.9662132514260641, "VL_hits1": 0.9758666081614743, "TR_hits10": 0.8263157894736842, "VL_hits10": 0.9614035087719298}