{"TR_hits1": 0.46218487394957986, "VL_hits1": 0.4957983193277311, "TR_hits10": 0.47794117647058826, "VL_hits10": 0.5168067226890757}