{"TR_hits1": 0.6863727454909819, "TS_hits1": 0.43632225762403276, "TR_hits10": 0.7304609218436874, "TS_hits10": 0.725898953117888}