{"TR_hits1": 0.41622760800842995, "VL_hits1": 0.35714285714285715, "TR_hits10": 0.4457323498419389, "VL_hits10": 0.42857142857142855}