{"TR_hits1": 0.6574074074074074, "VL_hits1": 0.6743827160493827, "TR_hits10": 0.5740740740740741, "VL_hits10": 0.6111111111111112}