{"TR_hits1": 0.8176100628930818, "VL_hits1": 0.8742138364779874, "TR_hits10": 0.56875, "VL_hits10": 0.8875}