{"TR_hits1": 0.5666199158485273, "VL_hits1": 0.6033519553072626, "TR_hits10": 0.6577840112201964, "VL_hits10": 0.6703910614525139}