{"TR_hits1": 0.7433380084151473, "VL_hits1": 0.7447405329593267, "TR_hits10": 0.553072625698324, "VL_hits10": 0.6703910614525139}