{"TR_hits1": 0.4012121212121212, "VL_hits1": 0.28019323671497587, "TR_hits10": 0.4218181818181818, "VL_hits10": 0.28502415458937197}