{"TR_hits1": 0.9562780269058296, "TS_hits1": 0.9585201793721974, "TR_hits10": 0.7568173328352633, "TS_hits10": 0.9314904744116549}