{"TR_hits1": 0.6580717488789237, "TS_hits1": 0.34822562570041093, "TR_hits10": 0.6917040358744395, "TS_hits10": 0.662084422861412}