{"TR_hits1": 0.5988779803646563, "VL_hits1": 0.5698324022346368, "TR_hits10": 0.6760168302945302, "VL_hits10": 0.659217877094972}