{"TR_hits1": 0.7377279102384292, "VL_hits1": 0.7447405329593267, "TR_hits10": 0.6089385474860335, "VL_hits10": 0.6536312849162011}