{"TR_hits1": 0.5006060606060606, "VL_hits1": 0.3671497584541063, "TR_hits10": 0.5139393939393939, "VL_hits10": 0.42028985507246375}