{"TR_hits1": 0.6269284712482468, "VL_hits1": 0.6928471248246845, "TR_hits10": 0.5363128491620112, "VL_hits10": 0.6201117318435754}