{"TR_hits1": 0.7006172839506173, "VL_hits1": 0.7731481481481481, "TR_hits10": 0.5370370370370371, "VL_hits10": 0.7530864197530864}