{"TR_hits1": 0.5236363636363637, "VL_hits1": 0.4396135265700483, "TR_hits10": 0.5430303030303031, "VL_hits10": 0.5410628019323671}