{"TR_hits1": 0.29549248747913187, "VL_hits1": 0.3121869782971619, "TR_hits10": 0.31333333333333335, "VL_hits10": 0.3466666666666667}