{"TR_hits1": 0.6685689201053556, "VL_hits1": 0.6716417910447762, "TR_hits10": 0.6228070175438597, "VL_hits10": 0.6403508771929824}