{"TR_hits1": 0.4091981132075472, "VL_hits1": 0.3755868544600939, "TR_hits10": 0.482311320754717, "VL_hits10": 0.4788732394366197}