{"TR_hits1": 0.2152777777777778, "VL_hits1": 0.1111111111111111, "TR_hits10": 0.24189814814814814, "VL_hits10": 0.16203703703703703}