{"TR_hits1": 0.4293239683933275, "VL_hits1": 0.4503950834064969, "TR_hits10": 0.4473684210526316, "VL_hits10": 0.45789473684210524}