{"TR_hits1": 0.5694249649368864, "VL_hits1": 0.6718092566619915, "TR_hits10": 0.6033519553072626, "VL_hits10": 0.6703910614525139}