{"TR_hits1": 0.956540825285338, "VL_hits1": 0.971027216856892, "TR_hits10": 0.8070175438596491, "VL_hits10": 0.9526315789473684}