{"TR_hits1": 0.5226554267650158, "VL_hits1": 0.5630252100840336, "TR_hits10": 0.565858798735511, "VL_hits10": 0.5966386554621849}