{"TR_hits1": 0.8903225806451613, "VL_hits1": 0.9048387096774193, "TR_hits10": 0.5225806451612903, "VL_hits10": 0.8387096774193549}