{"TR_hits1": 0.7181738366988587, "VL_hits1": 0.7230026338893767, "TR_hits10": 0.6543859649122807, "VL_hits10": 0.6929824561403509}