{"TR_hits1": 0.4838709677419355, "VL_hits1": 0.5161290322580645, "TR_hits10": 0.4134078212290503, "VL_hits10": 0.4245810055865922}