{"TR_hits1": 0.9272003745318352, "TS_hits1": 0.9529494382022472, "TR_hits10": 0.7656455718423594, "TS_hits10": 0.8206208490593639}