{"TR_hits1": 0.34545454545454546, "VL_hits1": 0.3285024154589372, "TR_hits10": 0.3927272727272727, "VL_hits10": 0.3719806763285024}