{"TR_hits1": 0.5447761194029851, "VL_hits1": 0.5570676031606673, "TR_hits10": 0.49298245614035086, "VL_hits10": 0.5280701754385965}