{"TR_hits1": 0.20534223706176963, "VL_hits1": 0.2387312186978297, "TR_hits10": 0.19333333333333333, "VL_hits10": 0.23333333333333334}