{"TR_hits1": 0.2287145242070117, "VL_hits1": 0.29549248747913187, "TR_hits10": 0.17333333333333334, "VL_hits10": 0.2733333333333333}