{"TR_hits1": 0.8612903225806452, "VL_hits1": 0.8903225806451613, "TR_hits10": 0.5225806451612903, "VL_hits10": 0.832258064516129}