{"TR_hits1": 0.5225375626043406, "VL_hits1": 0.5292153589315526, "TR_hits10": 0.44, "VL_hits10": 0.48}