{"TR_hits1": 0.7633889376646181, "VL_hits1": 0.7787532923617209, "TR_hits10": 0.6824561403508772, "VL_hits10": 0.7333333333333333}