{"TR_hits1": 0.5589887640449438, "VL_hits1": 0.5674157303370787, "TR_hits10": 0.6418539325842697, "VL_hits10": 0.601123595505618}