{"TR_hits1": 0.3196125907990315, "VL_hits1": 0.22705314009661837, "TR_hits10": 0.35351089588377727, "VL_hits10": 0.2898550724637681}