{"TR_hits1": 0.19560185185185186, "VL_hits1": 0.12962962962962962, "TR_hits10": 0.22453703703703703, "VL_hits10": 0.20833333333333334}