{"TR_hits1": 0.6918238993710691, "VL_hits1": 0.8081761006289309, "TR_hits10": 0.45625, "VL_hits10": 0.7375}