{"TR_hits1": 0.2127659574468085, "VL_hits1": 0.22, "TR_hits10": 0.27033792240300375, "VL_hits10": 0.275}