{"TR_hits1": 0.46296296296296297, "VL_hits1": 0.4074074074074074, "TR_hits10": 0.5162037037037037, "VL_hits10": 0.5}