{"TR_hits1": 0.37061769616026713, "VL_hits1": 0.20666666666666667, "TR_hits10": 0.5125208681135225, "VL_hits10": 0.4666666666666667}