{"TR_hits1": 0.4543459174714662, "VL_hits1": 0.47673397717295873, "TR_hits10": 0.47192982456140353, "VL_hits10": 0.49122807017543857}