{"TR_hits1": 0.8230337078651685, "VL_hits1": 0.9171348314606742, "TR_hits10": 0.7528089887640449, "VL_hits10": 0.9101123595505618}