{"TR_hits1": 0.4273789649415693, "VL_hits1": 0.5058430717863105, "TR_hits10": 0.42, "VL_hits10": 0.4866666666666667}