{"TR_hits1": 0.3584905660377358, "VL_hits1": 0.38028169014084506, "TR_hits10": 0.44221698113207547, "VL_hits10": 0.41784037558685444}