{"TR_hits1": 0.6848739495798319, "VL_hits1": 0.6904761904761905, "TR_hits10": 0.6256983240223464, "VL_hits10": 0.6368715083798883}