{"TR_hits1": 0.5292153589315526, "VL_hits1": 0.5425709515859767, "TR_hits10": 0.52, "VL_hits10": 0.5466666666666666}