{"TR_hits1": 0.5084033613445378, "VL_hits1": 0.5854341736694678, "TR_hits10": 0.46368715083798884, "VL_hits10": 0.5586592178770949}