{"TR_hits1": 0.21428571428571427, "VL_hits1": 0.21256038647342995, "TR_hits10": 0.23002421307506055, "VL_hits10": 0.2318840579710145}