{"TR_hits1": 0.4142678347934919, "VL_hits1": 0.365, "TR_hits10": 0.4593241551939925, "VL_hits10": 0.405}