{"TR_hits1": 0.5046296296296297, "VL_hits1": 0.5, "TR_hits10": 0.5601851851851852, "VL_hits10": 0.5617283950617284}