{"TR_hits1": 0.5194942044257113, "VL_hits1": 0.3907563025210084, "TR_hits10": 0.5268703898840885, "VL_hits10": 0.40756302521008403}