{"TR_hits1": 0.4388185654008439, "VL_hits1": 0.42857142857142855, "TR_hits10": 0.44831223628691985, "VL_hits10": 0.4495798319327731}