{"TR_hits1": 0.2571127502634352, "VL_hits1": 0.18487394957983194, "TR_hits10": 0.2845100105374078, "VL_hits10": 0.22268907563025211}