{"TR_hits1": 0.6838777660695469, "VL_hits1": 0.5840336134453782, "TR_hits10": 0.690200210748156, "VL_hits10": 0.6218487394957983}