{"TR_hits1": 0.9244951712028094, "VL_hits1": 0.9424934152765584, "TR_hits10": 0.7929824561403509, "VL_hits10": 0.9175438596491228}