{"TR_hits1": 0.07692307692307693, "VL_hits1": 0.029411764705882353, "TR_hits10": 0.0821917808219178, "VL_hits10": 0.06302521008403361}