{"TR_hits1": 0.5125208681135225, "VL_hits1": 0.5242070116861436, "TR_hits10": 0.36, "VL_hits10": 0.4}