{"TR_hits1": 0.39398998330550916, "VL_hits1": 0.48080133555926546, "TR_hits10": 0.36666666666666664, "VL_hits10": 0.44}