{"TR_hits1": 0.5957446808510638, "VL_hits1": 0.62, "TR_hits10": 0.6145181476846058, "VL_hits10": 0.665}