{"TR_hits1": 0.9451273046532046, "VL_hits1": 0.9512730465320457, "TR_hits10": 0.7684210526315789, "VL_hits10": 0.9140350877192982}