{"TR_hits1": 0.6283309957924264, "VL_hits1": 0.6311360448807855, "TR_hits10": 0.4581005586592179, "VL_hits10": 0.5307262569832403}