{"TR_hits1": 0.7725358045492839, "TS_hits1": 0.5878657882641336, "TR_hits10": 0.7877000842459984, "TS_hits10": 0.6616362800674123}