{"TR_hits1": 0.2828535669586984, "VL_hits1": 0.325, "TR_hits10": 0.32665832290362956, "VL_hits10": 0.37}