{"TR_hits1": 0.9547848990342406, "VL_hits1": 0.9609306409130817, "TR_hits10": 0.8157894736842105, "VL_hits10": 0.9596491228070175}