{"TR_hits1": 0.3585434173669468, "VL_hits1": 0.2346368715083799, "TR_hits10": 0.46638655462184875, "VL_hits10": 0.4022346368715084}