{"TR_hits1": 0.9159663865546218, "VL_hits1": 0.9243697478991597, "TR_hits10": 0.6368715083798883, "VL_hits10": 0.8268156424581006}