{"TR_hits1": 0.6783479349186483, "VL_hits1": 0.38, "TR_hits10": 0.7083854818523154, "VL_hits10": 0.635}