{"TR_hits1": 0.7484635645302897, "VL_hits1": 0.7598770851624231, "TR_hits10": 0.6649122807017543, "VL_hits10": 0.6912280701754386}