{"TR_hits1": 0.9691011235955056, "VL_hits1": 0.9747191011235955, "TR_hits10": 0.6983240223463687, "VL_hits10": 0.8994413407821229}