{"TR_hits1": 0.9368863955119214, "VL_hits1": 0.9396914446002805, "TR_hits10": 0.7430167597765364, "VL_hits10": 0.9162011173184358}