{"TR_hits1": 0.38397328881469117, "VL_hits1": 0.4323873121869783, "TR_hits10": 0.25333333333333335, "VL_hits10": 0.28}