{"TR_hits1": 0.7849860982391103, "TS_hits1": 0.512585234447344, "TR_hits10": 0.8164967562557924, "TS_hits10": 0.7805370822459803}