{"TR_hits1": 0.8109854604200323, "VL_hits1": 0.8174474959612278, "TR_hits10": 0.44516129032258067, "VL_hits10": 0.7354838709677419}