{"TR_hits1": 0.7998244073748902, "VL_hits1": 0.8046532045654082, "TR_hits10": 0.7140350877192982, "VL_hits10": 0.7614035087719299}