{"TR_hits1": 0.4693396226415094, "VL_hits1": 0.3615023474178404, "TR_hits10": 0.4693396226415094, "VL_hits10": 0.4225352112676056}