{"TR_hits1": 0.58377239199157, "VL_hits1": 0.5462184873949579, "TR_hits10": 0.5869336143308747, "VL_hits10": 0.5588235294117647}