{"TR_hits1": 0.9115168539325843, "VL_hits1": 0.9339887640449438, "TR_hits10": 0.6910112359550562, "VL_hits10": 0.9044943820224719}