{"TR_hits1": 0.7352941176470589, "VL_hits1": 0.5210084033613446, "TR_hits10": 0.8151260504201681, "VL_hits10": 0.773109243697479}