{"TR_hits1": 0.23231132075471697, "VL_hits1": 0.22535211267605634, "TR_hits10": 0.27122641509433965, "VL_hits10": 0.2863849765258216}