{"TR_hits1": 0.375, "VL_hits1": 0.3148148148148148, "TR_hits10": 0.44675925925925924, "VL_hits10": 0.3611111111111111}