{"TR_hits1": 0.37922403003754696, "VL_hits1": 0.36, "TR_hits10": 0.4005006257822278, "VL_hits10": 0.435}