{"TR_hits1": 0.6742323097463284, "TS_hits1": 0.7757009345794392, "TR_hits10": 0.4321701976143849, "TS_hits10": 0.5117500445077443}