{"TR_hits1": 0.678237650200267, "TS_hits1": 0.5119280754851344, "TR_hits10": 0.794392523364486, "TS_hits10": 0.6145629339505074}