{"TR_hits1": 0.7243195785776997, "VL_hits1": 0.728270412642669, "TR_hits10": 0.6649122807017543, "VL_hits10": 0.7035087719298245}