{"TR_hits1": 0.21348314606741572, "TS_hits1": 0.08823309115422066, "TR_hits10": 0.3112359550561798, "TS_hits10": 0.2781065088757396}