{"TR_hits1": 0.9370786516853933, "TS_hits1": 0.9550561797752809, "TR_hits10": 0.786158340199236, "TS_hits10": 0.9462961575911917}