{"TR_hits1": 0.6545454545454545, "VL_hits1": 0.42028985507246375, "TR_hits10": 0.7418181818181818, "VL_hits10": 0.6714975845410628}