{"TR_hits1": 0.21401752190237797, "VL_hits1": 0.17, "TR_hits10": 0.26032540675844806, "VL_hits10": 0.235}