{"TR_hits1": 0.7374890254609306, "VL_hits1": 0.7515364354697103, "TR_hits10": 0.6877192982456141, "VL_hits10": 0.7228070175438597}