{"TR_hits1": 0.9389815627743635, "VL_hits1": 0.9574187884108868, "TR_hits10": 0.8122807017543859, "VL_hits10": 0.9385964912280702}