{"TR_hits1": 0.9670908293111014, "VL_hits1": 0.9758666081614743, "TR_hits10": 0.8315789473684211, "VL_hits10": 0.9701754385964912}