{"TR_hits1": 0.3823038397328882, "VL_hits1": 0.41903171953255425, "TR_hits10": 0.3933333333333333, "VL_hits10": 0.42}