{"TR_hits1": 0.814133591481123, "TS_hits1": 0.5793413173652695, "TR_hits10": 0.9012584704743466, "TS_hits10": 0.6760302923564635}