{"TR_hits1": 0.8669885864793678, "VL_hits1": 0.8726953467954346, "TR_hits10": 0.7894736842105263, "VL_hits10": 0.8473684210526315}