{"TR_hits1": 0.8948106591865358, "VL_hits1": 0.9130434782608695, "TR_hits10": 0.6871508379888268, "VL_hits10": 0.9162011173184358}