{"TR_hits1": 0.8438256658595642, "VL_hits1": 0.5362318840579711, "TR_hits10": 0.8595641646489104, "VL_hits10": 0.8309178743961353}