{"TR_hits1": 0.3992490613266583, "VL_hits1": 0.445, "TR_hits10": 0.45431789737171463, "VL_hits10": 0.49}