{"TR_hits1": 0.5098039215686274, "VL_hits1": 0.5350140056022409, "TR_hits10": 0.4748603351955307, "VL_hits10": 0.5418994413407822}