{"TR_hits1": 0.8280467445742905, "VL_hits1": 0.8330550918196995, "TR_hits10": 0.4866666666666667, "VL_hits10": 0.74}