{"TR_hits1": 0.2673611111111111, "VL_hits1": 0.1388888888888889, "TR_hits10": 0.29050925925925924, "VL_hits10": 0.19907407407407407}