{"TR_hits1": 0.665266106442577, "VL_hits1": 0.6694677871148459, "TR_hits10": 0.6312849162011173, "VL_hits10": 0.6312849162011173}