{"TR_hits1": 0.9064969271290606, "VL_hits1": 0.9433713784021072, "TR_hits10": 0.7824561403508772, "VL_hits10": 0.9368421052631579}