{"TR_hits1": 0.7625201938610663, "VL_hits1": 0.7689822294022617, "TR_hits10": 0.44516129032258067, "VL_hits10": 0.7225806451612903}