{"TR_hits1": 0.7746243739565943, "VL_hits1": 0.8247078464106845, "TR_hits10": 0.5733333333333334, "VL_hits10": 0.7933333333333333}