{"TR_hits1": 0.7752414398595259, "VL_hits1": 0.7778753292361721, "TR_hits10": 0.6912280701754386, "VL_hits10": 0.7385964912280701}