{"TR_hits1": 0.6501316944688323, "VL_hits1": 0.660667251975417, "TR_hits10": 0.6017543859649123, "VL_hits10": 0.6368421052631579}