{"TR_hits1": 0.2542372881355932, "VL_hits1": 0.2318840579710145, "TR_hits10": 0.28692493946731235, "VL_hits10": 0.2753623188405797}