{"TR_hits1": 0.4345718901453958, "VL_hits1": 0.45161290322580644, "TR_hits10": 0.5105008077544426, "VL_hits10": 0.5290322580645161}