{"TR_hits1": 0.42638398115429915, "VL_hits1": 0.3568075117370892, "TR_hits10": 0.464075382803298, "VL_hits10": 0.39906103286384975}