{"TR_hits1": 0.4215686274509804, "VL_hits1": 0.4369747899159664, "TR_hits10": 0.37988826815642457, "VL_hits10": 0.39664804469273746}