{"TR_hits1": 0.35058430717863104, "VL_hits1": 0.38731218697829717, "TR_hits10": 0.26666666666666666, "VL_hits10": 0.32666666666666666}