{"TR_hits1": 0.3955119214586255, "VL_hits1": 0.4011220196353436, "TR_hits10": 0.39664804469273746, "VL_hits10": 0.39664804469273746}