{"TR_hits1": 0.5371669004207573, "VL_hits1": 0.5399719495091164, "TR_hits10": 0.5195530726256983, "VL_hits10": 0.5195530726256983}