{"TR_hits1": 0.25206124852767964, "VL_hits1": 0.19248826291079812, "TR_hits10": 0.2756183745583039, "VL_hits10": 0.24413145539906103}