{"TR_hits1": 0.36042402826855124, "VL_hits1": 0.28169014084507044, "TR_hits10": 0.38162544169611307, "VL_hits10": 0.3568075117370892}