{"TR_hits1": 0.42377260981912146, "TS_hits1": 0.46207490314248817, "TR_hits10": 0.5180878552971576, "TS_hits10": 0.5647008179078777}