{"TR_hits1": 0.85062893081761, "VL_hits1": 0.8946540880503144, "TR_hits10": 0.56875, "VL_hits10": 0.90625}