{"TR_hits1": 0.23636363636363636, "VL_hits1": 0.16908212560386474, "TR_hits10": 0.24, "VL_hits10": 0.20772946859903382}