{"TR_hits1": 0.5057870370370371, "VL_hits1": 0.28703703703703703, "TR_hits10": 0.5925925925925926, "VL_hits10": 0.5231481481481481}