{"TR_hits1": 0.473138548539114, "TS_hits1": 0.3291356120962906, "TR_hits10": 0.528746465598492, "TS_hits10": 0.4449584511265313}