{"TR_hits1": 0.7560581583198708, "VL_hits1": 0.8109854604200323, "TR_hits10": 0.5548387096774193, "VL_hits10": 0.8064516129032258}