{"TR_hits1": 0.5421348314606742, "VL_hits1": 0.5842696629213483, "TR_hits10": 0.6264044943820225, "VL_hits10": 0.6910112359550562}