{"TR_hits1": 0.5488958990536278, "VL_hits1": 0.5378151260504201, "TR_hits10": 0.6067297581493165, "VL_hits10": 0.6176470588235294}