{"TR_hits1": 0.5943810359964882, "VL_hits1": 0.5983318700614574, "TR_hits10": 0.5403508771929825, "VL_hits10": 0.5614035087719298}