{"TR_hits1": 0.5138888888888888, "VL_hits1": 0.4305555555555556, "TR_hits10": 0.5381944444444444, "VL_hits10": 0.5231481481481481}