{"TR_hits1": 0.9390083369899078, "VL_hits1": 0.9618253620008775, "TR_hits10": 0.8192982456140351, "VL_hits10": 0.9596491228070175}