{"TR_hits1": 0.19675925925925927, "VL_hits1": 0.16666666666666666, "TR_hits10": 0.22569444444444445, "VL_hits10": 0.18981481481481483}