{"TR_hits1": 0.42237061769616024, "VL_hits1": 0.4524207011686144, "TR_hits10": 0.41333333333333333, "VL_hits10": 0.47333333333333333}