{"TR_hits1": 0.978939978939979, "TS_hits1": 0.9859599859599859, "TR_hits10": 0.7511411516853932, "TS_hits10": 0.8088132022471909}