{"TR_hits1": 0.8360450563204005, "VL_hits1": 0.55, "TR_hits10": 0.8660826032540676, "VL_hits10": 0.87}