{"TR_hits1": 0.8644957983193278, "VL_hits1": 0.7226890756302521, "TR_hits10": 0.884453781512605, "VL_hits10": 0.9243697478991597}