{"TR_hits1": 0.7985958753839403, "VL_hits1": 0.8012286090390522, "TR_hits10": 0.7175438596491228, "VL_hits10": 0.7491228070175439}