{"TR_hits1": 0.48179271708683474, "VL_hits1": 0.48739495798319327, "TR_hits10": 0.43575418994413406, "VL_hits10": 0.44692737430167595}