{"TR_hits1": 0.37575757575757573, "VL_hits1": 0.3333333333333333, "TR_hits10": 0.43636363636363634, "VL_hits10": 0.40096618357487923}