{"TR_hits1": 0.41745283018867924, "VL_hits1": 0.40375586854460094, "TR_hits10": 0.49528301886792453, "VL_hits10": 0.460093896713615}