{"TR_hits1": 0.5449438202247191, "VL_hits1": 0.5786516853932584, "TR_hits10": 0.6404494382022472, "VL_hits10": 0.6573033707865169}