{"TR_hits1": 0.6266195524146054, "VL_hits1": 0.49295774647887325, "TR_hits10": 0.64075382803298, "VL_hits10": 0.5492957746478874}