{"TR_hits1": 0.8689075630252101, "TS_hits1": 0.7735921143119125, "TR_hits10": 0.9218487394957983, "TS_hits10": 0.843585237258348}