{"TR_hits1": 0.30287859824780977, "VL_hits1": 0.265, "TR_hits10": 0.32040050062578224, "VL_hits10": 0.3}