{"TR_hits1": 0.7917059377945335, "TS_hits1": 0.6029298380878951, "TR_hits10": 0.8708765315739868, "TS_hits10": 0.690996316285445}