{"TR_hits1": 0.547945205479452, "VL_hits1": 0.5252100840336135, "TR_hits10": 0.5964172813487882, "VL_hits10": 0.5756302521008403}