{"TR_hits1": 0.6362359550561798, "VL_hits1": 0.5977653631284916, "TR_hits10": 0.6769662921348315, "VL_hits10": 0.659217877094972}