{"TR_hits1": 0.5108514190317195, "VL_hits1": 0.5141903171953256, "TR_hits10": 0.36666666666666664, "VL_hits10": 0.42}