{"TR_hits1": 0.7932148626817448, "VL_hits1": 0.8061389337641357, "TR_hits10": 0.44516129032258067, "VL_hits10": 0.7741935483870968}