{"TR_hits1": 0.3136792452830189, "VL_hits1": 0.2863849765258216, "TR_hits10": 0.3490566037735849, "VL_hits10": 0.352112676056338}