{"TR_hits1": 0.8407407407407408, "TS_hits1": 0.3189002304906157, "TR_hits10": 0.9234567901234568, "TS_hits10": 0.610306223246625}