{"TR_hits1": 0.9543209876543209, "TS_hits1": 0.9938271604938271, "TR_hits10": 0.6426572275271649, "TS_hits10": 0.8780869278893645}