{"TR_hits1": 0.42992623814541625, "VL_hits1": 0.4579831932773109, "TR_hits10": 0.46891464699683877, "VL_hits10": 0.4831932773109244}