{"TR_hits1": 0.6956155143338955, "TS_hits1": 0.6096514745308311, "TR_hits10": 0.7057335581787522, "TS_hits10": 0.6762926081960935}