{"TR_hits1": 0.9543659499780606, "VL_hits1": 0.9657744624835454, "TR_hits10": 0.843859649122807, "VL_hits10": 0.9631578947368421}