{"TR_hits1": 0.9339622641509434, "VL_hits1": 0.9512578616352201, "TR_hits10": 0.6625, "VL_hits10": 0.93125}