{"TR_hits1": 0.3813559322033898, "VL_hits1": 0.32367149758454106, "TR_hits10": 0.4116222760290557, "VL_hits10": 0.391304347826087}