{"TR_hits1": 0.5021037868162693, "VL_hits1": 0.5021037868162693, "TR_hits10": 0.39106145251396646, "VL_hits10": 0.4022346368715084}