{"TR_hits1": 0.3924495171202809, "VL_hits1": 0.4749780509218613, "TR_hits10": 0.3824561403508772, "VL_hits10": 0.45263157894736844}