{"TR_hits1": 0.786215978928885, "VL_hits1": 0.7919227392449517, "TR_hits10": 0.7228070175438597, "VL_hits10": 0.7596491228070176}