{"TR_hits1": 0.3762071992976295, "VL_hits1": 0.40210711150131695, "TR_hits10": 0.3649122807017544, "VL_hits10": 0.3912280701754386}