{"TR_hits1": 0.9620786516853933, "VL_hits1": 0.9676966292134831, "TR_hits10": 0.7262569832402235, "VL_hits10": 0.9050279329608939}