{"TR_hits1": 0.7812197483059051, "TS_hits1": 0.5719443466009159, "TR_hits10": 0.8780251694094869, "TS_hits10": 0.6738288129623107}