{"TR_hits1": 0.20944309927360774, "VL_hits1": 0.17391304347826086, "TR_hits10": 0.2324455205811138, "VL_hits10": 0.2222222222222222}