{"TR_hits1": 0.5070237050043899, "VL_hits1": 0.5118525021949079, "TR_hits10": 0.5017543859649123, "VL_hits10": 0.512280701754386}