{"TR_hits1": 0.7913165266106442, "VL_hits1": 0.7927170868347339, "TR_hits10": 0.659217877094972, "VL_hits10": 0.7094972067039106}