{"TR_hits1": 0.4668335419274093, "VL_hits1": 0.44, "TR_hits10": 0.5068836045056321, "VL_hits10": 0.525}