{"TR_hits1": 0.7981570864414217, "VL_hits1": 0.8034225537516455, "TR_hits10": 0.7087719298245614, "VL_hits10": 0.7526315789473684}