{"TR_hits1": 0.5110642781875658, "VL_hits1": 0.3949579831932773, "TR_hits10": 0.5216016859852476, "VL_hits10": 0.41596638655462187}