{"TR_hits1": 0.815831987075929, "VL_hits1": 0.8239095315024233, "TR_hits10": 0.43870967741935485, "VL_hits10": 0.7161290322580646}