{"TR_hits1": 0.504828797190518, "VL_hits1": 0.52414398595259, "TR_hits10": 0.5228070175438596, "VL_hits10": 0.5350877192982456}