{"TR_hits1": 0.9411764705882353, "VL_hits1": 0.9534679543459175, "TR_hits10": 0.7842105263157895, "VL_hits10": 0.9456140350877194}