{"TR_hits1": 0.3449074074074074, "VL_hits1": 0.3101851851851852, "TR_hits10": 0.4097222222222222, "VL_hits10": 0.4027777777777778}