{"TR_hits1": 0.41358024691358025, "VL_hits1": 0.4012345679012346, "TR_hits10": 0.5046296296296297, "VL_hits10": 0.49382716049382713}