{"TR_hits1": 0.8364197530864198, "VL_hits1": 0.8904320987654321, "TR_hits10": 0.691358024691358, "VL_hits10": 0.8765432098765432}