{"TR_hits1": 0.82141290039491, "VL_hits1": 0.8253620008775779, "TR_hits10": 0.7368421052631579, "VL_hits10": 0.7807017543859649}