{"TR_hits1": 0.2615546218487395, "VL_hits1": 0.23109243697478993, "TR_hits10": 0.2867647058823529, "VL_hits10": 0.31932773109243695}