{"TR_hits1": 0.7762938230383973, "VL_hits1": 0.8313856427378965, "TR_hits10": 0.52, "VL_hits10": 0.7666666666666667}