{"TR_hits1": 0.8768518518518519, "TS_hits1": 0.3531739350058932, "TR_hits10": 0.9444444444444444, "TS_hits10": 0.6319245664253241}