{"TR_hits1": 0.710399297937692, "VL_hits1": 0.7428696796840719, "TR_hits10": 0.6666666666666666, "VL_hits10": 0.7070175438596491}