{"TR_hits1": 0.5898876404494382, "VL_hits1": 0.6201117318435754, "TR_hits10": 0.6713483146067416, "VL_hits10": 0.6871508379888268}