{"TR_hits1": 0.2604340567612688, "VL_hits1": 0.337228714524207, "TR_hits10": 0.25333333333333335, "VL_hits10": 0.29333333333333333}