{"TR_hits1": 0.908835904628331, "VL_hits1": 0.9200561009817672, "TR_hits10": 0.5754189944134078, "VL_hits10": 0.8770949720670391}