{"TR_hits1": 0.8213345039508341, "VL_hits1": 0.8257243195785777, "TR_hits10": 0.724561403508772, "VL_hits10": 0.7614035087719299}