{"TR_hits1": 0.7463651050080775, "VL_hits1": 0.7609046849757674, "TR_hits10": 0.45161290322580644, "VL_hits10": 0.6903225806451613}