{"TR_hits1": 0.25, "VL_hits1": 0.2815126050420168, "TR_hits10": 0.31751054852320676, "VL_hits10": 0.33613445378151263}