{"TR_hits1": 0.9269662921348315, "VL_hits1": 0.9452247191011236, "TR_hits10": 0.7303370786516854, "VL_hits10": 0.9269662921348315}