{"TR_hits1": 0.4088514225500527, "VL_hits1": 0.4369747899159664, "TR_hits10": 0.4204425711275026, "VL_hits10": 0.4495798319327731}