{"TR_hits1": 0.3414351851851852, "VL_hits1": 0.25925925925925924, "TR_hits10": 0.3900462962962963, "VL_hits10": 0.3194444444444444}