{"TR_hits1": 0.5393518518518519, "VL_hits1": 0.4074074074074074, "TR_hits10": 0.5810185185185185, "VL_hits10": 0.4722222222222222}