{"TR_hits1": 0.4957983193277311, "VL_hits1": 0.40756302521008403, "TR_hits10": 0.5042016806722689, "VL_hits10": 0.4369747899159664}