{"TR_hits1": 0.8012924071082391, "VL_hits1": 0.8045234248788369, "TR_hits10": 0.4774193548387097, "VL_hits10": 0.7870967741935484}