{"TR_hits1": 0.7623456790123457, "VL_hits1": 0.7762345679012346, "TR_hits10": 0.5123456790123457, "VL_hits10": 0.7407407407407407}