{"TR_hits1": 0.7932148626817448, "VL_hits1": 0.8045234248788369, "TR_hits10": 0.45161290322580644, "VL_hits10": 0.7290322580645161}