{"TR_hits1": 0.5700824499411072, "VL_hits1": 0.5352112676056338, "TR_hits10": 0.6136631330977621, "VL_hits10": 0.6291079812206573}