{"TR_hits1": 0.7914837576821774, "VL_hits1": 0.8059701492537313, "TR_hits10": 0.6894736842105263, "VL_hits10": 0.7350877192982456}