{"TR_hits1": 0.8109854604200323, "VL_hits1": 0.815831987075929, "TR_hits10": 0.5032258064516129, "VL_hits10": 0.7354838709677419}