{"TR_hits1": 0.757243195785777, "VL_hits1": 0.7594381035996488, "TR_hits10": 0.6947368421052632, "VL_hits10": 0.7263157894736842}