{"TR_hits1": 0.3473389355742297, "VL_hits1": 0.36554621848739494, "TR_hits10": 0.2346368715083799, "VL_hits10": 0.2737430167597765}