{"TR_hits1": 0.9048414023372288, "VL_hits1": 0.9131886477462438, "TR_hits10": 0.66, "VL_hits10": 0.8533333333333334}