{"TR_hits1": 0.4056603773584906, "VL_hits1": 0.37089201877934275, "TR_hits10": 0.44457547169811323, "VL_hits10": 0.4131455399061033}