{"TR_hits1": 0.7748024582967515, "VL_hits1": 0.7941176470588235, "TR_hits10": 0.7105263157894737, "VL_hits10": 0.7666666666666667}