{"TR_hits1": 0.4806451612903226, "VL_hits1": 0.5161290322580645, "TR_hits10": 0.6096774193548387, "VL_hits10": 0.6064516129032258}