{"TR_hits1": 0.13657407407407407, "VL_hits1": 0.14814814814814814, "TR_hits10": 0.14351851851851852, "VL_hits10": 0.17592592592592593}