{"TR_hits1": 0.21777221526908636, "VL_hits1": 0.205, "TR_hits10": 0.24030037546933666, "VL_hits10": 0.29}