{"TR_hits1": 0.782563025210084, "VL_hits1": 0.7142857142857143, "TR_hits10": 0.8025210084033614, "VL_hits10": 0.7773109243697479}