{"TR_hits1": 0.3903030303030303, "VL_hits1": 0.357487922705314, "TR_hits10": 0.45575757575757575, "VL_hits10": 0.4251207729468599}