{"TR_hits1": 0.3789649415692821, "VL_hits1": 0.4757929883138564, "TR_hits10": 0.36, "VL_hits10": 0.38666666666666666}