{"TR_hits1": 0.8726953467954346, "VL_hits1": 0.8740122914837577, "TR_hits10": 0.7824561403508772, "VL_hits10": 0.8403508771929824}