{"TR_hits1": 0.1509433962264151, "VL_hits1": 0.06875, "TR_hits10": 0.22012578616352202, "VL_hits10": 0.19375}