{"avg_TR_hits1": 0.8610204889356919, "std_TR_hits1": 0.08823643399874903, "avg_TS_hits1": 0.6585214880133573, "std_TS_hits1": 0.04881390784729541, "avg_TR_hits10": 0.8909930666968218, "std_TR_hits10": 0.10198633554425325, "avg_TS_hits10": 0.7431337745408775, "std_TS_hits10": 0.055182013999671424}