{"TR_hits1": 0.8096828046744574, "VL_hits1": 0.8447412353923205, "TR_hits10": 0.52, "VL_hits10": 0.82}