{"TR_hits1": 0.7365648050579557, "VL_hits1": 0.7058823529411765, "TR_hits10": 0.7407797681770284, "VL_hits10": 0.7226890756302521}