{"TR_hits1": 0.4179523141654979, "VL_hits1": 0.44460028050490885, "TR_hits10": 0.37988826815642457, "VL_hits10": 0.44692737430167595}