{"TR_hits1": 0.2993939393939394, "VL_hits1": 0.2753623188405797, "TR_hits10": 0.336969696969697, "VL_hits10": 0.3140096618357488}