{"TR_hits1": 0.30434782608695654, "VL_hits1": 0.34642356241234223, "TR_hits10": 0.2346368715083799, "VL_hits10": 0.2737430167597765}