{"TR_hits1": 0.7818261633011413, "VL_hits1": 0.7835820895522388, "TR_hits10": 0.7070175438596491, "VL_hits10": 0.743859649122807}