{"TR_hits1": 0.2978723404255319, "VL_hits1": 0.285, "TR_hits10": 0.32665832290362956, "VL_hits10": 0.34}