{"TR_hits1": 0.8410493827160493, "VL_hits1": 0.8641975308641975, "TR_hits10": 0.5679012345679012, "VL_hits10": 0.8148148148148148}