{"TR_hits1": 0.9228611500701263, "VL_hits1": 0.9326788218793829, "TR_hits10": 0.6815642458100558, "VL_hits10": 0.8938547486033519}