{"TR_hits1": 0.5812236286919831, "VL_hits1": 0.4957983193277311, "TR_hits10": 0.5812236286919831, "VL_hits10": 0.5126050420168067}