{"TR_hits1": 0.8238993710691824, "VL_hits1": 0.8443396226415094, "TR_hits10": 0.53125, "VL_hits10": 0.7875}