{"TR_hits1": 0.6178148310662571, "VL_hits1": 0.635366388767003, "TR_hits10": 0.5561403508771929, "VL_hits10": 0.5912280701754385}