{"TR_hits1": 0.2671118530884808, "VL_hits1": 0.28213689482470783, "TR_hits10": 0.22666666666666666, "VL_hits10": 0.26666666666666666}