{"TR_hits1": 0.4084848484848485, "VL_hits1": 0.391304347826087, "TR_hits10": 0.4533333333333333, "VL_hits10": 0.4444444444444444}