{"TR_hits1": 0.5733099209833187, "VL_hits1": 0.5834064969271291, "TR_hits10": 0.531578947368421, "VL_hits10": 0.5403508771929825}