{"TR_hits1": 0.2756892230576441, "VL_hits1": 0.175, "TR_hits10": 0.29448621553884713, "VL_hits10": 0.24}