{"TR_hits1": 0.6765015806111696, "VL_hits1": 0.6974789915966386, "TR_hits10": 0.6859852476290832, "VL_hits10": 0.7352941176470589}