{"TR_hits1": 0.4958263772954925, "VL_hits1": 0.4958263772954925, "TR_hits10": 0.3933333333333333, "VL_hits10": 0.42}