{"TR_hits1": 0.9308176100628931, "VL_hits1": 0.940251572327044, "TR_hits10": 0.60625, "VL_hits10": 0.88125}