{"TR_hits1": 0.5021037868162693, "VL_hits1": 0.5161290322580645, "TR_hits10": 0.441340782122905, "VL_hits10": 0.441340782122905}