{"TR_hits1": 0.3973288814691152, "VL_hits1": 0.41235392320534225, "TR_hits10": 0.34, "VL_hits10": 0.38}