{"TR_hits1": 0.9298737727910238, "VL_hits1": 0.9326788218793829, "TR_hits10": 0.776536312849162, "VL_hits10": 0.9217877094972067}