{"TR_hits1": 0.547945205479452, "VL_hits1": 0.5084033613445378, "TR_hits10": 0.5605900948366702, "VL_hits10": 0.5126050420168067}