{"TR_hits1": 0.19494204425711276, "VL_hits1": 0.18487394957983194, "TR_hits10": 0.22866174920969443, "VL_hits10": 0.23529411764705882}