{"TR_hits1": 0.9592696629213483, "VL_hits1": 0.9691011235955056, "TR_hits10": 0.8202247191011236, "VL_hits10": 0.949438202247191}