{"TR_hits1": 0.36894824707846413, "VL_hits1": 0.3772954924874791, "TR_hits10": 0.38, "VL_hits10": 0.38666666666666666}