{"TR_hits1": 0.8781512605042017, "VL_hits1": 0.9341736694677871, "TR_hits10": 0.7318435754189944, "VL_hits10": 0.9273743016759777}