{"TR_hits1": 0.6645807259073843, "VL_hits1": 0.49, "TR_hits10": 0.7509386733416771, "VL_hits10": 0.79}