{"TR_hits1": 0.9183852566915314, "VL_hits1": 0.9596314172882844, "TR_hits10": 0.8017543859649123, "VL_hits10": 0.9403508771929825}