{"TR_hits1": 0.7159789288849868, "VL_hits1": 0.7374890254609306, "TR_hits10": 0.6157894736842106, "VL_hits10": 0.6614035087719298}