{"TR_hits1": 0.2353923205342237, "VL_hits1": 0.2671118530884808, "TR_hits10": 0.26, "VL_hits10": 0.30666666666666664}