{"TR_hits1": 0.9269269269269269, "TS_hits1": 0.5558994901675164, "TR_hits10": 0.974974974974975, "TS_hits10": 0.8192825928623453}