{"TR_hits1": 0.8093699515347335, "VL_hits1": 0.815831987075929, "TR_hits10": 0.5290322580645161, "VL_hits10": 0.7870967741935484}