{"TR_hits1": 0.2215496368038741, "VL_hits1": 0.178743961352657, "TR_hits10": 0.2990314769975787, "VL_hits10": 0.25120772946859904}