{"TR_hits1": 0.9547848990342406, "VL_hits1": 0.9675153643546971, "TR_hits10": 0.8403508771929824, "VL_hits10": 0.9614035087719298}