{"TR_hits1": 0.5017559262510974, "VL_hits1": 0.5122914837576822, "TR_hits10": 0.5140350877192983, "VL_hits10": 0.5333333333333333}