{"TR_hits1": 0.5335689045936396, "VL_hits1": 0.39906103286384975, "TR_hits10": 0.5429917550058893, "VL_hits10": 0.5023474178403756}