{"TR_hits1": 0.8340649692712906, "VL_hits1": 0.8371378402107111, "TR_hits10": 0.7192982456140351, "VL_hits10": 0.7631578947368421}