{"TR_hits1": 0.4340567612687813, "VL_hits1": 0.5133333333333333, "TR_hits10": 0.5158597662771286, "VL_hits10": 0.5933333333333334}