{"TR_hits1": 0.25542570951585974, "VL_hits1": 0.2637729549248748, "TR_hits10": 0.20666666666666667, "VL_hits10": 0.21333333333333335}