{"TR_hits1": 0.41203703703703703, "VL_hits1": 0.3611111111111111, "TR_hits10": 0.5034722222222222, "VL_hits10": 0.4444444444444444}