{"TR_hits1": 0.5079030558482613, "VL_hits1": 0.5042016806722689, "TR_hits10": 0.5331928345626976, "VL_hits10": 0.5378151260504201}