{"TR_hits1": 0.5806111696522656, "VL_hits1": 0.5504201680672269, "TR_hits10": 0.6280295047418335, "VL_hits10": 0.5798319327731093}