{"TR_hits1": 0.8768518518518519, "TS_hits1": 0.43601616433743057, "TR_hits10": 0.9398148148148148, "TS_hits10": 0.5706347870011786}