{"TR_hits1": 0.20551378446115287, "VL_hits1": 0.145, "TR_hits10": 0.22556390977443608, "VL_hits10": 0.17}