{"TR_hits1": 0.9495171202809481, "VL_hits1": 0.9600526777875329, "TR_hits10": 0.8333333333333334, "VL_hits10": 0.9543859649122807}