{"TR_hits1": 0.9048387096774193, "VL_hits1": 0.9112903225806451, "TR_hits10": 0.6, "VL_hits10": 0.8709677419354839}