{"TR_hits1": 0.9382022471910112, "VL_hits1": 0.9466292134831461, "TR_hits10": 0.7134831460674157, "VL_hits10": 0.9044943820224719}