{"TR_hits1": 0.49209694415173866, "VL_hits1": 0.44537815126050423, "TR_hits10": 0.5015806111696522, "VL_hits10": 0.49159663865546216}