{"TR_hits1": 0.547945205479452, "VL_hits1": 0.5126050420168067, "TR_hits10": 0.5521601685985248, "VL_hits10": 0.5294117647058824}