{"TR_hits1": 0.7408963585434174, "VL_hits1": 0.7464985994397759, "TR_hits10": 0.664804469273743, "VL_hits10": 0.6983240223463687}