{"TR_hits1": 0.31014150943396224, "VL_hits1": 0.24882629107981222, "TR_hits10": 0.3125, "VL_hits10": 0.29107981220657275}