{"TR_hits1": 0.7996661101836394, "VL_hits1": 0.8297161936560935, "TR_hits10": 0.5666666666666667, "VL_hits10": 0.7933333333333333}