{"TR_hits1": 0.8778089887640449, "VL_hits1": 0.9157303370786517, "TR_hits10": 0.7471910112359551, "VL_hits10": 0.9044943820224719}