{"TR_hits1": 0.2353923205342237, "VL_hits1": 0.27712854757929883, "TR_hits10": 0.25333333333333335, "VL_hits10": 0.28}