{"TR_hits1": 0.9185393258426966, "VL_hits1": 0.9382022471910112, "TR_hits10": 0.6741573033707865, "VL_hits10": 0.9157303370786517}