{"TR_hits1": 0.7463651050080775, "VL_hits1": 0.7641357027463651, "TR_hits10": 0.432258064516129, "VL_hits10": 0.7548387096774194}