{"TR_hits1": 0.6400351185250219, "VL_hits1": 0.6492537313432836, "TR_hits10": 0.5771929824561404, "VL_hits10": 0.6017543859649123}