{"TR_hits1": 0.605890603085554, "VL_hits1": 0.605890603085554, "TR_hits10": 0.4860335195530726, "VL_hits10": 0.5027932960893855}