{"TR_hits1": 0.16981132075471697, "VL_hits1": 0.18309859154929578, "TR_hits10": 0.25235849056603776, "VL_hits10": 0.23943661971830985}