{"TR_hits1": 0.38207547169811323, "VL_hits1": 0.29577464788732394, "TR_hits10": 0.39622641509433965, "VL_hits10": 0.352112676056338}