{"TR_hits1": 0.7362270450751253, "VL_hits1": 0.7746243739565943, "TR_hits10": 0.5266666666666666, "VL_hits10": 0.7866666666666666}