{"TR_hits1": 0.7996768982229402, "VL_hits1": 0.8093699515347335, "TR_hits10": 0.44516129032258067, "VL_hits10": 0.7161290322580646}