{"TR_hits1": 0.5368744512730466, "VL_hits1": 0.6097453906935909, "TR_hits10": 0.5052631578947369, "VL_hits10": 0.5771929824561404}