{"TR_hits1": 0.394109396914446, "VL_hits1": 0.48246844319775595, "TR_hits10": 0.36312849162011174, "VL_hits10": 0.45251396648044695}