{"TR_hits1": 0.004629629629629629, "VL_hits1": 0.04938271604938271, "TR_hits10": 0.006172839506172839, "VL_hits10": 0.05555555555555555}