{"TR_hits1": 0.3870967741935484, "VL_hits1": 0.3997194950911641, "TR_hits10": 0.2905027932960894, "VL_hits10": 0.33519553072625696}