{"TR_hits1": 0.9451273046532046, "VL_hits1": 0.9521510096575944, "TR_hits10": 0.7807017543859649, "VL_hits10": 0.9175438596491228}