{"TR_hits1": 0.28661749209694415, "VL_hits1": 0.23529411764705882, "TR_hits10": 0.3224446786090622, "VL_hits10": 0.24789915966386555}