{"TR_hits1": 0.7647058823529411, "VL_hits1": 0.7686567164179104, "TR_hits10": 0.7017543859649122, "VL_hits10": 0.7403508771929824}