{"TR_hits1": 0.15644555694618273, "VL_hits1": 0.165, "TR_hits10": 0.21401752190237797, "VL_hits10": 0.26}