{"TR_hits1": 0.9185393258426966, "VL_hits1": 0.9213483146067416, "TR_hits10": 0.702247191011236, "VL_hits10": 0.9157303370786517}