{"TR_hits1": 0.6164383561643836, "VL_hits1": 0.6050420168067226, "TR_hits10": 0.660695468914647, "VL_hits10": 0.6596638655462185}