{"avg_TR_hits1": 0.6663806012757275, "std_TR_hits1": 0.2130888454409334, "avg_TS_hits1": 0.37804353163144316, "std_TS_hits1": 0.08290551071723058, "avg_TR_hits10": 0.7332873617079435, "std_TR_hits10": 0.23205469969929796, "avg_TS_hits10": 0.4922262226452962, "std_TS_hits10": 0.10017305065801616}