{"TR_hits1": 0.648109243697479, "VL_hits1": 0.6134453781512605, "TR_hits10": 0.6712184873949579, "VL_hits10": 0.634453781512605}