{"TR_hits1": 0.9804609804609804, "TS_hits1": 0.9926289926289926, "TR_hits10": 0.8347670880149813, "TS_hits10": 0.9590355805243446}