{"TR_hits1": 0.26181818181818184, "VL_hits1": 0.22705314009661837, "TR_hits10": 0.2872727272727273, "VL_hits10": 0.27053140096618356}