{"TR_hits1": 0.31113801452784506, "VL_hits1": 0.21256038647342995, "TR_hits10": 0.35351089588377727, "VL_hits10": 0.30917874396135264}