{"TR_hits1": 0.33912037037037035, "VL_hits1": 0.375, "TR_hits10": 0.44212962962962965, "VL_hits10": 0.4537037037037037}