{"TR_hits1": 0.6374012291483757, "VL_hits1": 0.6553994732221247, "TR_hits10": 0.5508771929824562, "VL_hits10": 0.6157894736842106}