{"TR_hits1": 0.5514705882352942, "VL_hits1": 0.5210084033613446, "TR_hits10": 0.5987394957983193, "VL_hits10": 0.5378151260504201}