{"TR_hits1": 0.7431340872374798, "VL_hits1": 0.7576736672051696, "TR_hits10": 0.4064516129032258, "VL_hits10": 0.6645161290322581}