{"TR_hits1": 0.5726210350584308, "VL_hits1": 0.5776293823038398, "TR_hits10": 0.43333333333333335, "VL_hits10": 0.4866666666666667}