{"TR_hits1": 0.9130434782608695, "VL_hits1": 0.9186535764375876, "TR_hits10": 0.6424581005586593, "VL_hits10": 0.888268156424581}