{"TR_hits1": 0.5294117647058824, "VL_hits1": 0.5322128851540616, "TR_hits10": 0.4748603351955307, "VL_hits10": 0.5083798882681564}