{"TR_hits1": 0.5703781512605042, "VL_hits1": 0.5378151260504201, "TR_hits10": 0.5861344537815126, "VL_hits10": 0.5546218487394958}