{"TR_hits1": 0.41514726507713884, "VL_hits1": 0.4319775596072931, "TR_hits10": 0.3854748603351955, "VL_hits10": 0.40782122905027934}