{"TR_hits1": 0.41235392320534225, "VL_hits1": 0.44574290484140233, "TR_hits10": 0.44, "VL_hits10": 0.49333333333333335}