{"TR_hits1": 0.3576437587657784, "VL_hits1": 0.38429172510518933, "TR_hits10": 0.35195530726256985, "VL_hits10": 0.4134078212290503}