{"TR_hits1": 0.7990726429675425, "VL_hits1": 0.8253477588871716, "TR_hits10": 0.5061728395061729, "VL_hits10": 0.8209876543209876}