{"TR_hits1": 0.6323529411764706, "VL_hits1": 0.5504201680672269, "TR_hits10": 0.6743697478991597, "VL_hits10": 0.5714285714285714}