{"TR_hits1": 0.9328652917946467, "VL_hits1": 0.958753839403247, "TR_hits10": 0.7789473684210526, "VL_hits10": 0.9403508771929825}