{"TR_hits1": 0.49789915966386555, "VL_hits1": 0.47478991596638653, "TR_hits10": 0.5168067226890757, "VL_hits10": 0.4831932773109244}