{"TR_hits1": 0.6376050420168067, "VL_hits1": 0.4831932773109244, "TR_hits10": 0.6407563025210085, "VL_hits10": 0.5336134453781513}