{"TR_hits1": 0.22903629536921152, "VL_hits1": 0.2, "TR_hits10": 0.246558197747184, "VL_hits10": 0.235}