{"TR_hits1": 0.16585956416464892, "VL_hits1": 0.14492753623188406, "TR_hits10": 0.20823244552058112, "VL_hits10": 0.20772946859903382}