{"TR_hits1": 0.932396839332748, "VL_hits1": 0.9411764705882353, "TR_hits10": 0.7526315789473684, "VL_hits10": 0.9456140350877194}