{"TR_hits1": 0.2687813021702838, "VL_hits1": 0.33889816360601, "TR_hits10": 0.26, "VL_hits10": 0.31333333333333335}