{"TR_hits1": 0.713784021071115, "VL_hits1": 0.7177348551360843, "TR_hits10": 0.6754385964912281, "VL_hits10": 0.712280701754386}