{"TR_hits1": 0.5346638655462185, "VL_hits1": 0.41596638655462187, "TR_hits10": 0.5357142857142857, "VL_hits10": 0.47478991596638653}