{"TR_hits1": 0.6804214223002634, "VL_hits1": 0.6821773485513608, "TR_hits10": 0.6035087719298246, "VL_hits10": 0.6280701754385964}