{"TR_hits1": 0.4233490566037736, "VL_hits1": 0.352112676056338, "TR_hits10": 0.44457547169811323, "VL_hits10": 0.43661971830985913}