{"TR_hits1": 0.9139596136962248, "VL_hits1": 0.9385425812115891, "TR_hits10": 0.7385964912280701, "VL_hits10": 0.9087719298245615}