{"TR_hits1": 0.39565943238731216, "VL_hits1": 0.4741235392320534, "TR_hits10": 0.4, "VL_hits10": 0.48}