{"TR_hits1": 0.5818341377797279, "VL_hits1": 0.660377358490566, "TR_hits10": 0.5526315789473685, "VL_hits10": 0.631578947368421}