{"TR_hits1": 0.7903225806451613, "VL_hits1": 0.8483870967741935, "TR_hits10": 0.5290322580645161, "VL_hits10": 0.8258064516129032}