{"avg_TR_hits1": 0.9497663551401869, "std_TR_hits1": 0.043992635091929355, "avg_TS_hits1": 0.9674566088117489, "std_TS_hits1": 0.044496237399961745, "avg_TR_hits10": 0.6233754673313157, "std_TR_hits10": 0.02684145420878552, "avg_TS_hits10": 0.8605349830870571, "std_TS_hits10": 0.015679602044261227}