{"avg_TR_hits1": 0.7194592790387183, "std_TR_hits1": 0.1748876837907912, "avg_TS_hits1": 0.26716886238205445, "std_TS_hits1": 0.05812336419387721, "avg_TR_hits10": 0.8064085447263016, "std_TR_hits10": 0.17756758382839616, "avg_TS_hits10": 0.5683305145095248, "std_TS_hits10": 0.07224423985047962}