{"TR_hits1": 0.7705977382875606, "VL_hits1": 0.778675282714055, "TR_hits10": 0.43870967741935485, "VL_hits10": 0.6580645161290323}