{"avg_TR_hits1": 0.8003456442484898, "std_TR_hits1": 0.13556066288974358, "avg_TS_hits1": 0.4031872889835956, "std_TS_hits1": 0.0391081793278867, "avg_TR_hits10": 0.8699739880184193, "std_TR_hits10": 0.1071260817783151, "avg_TS_hits10": 0.7104052089917856, "std_TS_hits10": 0.031480510396853574}