{"avg_TR_hits1": 0.9746430257257493, "std_TR_hits1": 0.015104834123602676, "avg_TS_hits1": 0.9843083850978462, "std_TS_hits1": 0.016449021546776067, "avg_TR_hits10": 0.754111147577569, "std_TR_hits10": 0.020766354070846083, "avg_TS_hits10": 0.9299006874828212, "std_TS_hits10": 0.009870290392016047}