{"TR_hits1": 0.4724540901502504, "VL_hits1": 0.4791318864774624, "TR_hits10": 0.36666666666666664, "VL_hits10": 0.3933333333333333}