{"TR_hits1": 0.8647798742138365, "VL_hits1": 0.8679245283018868, "TR_hits10": 0.5534591194968553, "VL_hits10": 0.8238993710691824}