{"TR_hits1": 0.3860759493670886, "VL_hits1": 0.33613445378151263, "TR_hits10": 0.410337552742616, "VL_hits10": 0.40756302521008403}