{"TR_hits1": 0.9248747913188647, "VL_hits1": 0.9265442404006677, "TR_hits10": 0.6, "VL_hits10": 0.8666666666666667}