{"TR_hits1": 0.8284883720930233, "TS_hits1": 0.49458483754512633, "TR_hits10": 0.8410852713178295, "TS_hits10": 0.754072378268909}