{"TR_hits1": 0.9171348314606742, "VL_hits1": 0.9424157303370787, "TR_hits10": 0.664804469273743, "VL_hits10": 0.8491620111731844}