{"TR_hits1": 0.6483757682177349, "VL_hits1": 0.6562774363476734, "TR_hits10": 0.5508771929824562, "VL_hits10": 0.5964912280701754}