{"TR_hits1": 0.8196994991652755, "VL_hits1": 0.8547579298831386, "TR_hits10": 0.5, "VL_hits10": 0.78}