{"TR_hits1": 0.7515432098765432, "VL_hits1": 0.7885802469135802, "TR_hits10": 0.5493827160493827, "VL_hits10": 0.7592592592592593}