{"TR_hits1": 0.8850141376060321, "TS_hits1": 0.47562751649104773, "TR_hits10": 0.9726672950047125, "TS_hits10": 0.7835175190610811}