{"TR_hits1": 0.8805970149253731, "VL_hits1": 0.9288849868305531, "TR_hits10": 0.7456140350877193, "VL_hits10": 0.9105263157894737}