{"TR_hits1": 0.6909569798068481, "VL_hits1": 0.6966637401229149, "TR_hits10": 0.6473684210526316, "VL_hits10": 0.6842105263157895}