{"TR_hits1": 0.9672268907563025, "TS_hits1": 0.7020707572400092, "TR_hits10": 0.984873949579832, "TS_hits10": 0.9133491250859632}