{"TR_hits1": 0.2699579831932773, "VL_hits1": 0.24369747899159663, "TR_hits10": 0.3088235294117647, "VL_hits10": 0.3025210084033613}