{"TR_hits1": 0.4354697102721686, "VL_hits1": 0.45390693590869186, "TR_hits10": 0.443859649122807, "VL_hits10": 0.4666666666666667}