{"TR_hits1": 0.8664440734557596, "VL_hits1": 0.9065108514190318, "TR_hits10": 0.5866666666666667, "VL_hits10": 0.8733333333333333}