{"TR_hits1": 0.9205443371378402, "VL_hits1": 0.9350307287093942, "TR_hits10": 0.756140350877193, "VL_hits10": 0.9473684210526315}