{"TR_hits1": 0.2152777777777778, "VL_hits1": 0.11574074074074074, "TR_hits10": 0.2800925925925926, "VL_hits10": 0.14814814814814814}