{"TR_hits1": 0.7646076794657763, "VL_hits1": 0.7896494156928213, "TR_hits10": 0.52, "VL_hits10": 0.78}