{"TR_hits1": 0.9016129032258065, "VL_hits1": 0.9096774193548387, "TR_hits10": 0.5741935483870968, "VL_hits10": 0.8451612903225807}