{"TR_hits1": 0.7471466198419666, "VL_hits1": 0.7655838454784899, "TR_hits10": 0.6877192982456141, "VL_hits10": 0.7280701754385965}