{"TR_hits1": 0.6698113207547169, "VL_hits1": 0.7562893081761006, "TR_hits10": 0.51875, "VL_hits10": 0.79375}