{"TR_hits1": 0.011264080100125156, "VL_hits1": 0.015, "TR_hits10": 0.02002503128911139, "VL_hits10": 0.025}