{"TR_hits1": 0.952247191011236, "VL_hits1": 0.9676966292134831, "TR_hits10": 0.8370786516853933, "VL_hits10": 0.9719101123595506}