{"TR_hits1": 0.7867078825347759, "VL_hits1": 0.839258114374034, "TR_hits10": 0.4876543209876543, "VL_hits10": 0.7962962962962963}