{"TR_hits1": 0.697054698457223, "VL_hits1": 0.6984572230014026, "TR_hits10": 0.6145251396648045, "VL_hits10": 0.6536312849162011}