{"TR_hits1": 0.21869782971619364, "VL_hits1": 0.2303839732888147, "TR_hits10": 0.23333333333333334, "VL_hits10": 0.2733333333333333}