{"TR_hits1": 0.8317610062893082, "VL_hits1": 0.8710691823899371, "TR_hits10": 0.51875, "VL_hits10": 0.85625}