{"TR_hits1": 0.4230287859824781, "VL_hits1": 0.455, "TR_hits10": 0.4755944931163955, "VL_hits10": 0.49}