{"TR_hits1": 0.8042142230026339, "VL_hits1": 0.8099209833187007, "TR_hits10": 0.7228070175438597, "VL_hits10": 0.7824561403508772}