{"TR_hits1": 0.4292866082603254, "VL_hits1": 0.47, "TR_hits10": 0.5068836045056321, "VL_hits10": 0.52}