{"TR_hits1": 0.6284722222222222, "VL_hits1": 0.49074074074074076, "TR_hits10": 0.6689814814814815, "VL_hits10": 0.5787037037037037}