{"TR_hits1": 0.779320987654321, "VL_hits1": 0.8225308641975309, "TR_hits10": 0.5123456790123457, "VL_hits10": 0.7839506172839507}