{"TR_hits1": 0.5031512605042017, "VL_hits1": 0.4411764705882353, "TR_hits10": 0.5126050420168067, "VL_hits10": 0.4831932773109244}