{"TR_hits1": 0.4547848990342406, "VL_hits1": 0.49034240561896403, "TR_hits10": 0.4368421052631579, "VL_hits10": 0.4824561403508772}