{"TR_hits1": 0.6551118911803423, "VL_hits1": 0.6731022378236069, "TR_hits10": 0.5894736842105263, "VL_hits10": 0.6157894736842106}