{"TR_hits1": 0.8780864197530864, "VL_hits1": 0.8858024691358025, "TR_hits10": 0.5061728395061729, "VL_hits10": 0.7716049382716049}