{"TR_hits1": 0.9728464419475656, "TS_hits1": 0.9946161048689138, "TR_hits10": 0.8535065391029578, "TS_hits10": 0.9656514233886305}