{"TR_hits1": 0.8301886792452831, "VL_hits1": 0.8537735849056604, "TR_hits10": 0.55625, "VL_hits10": 0.8375}