{"TR_hits1": 0.8068481123792801, "VL_hits1": 0.8182616330114135, "TR_hits10": 0.7350877192982456, "VL_hits10": 0.7789473684210526}