{"TR_hits1": 0.9495171202809481, "VL_hits1": 0.9604916593503073, "TR_hits10": 0.8175438596491228, "VL_hits10": 0.9438596491228071}