{"TR_hits1": 0.5351089588377724, "VL_hits1": 0.4782608695652174, "TR_hits10": 0.5811138014527845, "VL_hits10": 0.5410628019323671}