{"TR_hits1": 0.48302469135802467, "VL_hits1": 0.4012345679012346, "TR_hits10": 0.5478395061728395, "VL_hits10": 0.4444444444444444}