{"TR_hits1": 0.5648148148148148, "VL_hits1": 0.6157407407407407, "TR_hits10": 0.49382716049382713, "VL_hits10": 0.5987654320987654}