{"TR_hits1": 0.42070116861435725, "VL_hits1": 0.4273789649415693, "TR_hits10": 0.34, "VL_hits10": 0.38}