{"TR_hits1": 0.5041736227045075, "VL_hits1": 0.37333333333333335, "TR_hits10": 0.5792988313856428, "VL_hits10": 0.5466666666666666}