{"TR_hits1": 0.44240400667779634, "VL_hits1": 0.5242070116861436, "TR_hits10": 0.43333333333333335, "VL_hits10": 0.52}