{"TR_hits1": 0.5443371378402108, "VL_hits1": 0.5478489903424056, "TR_hits10": 0.5140350877192983, "VL_hits10": 0.5228070175438596}