{"TR_hits1": 0.7323387450636244, "VL_hits1": 0.734093900833699, "TR_hits10": 0.6298245614035087, "VL_hits10": 0.6526315789473685}