{"TR_hits1": 0.9706275033377837, "TS_hits1": 0.9973297730307076, "TR_hits10": 0.6463414634146342, "TS_hits10": 0.8744881609400036}