{"TR_hits1": 0.8344459279038718, "TS_hits1": 0.3102189781021898, "TR_hits10": 0.9158878504672897, "TS_hits10": 0.6170553676339683}