{"TR_hits1": 0.9369747899159664, "VL_hits1": 0.9565826330532213, "TR_hits10": 0.7821229050279329, "VL_hits10": 0.9608938547486033}