{"TR_hits1": 0.4068396226415094, "VL_hits1": 0.39906103286384975, "TR_hits10": 0.46108490566037735, "VL_hits10": 0.4694835680751174}