{"TR_hits1": 0.8410493827160493, "VL_hits1": 0.8719135802469136, "TR_hits10": 0.5123456790123457, "VL_hits10": 0.7592592592592593}