{"TR_hits1": 0.6307506053268765, "VL_hits1": 0.45893719806763283, "TR_hits10": 0.7324455205811138, "VL_hits10": 0.7439613526570048}