{"TR_hits1": 0.4540094339622642, "VL_hits1": 0.4131455399061033, "TR_hits10": 0.49056603773584906, "VL_hits10": 0.4413145539906103}