{"TR_hits1": 0.6523109243697479, "VL_hits1": 0.6932773109243697, "TR_hits10": 0.7037815126050421, "VL_hits10": 0.7310924369747899}