{"TR_hits1": 0.933641975308642, "VL_hits1": 0.9382716049382716, "TR_hits10": 0.6728395061728395, "VL_hits10": 0.9074074074074074}