{"TR_hits1": 0.8319438350153576, "VL_hits1": 0.8499341816586222, "TR_hits10": 0.7526315789473684, "VL_hits10": 0.8105263157894737}