{"TR_hits1": 0.805531167690957, "VL_hits1": 0.8116769095697981, "TR_hits10": 0.7157894736842105, "VL_hits10": 0.7596491228070176}