{"TR_hits1": 0.9534883720930233, "VL_hits1": 0.9644580956559895, "TR_hits10": 0.8350877192982457, "VL_hits10": 0.968421052631579}