{"TR_hits1": 0.6180555555555556, "VL_hits1": 0.39814814814814814, "TR_hits10": 0.6747685185185185, "VL_hits10": 0.6620370370370371}