{"TR_hits1": 0.3672787979966611, "VL_hits1": 0.3789649415692821, "TR_hits10": 0.34, "VL_hits10": 0.35333333333333333}