{"TR_hits1": 0.16416040100250626, "VL_hits1": 0.155, "TR_hits10": 0.23182957393483708, "VL_hits10": 0.22}