{"TR_hits1": 0.517531556802244, "VL_hits1": 0.547486033519553, "TR_hits10": 0.6185133239831697, "VL_hits10": 0.6480446927374302}