{"TR_hits1": 0.6297335203366059, "VL_hits1": 0.6479663394109397, "TR_hits10": 0.5027932960893855, "VL_hits10": 0.547486033519553}