{"TR_hits1": 0.1552723059096176, "VL_hits1": 0.2037037037037037, "TR_hits10": 0.23406720741599074, "VL_hits10": 0.2638888888888889}