{"TR_hits1": 0.010802469135802469, "VL_hits1": 0.046296296296296294, "TR_hits10": 0.0, "VL_hits10": 0.006172839506172839}