{"TR_hits1": 0.36347673397717295, "VL_hits1": 0.44644424934152765, "TR_hits10": 0.3456140350877193, "VL_hits10": 0.43508771929824563}