{"TR_hits1": 0.38410886742756806, "VL_hits1": 0.39508340649692714, "TR_hits10": 0.37543859649122807, "VL_hits10": 0.3929824561403509}