{"TR_hits1": 0.24764150943396226, "VL_hits1": 0.215962441314554, "TR_hits10": 0.2841981132075472, "VL_hits10": 0.27230046948356806}