{"TR_hits1": 0.41509433962264153, "VL_hits1": 0.4131455399061033, "TR_hits10": 0.44693396226415094, "VL_hits10": 0.4835680751173709}