{"TR_hits1": 0.18159806295399517, "VL_hits1": 0.178743961352657, "TR_hits10": 0.2651331719128329, "VL_hits10": 0.26570048309178745}