{"TR_hits1": 0.006289308176100629, "VL_hits1": 0.03930817610062893, "TR_hits10": 0.0, "VL_hits10": 0.0125}