{"TR_hits1": 0.7964458804523424, "VL_hits1": 0.8045234248788369, "TR_hits10": 0.44516129032258067, "VL_hits10": 0.7483870967741936}