{"TR_hits1": 0.9486616937253182, "VL_hits1": 0.9640193067134708, "TR_hits10": 0.8192982456140351, "VL_hits10": 0.956140350877193}