{"TR_hits1": 0.4872761545711593, "TS_hits1": 0.3636597275764585, "TR_hits10": 0.4948162111215834, "TS_hits10": 0.44812815899940034}