{"TR_hits1": 0.9172510518934082, "VL_hits1": 0.9354838709677419, "TR_hits10": 0.7206703910614525, "VL_hits10": 0.9162011173184358}