{"TR_hits1": 0.4620355411954766, "VL_hits1": 0.4645161290322581, "TR_hits10": 0.5492730210016155, "VL_hits10": 0.5419354838709678}