{"TR_hits1": 0.7962962962962963, "VL_hits1": 0.8379629629629629, "TR_hits10": 0.5, "VL_hits10": 0.7592592592592593}