{"TR_hits1": 0.7300242130750605, "VL_hits1": 0.4396135265700483, "TR_hits10": 0.784503631961259, "VL_hits10": 0.7342995169082126}