{"TR_hits1": 0.40350877192982454, "VL_hits1": 0.435, "TR_hits10": 0.4598997493734336, "VL_hits10": 0.485}