{"TR_hits1": 0.9453781512605042, "VL_hits1": 0.9551820728291317, "TR_hits10": 0.7932960893854749, "VL_hits10": 0.9608938547486033}