{"TR_hits1": 0.6610644257703081, "VL_hits1": 0.6792717086834734, "TR_hits10": 0.5865921787709497, "VL_hits10": 0.6312849162011173}