{"TR_hits1": 0.6097453906935909, "VL_hits1": 0.6246707638279192, "TR_hits10": 0.5368421052631579, "VL_hits10": 0.5754385964912281}