{"TR_hits1": 0.5714285714285714, "VL_hits1": 0.5938375350140056, "TR_hits10": 0.5195530726256983, "VL_hits10": 0.5363128491620112}