{"TR_hits1": 0.5166812993854258, "VL_hits1": 0.5983318700614574, "TR_hits10": 0.5245614035087719, "VL_hits10": 0.5894736842105263}