{"TR_hits1": 0.010802469135802469, "VL_hits1": 0.05864197530864197, "TR_hits10": 0.018518518518518517, "VL_hits10": 0.17901234567901234}