{"TR_hits1": 0.5511921458625526, "VL_hits1": 0.603085553997195, "TR_hits10": 0.5027932960893855, "VL_hits10": 0.5586592178770949}