{"TR_hits1": 0.24310776942355888, "VL_hits1": 0.235, "TR_hits10": 0.2619047619047619, "VL_hits10": 0.29}