{"TR_hits1": 0.8852201257861635, "VL_hits1": 0.9119496855345912, "TR_hits10": 0.5375, "VL_hits10": 0.9}