{"TR_hits1": 0.3756260434056761, "VL_hits1": 0.3933333333333333, "TR_hits10": 0.4557595993322204, "VL_hits10": 0.46}