{"TR_hits1": 0.07272727272727272, "VL_hits1": 0.033816425120772944, "TR_hits10": 0.08121212121212121, "VL_hits10": 0.07729468599033816}