{"TR_hits1": 0.5834064969271291, "VL_hits1": 0.6062335381913959, "TR_hits10": 0.5684210526315789, "VL_hits10": 0.6035087719298246}