{"TR_hits1": 0.19444444444444445, "VL_hits1": 0.1388888888888889, "TR_hits10": 0.2569444444444444, "VL_hits10": 0.20833333333333334}