{"TR_hits1": 0.9627029398859148, "VL_hits1": 0.9706011408512506, "TR_hits10": 0.8105263157894737, "VL_hits10": 0.9578947368421052}