{"TR_hits1": 0.9208087615838247, "TS_hits1": 0.6190439711965681, "TR_hits10": 0.9545071609098568, "TS_hits10": 0.7116592615290332}