{"TR_hits1": 0.45626975763962063, "VL_hits1": 0.4117647058823529, "TR_hits10": 0.47839831401475236, "VL_hits10": 0.46218487394957986}