{"TR_hits1": 0.7467608951707891, "VL_hits1": 0.45539906103286387, "TR_hits10": 0.7926972909305064, "VL_hits10": 0.7887323943661971}