{"TR_hits1": 0.34787735849056606, "VL_hits1": 0.30985915492957744, "TR_hits10": 0.36556603773584906, "VL_hits10": 0.3286384976525822}