{"TR_hits1": 0.713784021071115, "VL_hits1": 0.723441615452151, "TR_hits10": 0.6526315789473685, "VL_hits10": 0.7}