{"TR_hits1": 0.44328703703703703, "VL_hits1": 0.4166666666666667, "TR_hits10": 0.5219907407407407, "VL_hits10": 0.5}