{"TR_hits1": 0.9376646180860404, "VL_hits1": 0.9490781387181738, "TR_hits10": 0.775438596491228, "VL_hits10": 0.9421052631578948}