{"TR_hits1": 0.3814866760168303, "VL_hits1": 0.39691444600280507, "TR_hits10": 0.37988826815642457, "VL_hits10": 0.41899441340782123}