{"TR_hits1": 0.27879799666110183, "VL_hits1": 0.2921535893155259, "TR_hits10": 0.18666666666666668, "VL_hits10": 0.22}