{"TR_hits1": 0.6410706450197455, "VL_hits1": 0.6691531373409391, "TR_hits10": 0.6192982456140351, "VL_hits10": 0.656140350877193}