{"TR_hits1": 0.6801292407108239, "VL_hits1": 0.7399030694668821, "TR_hits10": 0.4064516129032258, "VL_hits10": 0.6838709677419355}