{"TR_hits1": 0.3121869782971619, "VL_hits1": 0.32053422370617696, "TR_hits10": 0.2866666666666667, "VL_hits10": 0.29333333333333333}