{"TR_hits1": 0.2917675544794189, "VL_hits1": 0.22705314009661837, "TR_hits10": 0.32324455205811137, "VL_hits10": 0.28019323671497587}