{"TR_hits1": 0.018867924528301886, "VL_hits1": 0.014084507042253521, "TR_hits10": 0.018867924528301886, "VL_hits10": 0.018779342723004695}