{"TR_hits1": 0.9408941947565544, "TS_hits1": 0.9667602996254682, "TR_hits10": 0.7752128499956114, "TS_hits10": 0.8320606220193686}