{"TR_hits1": 0.026234567901234566, "VL_hits1": 0.05709876543209876, "TR_hits10": 0.08024691358024691, "VL_hits10": 0.2654320987654321}