{"TR_hits1": 0.24539069359086918, "VL_hits1": 0.291044776119403, "TR_hits10": 0.2719298245614035, "VL_hits10": 0.32280701754385965}