{"TR_hits1": 0.19198664440734559, "VL_hits1": 0.2587646076794658, "TR_hits10": 0.25333333333333335, "VL_hits10": 0.3}