{"TR_hits1": 0.14150943396226415, "VL_hits1": 0.09859154929577464, "TR_hits10": 0.1733490566037736, "VL_hits10": 0.14084507042253522}