{"TR_hits1": 0.8397717295873574, "VL_hits1": 0.8472344161545216, "TR_hits10": 0.7666666666666667, "VL_hits10": 0.8385964912280702}