{"TR_hits1": 0.6719409282700421, "VL_hits1": 0.7100840336134454, "TR_hits10": 0.6972573839662447, "VL_hits10": 0.726890756302521}