{"TR_hits1": 0.7651448639157156, "VL_hits1": 0.7787532923617209, "TR_hits10": 0.6982456140350877, "VL_hits10": 0.7263157894736842}