{"TR_hits1": 0.3472222222222222, "VL_hits1": 0.21296296296296297, "TR_hits10": 0.34837962962962965, "VL_hits10": 0.25}