{"TR_hits1": 0.3632075471698113, "VL_hits1": 0.3615023474178404, "TR_hits10": 0.4257075471698113, "VL_hits10": 0.41784037558685444}