{"TR_hits1": 0.667601683029453, "VL_hits1": 0.6704067321178121, "TR_hits10": 0.6256983240223464, "VL_hits10": 0.6368715083798883}