{"TR_hits1": 0.576437587657784, "VL_hits1": 0.5904628330995793, "TR_hits10": 0.5307262569832403, "VL_hits10": 0.5642458100558659}