{"TR_hits1": 0.2903629536921151, "VL_hits1": 0.22, "TR_hits10": 0.2978723404255319, "VL_hits10": 0.265}