{"TR_hits1": 0.04746835443037975, "VL_hits1": 0.025210084033613446, "TR_hits10": 0.060126582278481014, "VL_hits10": 0.046218487394957986}