{"TR_hits1": 0.02415966386554622, "VL_hits1": 0.02100840336134454, "TR_hits10": 0.03991596638655462, "VL_hits10": 0.037815126050420166}