{"TR_hits1": 0.768177028451001, "VL_hits1": 0.5714285714285714, "TR_hits10": 0.8292939936775553, "VL_hits10": 0.8487394957983193}