{"TR_hits1": 0.4881101376720901, "VL_hits1": 0.445, "TR_hits10": 0.5018773466833542, "VL_hits10": 0.5}