{"TR_hits1": 0.6466049382716049, "VL_hits1": 0.6466049382716049, "TR_hits10": 0.48148148148148145, "VL_hits10": 0.5370370370370371}