{"TR_hits1": 0.8919753086419753, "VL_hits1": 0.9382716049382716, "TR_hits10": 0.6172839506172839, "VL_hits10": 0.8765432098765432}