{"TR_hits1": 0.9420544337137841, "VL_hits1": 0.9539069359086918, "TR_hits10": 0.7859649122807018, "VL_hits10": 0.9298245614035088}