{"TR_hits1": 0.8883647798742138, "VL_hits1": 0.8930817610062893, "TR_hits10": 0.51875, "VL_hits10": 0.80625}