{"TR_hits1": 0.9561211057481351, "VL_hits1": 0.9692847740236946, "TR_hits10": 0.8491228070175438, "VL_hits10": 0.9666666666666667}