{"TR_hits1": 0.9530289727831431, "VL_hits1": 0.9596136962247586, "TR_hits10": 0.7964912280701755, "VL_hits10": 0.9350877192982456}