{"TR_hits1": 0.41068447412353926, "VL_hits1": 0.41569282136894825, "TR_hits10": 0.36666666666666664, "VL_hits10": 0.4266666666666667}