{"TR_hits1": 0.6596417281348789, "VL_hits1": 0.6008403361344538, "TR_hits10": 0.6733403582718651, "VL_hits10": 0.6260504201680672}