{"TR_hits1": 0.5106132075471698, "VL_hits1": 0.4084507042253521, "TR_hits10": 0.527122641509434, "VL_hits10": 0.4507042253521127}