{"TR_hits1": 0.4043583535108959, "VL_hits1": 0.3961352657004831, "TR_hits10": 0.46246973365617433, "VL_hits10": 0.45410628019323673}