{"TR_hits1": 0.3443396226415094, "VL_hits1": 0.22535211267605634, "TR_hits10": 0.3608490566037736, "VL_hits10": 0.27230046948356806}