{"TR_hits1": 0.32040050062578224, "VL_hits1": 0.3, "TR_hits10": 0.38923654568210264, "VL_hits10": 0.375}