{"TR_hits1": 0.7598770851624231, "VL_hits1": 0.7734855136084284, "TR_hits10": 0.7, "VL_hits10": 0.7333333333333333}