{"TR_hits1": 0.4634433962264151, "VL_hits1": 0.5305164319248826, "TR_hits10": 0.5400943396226415, "VL_hits10": 0.5915492957746479}