{"TR_hits1": 0.7690956979806848, "VL_hits1": 0.7756804214223003, "TR_hits10": 0.6859649122807018, "VL_hits10": 0.7192982456140351}