{"TR_hits1": 0.08958837772397095, "VL_hits1": 0.028985507246376812, "TR_hits10": 0.11380145278450363, "VL_hits10": 0.10144927536231885}