{"TR_hits1": 0.43338008415147267, "VL_hits1": 0.44460028050490885, "TR_hits10": 0.40782122905027934, "VL_hits10": 0.4301675977653631}