{"TR_hits1": 0.45626975763962063, "VL_hits1": 0.4789915966386555, "TR_hits10": 0.48472075869336145, "VL_hits10": 0.4957983193277311}