{"TR_hits1": 0.8430717863105175, "VL_hits1": 0.8497495826377296, "TR_hits10": 0.48, "VL_hits10": 0.72}