{"TR_hits1": 0.46296296296296297, "VL_hits1": 0.39814814814814814, "TR_hits10": 0.5046296296296297, "VL_hits10": 0.44907407407407407}