{"TR_hits1": 0.33726415094339623, "VL_hits1": 0.3755868544600939, "TR_hits10": 0.41273584905660377, "VL_hits10": 0.4507042253521127}