{"TR_hits1": 0.2951388888888889, "VL_hits1": 0.23148148148148148, "TR_hits10": 0.3263888888888889, "VL_hits10": 0.2638888888888889}