{"TR_hits1": 0.6998683633172444, "VL_hits1": 0.711715664765248, "TR_hits10": 0.6228070175438597, "VL_hits10": 0.6614035087719298}