{"TR_hits1": 0.7808641975308642, "VL_hits1": 0.7993827160493827, "TR_hits10": 0.5246913580246914, "VL_hits10": 0.7777777777777778}