{"TR_hits1": 0.5638148667601683, "VL_hits1": 0.6199158485273493, "TR_hits10": 0.48044692737430167, "VL_hits10": 0.5027932960893855}