{"TR_hits1": 0.6627358490566038, "VL_hits1": 0.38028169014084506, "TR_hits10": 0.6981132075471698, "VL_hits10": 0.6619718309859155}