{"TR_hits1": 0.5826377295492488, "VL_hits1": 0.5876460767946577, "TR_hits10": 0.37333333333333335, "VL_hits10": 0.41333333333333333}