{"TR_hits1": 0.03151515151515152, "VL_hits1": 0.014492753623188406, "TR_hits10": 0.04727272727272727, "VL_hits10": 0.01932367149758454}