{"TR_hits1": 0.9297752808988764, "VL_hits1": 0.9325842696629213, "TR_hits10": 0.7584269662921348, "VL_hits10": 0.9157303370786517}