{"TR_hits1": 0.8441432720232332, "TS_hits1": 0.44883761887988727, "TR_hits10": 0.9506292352371732, "TS_hits10": 0.7249031349066573}