{"TR_hits1": 0.4072727272727273, "VL_hits1": 0.4251207729468599, "TR_hits10": 0.503030303030303, "VL_hits10": 0.5314009661835749}