{"TR_hits1": 0.6690042075736325, "VL_hits1": 0.6704067321178121, "TR_hits10": 0.5586592178770949, "VL_hits10": 0.6256983240223464}