{"TR_hits1": 0.511204481792717, "VL_hits1": 0.5476190476190477, "TR_hits10": 0.48044692737430167, "VL_hits10": 0.5195530726256983}