{"TR_hits1": 0.8113522537562604, "VL_hits1": 0.8363939899833055, "TR_hits10": 0.5133333333333333, "VL_hits10": 0.7733333333333333}