{"TR_hits1": 0.8148148148148148, "VL_hits1": 0.8271604938271605, "TR_hits10": 0.5370370370370371, "VL_hits10": 0.7901234567901234}