{"TR_hits1": 0.18523153942428036, "VL_hits1": 0.155, "TR_hits10": 0.20275344180225283, "VL_hits10": 0.185}