{"TR_hits1": 0.4655819774718398, "VL_hits1": 0.51, "TR_hits10": 0.5369211514392991, "VL_hits10": 0.54}