{"TR_hits1": 0.8333333333333334, "VL_hits1": 0.8553459119496856, "TR_hits10": 0.49056603773584906, "VL_hits10": 0.7924528301886793}