{"TR_hits1": 0.4297253634894992, "VL_hits1": 0.45161290322580644, "TR_hits10": 0.5121163166397416, "VL_hits10": 0.5419354838709678}