{"TR_hits1": 0.2697576396206533, "VL_hits1": 0.18907563025210083, "TR_hits10": 0.30453108535300316, "VL_hits10": 0.2647058823529412}