{"TR_hits1": 0.6053370786516854, "VL_hits1": 0.5280898876404494, "TR_hits10": 0.6587078651685393, "VL_hits10": 0.5955056179775281}