{"TR_hits1": 0.6553884711779449, "VL_hits1": 0.44, "TR_hits10": 0.7142857142857143, "VL_hits10": 0.7}