{"avg_TR_hits1": 0.8507014343603388, "std_TR_hits1": 0.08616243608744431, "avg_TS_hits1": 0.6540573814989719, "std_TS_hits1": 0.04005789453613498, "avg_TR_hits10": 0.8787848544732069, "std_TR_hits10": 0.09657083964424058, "avg_TS_hits10": 0.7311721018767147, "std_TS_hits10": 0.04506117800644777}