{"TR_hits1": 0.3962920046349942, "VL_hits1": 0.35185185185185186, "TR_hits10": 0.42526071842410196, "VL_hits10": 0.4166666666666667}