{"TR_hits1": 0.7995283018867925, "VL_hits1": 0.4788732394366197, "TR_hits10": 0.8443396226415094, "VL_hits10": 0.8075117370892019}