{"TR_hits1": 0.5333625987708516, "VL_hits1": 0.5421422300263389, "TR_hits10": 0.5385964912280702, "VL_hits10": 0.5456140350877193}