{"TR_hits1": 0.858647936786655, "VL_hits1": 0.8630377524143986, "TR_hits10": 0.7526315789473684, "VL_hits10": 0.8070175438596491}