{"TR_hits1": 0.424812030075188, "VL_hits1": 0.47, "TR_hits10": 0.49122807017543857, "VL_hits10": 0.51}