{"TR_hits1": 0.330550918196995, "VL_hits1": 0.332220367278798, "TR_hits10": 0.31333333333333335, "VL_hits10": 0.32666666666666666}