{"TR_hits1": 0.9697235629662132, "VL_hits1": 0.9706011408512506, "TR_hits10": 0.8017543859649123, "VL_hits10": 0.9438596491228071}