{"TR_hits1": 0.008760951188986232, "VL_hits1": 0.005, "TR_hits10": 0.016270337922403004, "VL_hits10": 0.015}