{"TR_hits1": 0.302945301542777, "VL_hits1": 0.32398316970546986, "TR_hits10": 0.21787709497206703, "VL_hits10": 0.2905027932960894}