{"TR_hits1": 0.5245441795231417, "VL_hits1": 0.5315568022440392, "TR_hits10": 0.4581005586592179, "VL_hits10": 0.5251396648044693}