{"TR_hits1": 0.23365617433414043, "VL_hits1": 0.1932367149758454, "TR_hits10": 0.26997578692493945, "VL_hits10": 0.2463768115942029}