{"TR_hits1": 0.5841708542713567, "TS_hits1": 0.5082090802479478, "TR_hits10": 0.7110552763819096, "TS_hits10": 0.6110738817222315}