{"TR_hits1": 0.9382022471910112, "VL_hits1": 0.9382022471910112, "TR_hits10": 0.6629213483146067, "VL_hits10": 0.8932584269662921}