{"TR_hits1": 0.24436090225563908, "VL_hits1": 0.26, "TR_hits10": 0.2631578947368421, "VL_hits10": 0.295}