{"TR_hits1": 0.569327731092437, "VL_hits1": 0.40336134453781514, "TR_hits10": 0.6733193277310925, "VL_hits10": 0.6008403361344538}