{"TR_hits1": 0.43042452830188677, "VL_hits1": 0.3427230046948357, "TR_hits10": 0.4375, "VL_hits10": 0.36619718309859156}