{"TR_hits1": 0.8516893374286968, "VL_hits1": 0.8530057042562528, "TR_hits10": 0.7631578947368421, "VL_hits10": 0.8105263157894737}