{"TR_hits1": 0.7269789983844911, "VL_hits1": 0.7366720516962844, "TR_hits10": 0.41935483870967744, "VL_hits10": 0.6258064516129033}