{"TR_hits1": 0.9261006289308176, "VL_hits1": 0.940251572327044, "TR_hits10": 0.5625, "VL_hits10": 0.81875}