{"TR_hits1": 0.815188762071993, "VL_hits1": 0.8187006145741879, "TR_hits10": 0.7368421052631579, "VL_hits10": 0.7807017543859649}