{"TR_hits1": 0.4774624373956594, "VL_hits1": 0.5709515859766278, "TR_hits10": 0.46, "VL_hits10": 0.5666666666666667}