{"TR_hits1": 0.48414023372287146, "VL_hits1": 0.46, "TR_hits10": 0.5642737896494157, "VL_hits10": 0.5533333333333333}