{"TR_hits1": 0.5455820476858345, "VL_hits1": 0.5539971949509116, "TR_hits10": 0.46368715083798884, "VL_hits10": 0.4860335195530726}