{"TR_hits1": 0.41509433962264153, "VL_hits1": 0.325, "TR_hits10": 0.5062893081761006, "VL_hits10": 0.425}