{"TR_hits1": 0.777059773828756, "VL_hits1": 0.81421647819063, "TR_hits10": 0.4645161290322581, "VL_hits10": 0.8}