{"TR_hits1": 0.908252853380158, "VL_hits1": 0.9438103599648815, "TR_hits10": 0.8385964912280702, "VL_hits10": 0.9456140350877194}