{"TR_hits1": 0.5827117156647652, "VL_hits1": 0.6537955243527863, "TR_hits10": 0.5561403508771929, "VL_hits10": 0.6052631578947368}