{"TR_hits1": 0.8494293239683933, "VL_hits1": 0.8533801580333626, "TR_hits10": 0.7666666666666667, "VL_hits10": 0.8105263157894737}