{"TR_hits1": 0.4789325842696629, "VL_hits1": 0.4943820224719101, "TR_hits10": 0.5463483146067416, "VL_hits10": 0.5561797752808989}