{"TR_hits1": 0.694468832309043, "VL_hits1": 0.7001755926251098, "TR_hits10": 0.6, "VL_hits10": 0.6543859649122807}