{"TR_hits1": 0.6564805057955743, "VL_hits1": 0.6386554621848739, "TR_hits10": 0.684931506849315, "VL_hits10": 0.6932773109243697}