{"TR_hits1": 0.5158033362598771, "VL_hits1": 0.5232660228270413, "TR_hits10": 0.5140350877192983, "VL_hits10": 0.5385964912280702}