{"TR_hits1": 0.5689455388180765, "VL_hits1": 0.49074074074074076, "TR_hits10": 0.589803012746234, "VL_hits10": 0.5740740740740741}