{"TR_hits1": 0.753731343283582, "VL_hits1": 0.7589991220368745, "TR_hits10": 0.656140350877193, "VL_hits10": 0.6771929824561403}