{"TR_hits1": 0.8071654373024236, "VL_hits1": 0.5966386554621849, "TR_hits10": 0.8935721812434141, "VL_hits10": 0.8697478991596639}