{"TR_hits1": 0.9298737727910238, "VL_hits1": 0.9453015427769986, "TR_hits10": 0.7932960893854749, "VL_hits10": 0.9217877094972067}