{"TR_hits1": 0.9705056179775281, "VL_hits1": 0.9845505617977528, "TR_hits10": 0.7374301675977654, "VL_hits10": 0.9273743016759777}