{"TR_hits1": 0.7696160267111853, "VL_hits1": 0.7779632721202003, "TR_hits10": 0.46, "VL_hits10": 0.74}