{"TR_hits1": 0.21368948247078465, "VL_hits1": 0.24540901502504173, "TR_hits10": 0.15333333333333332, "VL_hits10": 0.19333333333333333}