{"TR_hits1": 0.5062814070351759, "TS_hits1": 0.2450996816887251, "TR_hits10": 0.7801507537688442, "TS_hits10": 0.5777349639805662}