{"TR_hits1": 0.9623115577889447, "TS_hits1": 0.9949748743718593, "TR_hits10": 0.6494387669626404, "TS_hits10": 0.8799631429050092}