{"TR_hits1": 0.07884856070087609, "VL_hits1": 0.02, "TR_hits10": 0.10513141426783479, "VL_hits10": 0.06}