{"TR_hits1": 0.6764705882352942, "VL_hits1": 0.6470588235294118, "TR_hits10": 0.6859243697478992, "VL_hits10": 0.6848739495798319}