{"TR_hits1": 0.9339887640449438, "VL_hits1": 0.949438202247191, "TR_hits10": 0.7640449438202247, "VL_hits10": 0.9157303370786517}