{"TR_hits1": 0.4666374012291484, "VL_hits1": 0.47761194029850745, "TR_hits10": 0.47017543859649125, "VL_hits10": 0.49122807017543857}