{"TR_hits1": 0.6043405676126878, "VL_hits1": 0.6227045075125208, "TR_hits10": 0.46, "VL_hits10": 0.5333333333333333}