{"TR_hits1": 0.4791666666666667, "VL_hits1": 0.5, "TR_hits10": 0.5451388888888888, "VL_hits10": 0.5509259259259259}