{"TR_hits1": 0.20150187734668334, "VL_hits1": 0.22, "TR_hits10": 0.24155193992490614, "VL_hits10": 0.285}