{"TR_hits1": 0.45938375350140054, "VL_hits1": 0.49159663865546216, "TR_hits10": 0.40782122905027934, "VL_hits10": 0.43575418994413406}