{"TR_hits1": 0.9293239683933274, "VL_hits1": 0.9433713784021072, "TR_hits10": 0.7929824561403509, "VL_hits10": 0.9491228070175438}