{"TR_hits1": 0.25786924939467315, "VL_hits1": 0.20772946859903382, "TR_hits10": 0.2917675544794189, "VL_hits10": 0.28502415458937197}