{"TR_hits1": 0.6338893766461808, "VL_hits1": 0.6356453028972783, "TR_hits10": 0.6350877192982456, "VL_hits10": 0.6578947368421053}