{"TR_hits1": 0.5443371378402108, "VL_hits1": 0.5452151009657594, "TR_hits10": 0.4964912280701754, "VL_hits10": 0.512280701754386}