{"TR_hits1": 0.40813464235624125, "VL_hits1": 0.49368863955119213, "TR_hits10": 0.36312849162011174, "VL_hits10": 0.4860335195530726}