{"TR_hits1": 0.85062893081761, "VL_hits1": 0.9025157232704403, "TR_hits10": 0.5625, "VL_hits10": 0.875}