{"TR_hits1": 0.5686704695041684, "VL_hits1": 0.5770074594120228, "TR_hits10": 0.5631578947368421, "VL_hits10": 0.5736842105263158}