{"TR_hits1": 0.38310185185185186, "VL_hits1": 0.4027777777777778, "TR_hits10": 0.4930555555555556, "VL_hits10": 0.5}