{"TR_hits1": 0.17333333333333334, "VL_hits1": 0.18840579710144928, "TR_hits10": 0.19757575757575757, "VL_hits10": 0.21739130434782608}