{"TR_hits1": 0.8345021037868162, "VL_hits1": 0.8835904628330996, "TR_hits10": 0.664804469273743, "VL_hits10": 0.888268156424581}