{"TR_hits1": 0.3622704507512521, "VL_hits1": 0.4590984974958264, "TR_hits10": 0.31333333333333335, "VL_hits10": 0.42}