{"TR_hits1": 0.9574374725756911, "VL_hits1": 0.9688459850811759, "TR_hits10": 0.8298245614035088, "VL_hits10": 0.9649122807017544}