{"avg_TR_hits1": 0.7281260369111776, "std_TR_hits1": 0.22503552181689132, "avg_TS_hits1": 0.29219159390403915, "std_TS_hits1": 0.09402896265592399, "avg_TR_hits10": 0.7852288069657547, "std_TR_hits10": 0.242341274938158, "avg_TS_hits10": 0.551127673962157, "std_TS_hits10": 0.14420547546131268}