{"TR_hits1": 0.8380634390651085, "VL_hits1": 0.8464106844741235, "TR_hits10": 0.5, "VL_hits10": 0.7466666666666667}