{"TR_hits1": 0.3714622641509434, "VL_hits1": 0.3004694835680751, "TR_hits10": 0.39740566037735847, "VL_hits10": 0.38028169014084506}