{"TR_hits1": 0.908835904628331, "VL_hits1": 0.9116409537166901, "TR_hits10": 0.6536312849162011, "VL_hits10": 0.88268156424581}