{"TR_hits1": 0.5123456790123457, "VL_hits1": 0.5555555555555556, "TR_hits10": 0.5925925925925926, "VL_hits10": 0.6358024691358025}