{"TR_hits1": 0.7445127304653204, "VL_hits1": 0.7541703248463565, "TR_hits10": 0.6754385964912281, "VL_hits10": 0.7157894736842105}