{"TR_hits1": 0.9574187884108868, "VL_hits1": 0.9604916593503073, "TR_hits10": 0.775438596491228, "VL_hits10": 0.9333333333333333}