{"TR_hits1": 0.5427769985974754, "VL_hits1": 0.5568022440392707, "TR_hits10": 0.4748603351955307, "VL_hits10": 0.5195530726256983}