{"TR_hits1": 0.8515406162464986, "VL_hits1": 0.8529411764705882, "TR_hits10": 0.7262569832402235, "VL_hits10": 0.7486033519553073}