{"TR_hits1": 0.820017559262511, "VL_hits1": 0.8239683933274803, "TR_hits10": 0.7192982456140351, "VL_hits10": 0.7666666666666667}