{"TR_hits1": 0.46060606060606063, "VL_hits1": 0.4057971014492754, "TR_hits10": 0.5309090909090909, "VL_hits10": 0.4830917874396135}