{"TR_hits1": 0.2613277133825079, "VL_hits1": 0.2647058823529412, "TR_hits10": 0.3340358271865121, "VL_hits10": 0.3277310924369748}