{"TR_hits1": 0.34223706176961605, "VL_hits1": 0.3656093489148581, "TR_hits10": 0.3333333333333333, "VL_hits10": 0.36}