{"TR_hits1": 0.37829293993677554, "VL_hits1": 0.2773109243697479, "TR_hits10": 0.39304531085353, "VL_hits10": 0.29831932773109243}