{"TR_hits1": 0.520632133450395, "VL_hits1": 0.5250219490781387, "TR_hits10": 0.5105263157894737, "VL_hits10": 0.5157894736842106}