{"TR_hits1": 0.6900420757363254, "VL_hits1": 0.7040673211781207, "TR_hits10": 0.5083798882681564, "VL_hits10": 0.553072625698324}