{"TR_hits1": 0.45886442641946695, "VL_hits1": 0.28703703703703703, "TR_hits10": 0.46697566628041715, "VL_hits10": 0.35185185185185186}