{"TR_hits1": 0.7165437302423604, "VL_hits1": 0.7142857142857143, "TR_hits10": 0.7302423603793466, "VL_hits10": 0.7352941176470589}