{"TR_hits1": 0.5292153589315526, "VL_hits1": 0.5342237061769616, "TR_hits10": 0.5133333333333333, "VL_hits10": 0.54}