{"TR_hits1": 0.6039915966386554, "VL_hits1": 0.5336134453781513, "TR_hits10": 0.6060924369747899, "VL_hits10": 0.5882352941176471}