{"TR_hits1": 0.035108958837772396, "VL_hits1": 0.01932367149758454, "TR_hits10": 0.053268765133171914, "VL_hits10": 0.04830917874396135}