{"TR_hits1": 0.48214285714285715, "VL_hits1": 0.47478991596638653, "TR_hits10": 0.49369747899159666, "VL_hits10": 0.48739495798319327}