{"TR_hits1": 0.45675105485232065, "VL_hits1": 0.42857142857142855, "TR_hits10": 0.4630801687763713, "VL_hits10": 0.4369747899159664}