{"TR_hits1": 0.8955349620893007, "TS_hits1": 0.5971349777845871, "TR_hits10": 0.9258635214827295, "TS_hits10": 0.8727593074919565}