{"TR_hits1": 0.3709090909090909, "VL_hits1": 0.3864734299516908, "TR_hits10": 0.42787878787878786, "VL_hits10": 0.42995169082125606}