{"TR_hits1": 0.3466981132075472, "VL_hits1": 0.3380281690140845, "TR_hits10": 0.3714622641509434, "VL_hits10": 0.352112676056338}