{"TR_hits1": 0.17609046849757673, "VL_hits1": 0.05806451612903226, "TR_hits10": 0.1825525040387722, "VL_hits10": 0.11612903225806452}