{"TR_hits1": 0.6704361873990307, "VL_hits1": 0.6898222940226171, "TR_hits10": 0.4064516129032258, "VL_hits10": 0.632258064516129}