{"TR_hits1": 0.20754716981132076, "VL_hits1": 0.16901408450704225, "TR_hits10": 0.23113207547169812, "VL_hits10": 0.18779342723004694}