{"TR_hits1": 0.17454545454545456, "VL_hits1": 0.10628019323671498, "TR_hits10": 0.1987878787878788, "VL_hits10": 0.19806763285024154}