{"TR_hits1": 0.5919811320754716, "VL_hits1": 0.24882629107981222, "TR_hits10": 0.6415094339622641, "VL_hits10": 0.4647887323943662}