{"TR_hits1": 0.018907563025210083, "VL_hits1": 0.02100840336134454, "TR_hits10": 0.03676470588235294, "VL_hits10": 0.03361344537815126}