{"TR_hits1": 0.24768518518518517, "VL_hits1": 0.19444444444444445, "TR_hits10": 0.28935185185185186, "VL_hits10": 0.24537037037037038}