{"TR_hits1": 0.5667251975417033, "VL_hits1": 0.6141352063213346, "TR_hits10": 0.5385964912280702, "VL_hits10": 0.5842105263157895}