{"TR_hits1": 0.7117701575532901, "TS_hits1": 0.45449953699806384, "TR_hits10": 0.752548656163114, "TS_hits10": 0.7321323343715801}