{"TR_hits1": 0.39351851851851855, "VL_hits1": 0.37037037037037035, "TR_hits10": 0.5123456790123457, "VL_hits10": 0.49382716049382713}