{"TR_hits1": 0.8805031446540881, "VL_hits1": 0.9072327044025157, "TR_hits10": 0.56875, "VL_hits10": 0.81875}