{"TR_hits1": 0.44712593242650284, "VL_hits1": 0.46511627906976744, "TR_hits10": 0.44912280701754387, "VL_hits10": 0.47192982456140353}