{"TR_hits1": 0.031839622641509434, "VL_hits1": 0.056338028169014086, "TR_hits10": 0.09316037735849056, "VL_hits10": 0.1267605633802817}