{"TR_hits1": 0.16666666666666666, "VL_hits1": 0.125, "TR_hits10": 0.18287037037037038, "VL_hits10": 0.1388888888888889}