{"TR_hits1": 0.5553213909378293, "VL_hits1": 0.48739495798319327, "TR_hits10": 0.5742887249736565, "VL_hits10": 0.5084033613445378}