{"TR_hits1": 0.015806111696522657, "VL_hits1": 0.025210084033613446, "TR_hits10": 0.04214963119072708, "VL_hits10": 0.05042016806722689}