{"TR_hits1": 0.9339887640449438, "VL_hits1": 0.9536516853932584, "TR_hits10": 0.7584269662921348, "VL_hits10": 0.949438202247191}