{"TR_hits1": 0.5004389815627743, "VL_hits1": 0.5711150131694469, "TR_hits10": 0.49122807017543857, "VL_hits10": 0.5421052631578948}