{"TR_hits1": 0.4574290484140234, "VL_hits1": 0.4607679465776294, "TR_hits10": 0.48, "VL_hits10": 0.5}