{"TR_hits1": 0.2917675544794189, "VL_hits1": 0.23671497584541062, "TR_hits10": 0.32566585956416466, "VL_hits10": 0.3140096618357488}