{"TR_hits1": 0.5358796296296297, "VL_hits1": 0.4398148148148148, "TR_hits10": 0.5949074074074074, "VL_hits10": 0.49537037037037035}