{"TR_hits1": 0.729312762973352, "VL_hits1": 0.7349228611500701, "TR_hits10": 0.6033519553072626, "VL_hits10": 0.6480446927374302}