{"TR_hits1": 0.5904628330995793, "VL_hits1": 0.5586592178770949, "TR_hits10": 0.6872370266479664, "VL_hits10": 0.6201117318435754}