{"TR_hits1": 0.679465776293823, "VL_hits1": 0.7779632721202003, "TR_hits10": 0.52, "VL_hits10": 0.8133333333333334}