{"TR_hits1": 0.7295492487479132, "VL_hits1": 0.7612687813021702, "TR_hits10": 0.38666666666666666, "VL_hits10": 0.7133333333333334}