{"TR_hits1": 0.2838063439065108, "VL_hits1": 0.07333333333333333, "TR_hits10": 0.31719532554257096, "VL_hits10": 0.26}