{"TR_hits1": 0.4756944444444444, "VL_hits1": 0.42592592592592593, "TR_hits10": 0.5590277777777778, "VL_hits10": 0.5185185185185185}