{"TR_hits1": 0.7265144863915716, "VL_hits1": 0.7339771729587358, "TR_hits10": 0.6701754385964912, "VL_hits10": 0.7140350877192982}