{"TR_hits1": 0.5895522388059702, "VL_hits1": 0.5899912203687445, "TR_hits10": 0.5614035087719298, "VL_hits10": 0.5807017543859649}