{"TR_hits1": 0.7870939420544337, "VL_hits1": 0.7919227392449517, "TR_hits10": 0.6754385964912281, "VL_hits10": 0.7140350877192982}