{"TR_hits1": 0.9353932584269663, "VL_hits1": 0.9438202247191011, "TR_hits10": 0.7415730337078652, "VL_hits10": 0.9382022471910112}