{"TR_hits1": 0.007075471698113208, "VL_hits1": 0.014084507042253521, "TR_hits10": 0.02240566037735849, "VL_hits10": 0.03286384976525822}