{"TR_hits1": 0.9606741573033708, "VL_hits1": 0.9662921348314607, "TR_hits10": 0.7528089887640449, "VL_hits10": 0.9438202247191011}