{"TR_hits1": 0.6439859525899913, "VL_hits1": 0.6720807726075505, "TR_hits10": 0.6350877192982456, "VL_hits10": 0.6631578947368421}