{"TR_hits1": 0.9311797752808989, "VL_hits1": 0.9353932584269663, "TR_hits10": 0.7247191011235955, "VL_hits10": 0.9101123595505618}