{"TR_hits1": 0.575187969924812, "VL_hits1": 0.47, "TR_hits10": 0.5877192982456141, "VL_hits10": 0.51}