{"TR_hits1": 0.5680224403927069, "VL_hits1": 0.5708274894810659, "TR_hits10": 0.5307262569832403, "VL_hits10": 0.5363128491620112}