{"TR_hits1": 0.44363636363636366, "VL_hits1": 0.40096618357487923, "TR_hits10": 0.5236363636363637, "VL_hits10": 0.4830917874396135}