{"TR_hits1": 0.1476846057571965, "VL_hits1": 0.17, "TR_hits10": 0.1902377972465582, "VL_hits10": 0.2}