{"TR_hits1": 0.2337228714524207, "VL_hits1": 0.29549248747913187, "TR_hits10": 0.19333333333333333, "VL_hits10": 0.24666666666666667}