{"TR_hits1": 0.5840336134453782, "VL_hits1": 0.6568627450980392, "TR_hits10": 0.5363128491620112, "VL_hits10": 0.6368715083798883}