{"TR_hits1": 0.4369846878680801, "VL_hits1": 0.4131455399061033, "TR_hits10": 0.47703180212014135, "VL_hits10": 0.45539906103286387}