{"TR_hits1": 0.3739565943238731, "VL_hits1": 0.48747913188647746, "TR_hits10": 0.38666666666666666, "VL_hits10": 0.4533333333333333}