{"TR_hits1": 0.4782608695652174, "VL_hits1": 0.4950911640953717, "TR_hits10": 0.37988826815642457, "VL_hits10": 0.4581005586592179}