{"TR_hits1": 0.38498789346246975, "VL_hits1": 0.14492753623188406, "TR_hits10": 0.43099273607748184, "VL_hits10": 0.36231884057971014}