{"TR_hits1": 0.7705977382875606, "VL_hits1": 0.7964458804523424, "TR_hits10": 0.432258064516129, "VL_hits10": 0.6516129032258065}