{"TR_hits1": 0.5191986644407346, "VL_hits1": 0.5225375626043406, "TR_hits10": 0.4266666666666667, "VL_hits10": 0.4533333333333333}