{"TR_hits1": 0.4887640449438202, "VL_hits1": 0.5730337078651685, "TR_hits10": 0.5575842696629213, "VL_hits10": 0.6460674157303371}