{"TR_hits1": 0.25041736227045075, "VL_hits1": 0.3105175292153589, "TR_hits10": 0.31333333333333335, "VL_hits10": 0.3933333333333333}