{"TR_hits1": 0.44240400667779634, "VL_hits1": 0.46243739565943237, "TR_hits10": 0.38, "VL_hits10": 0.3933333333333333}