{"TR_hits1": 0.328881469115192, "VL_hits1": 0.36894824707846413, "TR_hits10": 0.26, "VL_hits10": 0.31333333333333335}