{"TR_hits1": 0.4340567612687813, "VL_hits1": 0.3333333333333333, "TR_hits10": 0.5025041736227045, "VL_hits10": 0.4266666666666667}