{"TR_hits1": 0.18396226415094338, "VL_hits1": 0.18309859154929578, "TR_hits10": 0.2275943396226415, "VL_hits10": 0.23943661971830985}