{"TR_hits1": 0.9172510518934082, "VL_hits1": 0.9186535764375876, "TR_hits10": 0.7262569832402235, "VL_hits10": 0.9106145251396648}