{"TR_hits1": 0.9649859943977591, "VL_hits1": 0.9747899159663865, "TR_hits10": 0.6815642458100558, "VL_hits10": 0.8715083798882681}