{"TR_hits1": 0.7203687445127305, "VL_hits1": 0.7265144863915716, "TR_hits10": 0.6350877192982456, "VL_hits10": 0.6596491228070176}