{"TR_hits1": 0.011587485515643106, "VL_hits1": 0.013888888888888888, "TR_hits10": 0.016222479721900347, "VL_hits10": 0.041666666666666664}