{"TR_hits1": 0.5064782096584217, "VL_hits1": 0.3380281690140845, "TR_hits10": 0.508833922261484, "VL_hits10": 0.39906103286384975}