{"TR_hits1": 0.8490566037735849, "VL_hits1": 0.8512505484861781, "TR_hits10": 0.7578947368421053, "VL_hits10": 0.8017543859649123}