{"TR_hits1": 0.9480337078651685, "VL_hits1": 0.9550561797752809, "TR_hits10": 0.7359550561797753, "VL_hits10": 0.949438202247191}