{"TR_hits1": 0.3785377358490566, "VL_hits1": 0.3755868544600939, "TR_hits10": 0.41273584905660377, "VL_hits10": 0.40375586854460094}