{"TR_hits1": 0.7458296751536435, "VL_hits1": 0.757243195785777, "TR_hits10": 0.7052631578947368, "VL_hits10": 0.7421052631578947}