{"TR_hits1": 0.8533801580333626, "VL_hits1": 0.8551360842844601, "TR_hits10": 0.7526315789473684, "VL_hits10": 0.8}