{"TR_hits1": 0.5437219730941704, "TS_hits1": 0.35427717594322, "TR_hits10": 0.7937219730941704, "TS_hits10": 0.6832274934628315}