{"TR_hits1": 0.9865470852017937, "TS_hits1": 0.9943946188340808, "TR_hits10": 0.7633918565558461, "TS_hits10": 0.9373178931639895}