{"TR_hits1": 0.8669885864793678, "VL_hits1": 0.9306409130816505, "TR_hits10": 0.7508771929824561, "VL_hits10": 0.9368421052631579}