{"TR_hits1": 0.8657305835892936, "VL_hits1": 0.8701184730144801, "TR_hits10": 0.7578947368421053, "VL_hits10": 0.8140350877192982}