{"TR_hits1": 0.39552238805970147, "VL_hits1": 0.40781387181738366, "TR_hits10": 0.3894736842105263, "VL_hits10": 0.4070175438596491}