{"TR_hits1": 0.781387181738367, "VL_hits1": 0.7932396839332748, "TR_hits10": 0.6982456140350877, "VL_hits10": 0.7614035087719299}