{"TR_hits1": 0.6725197541703248, "VL_hits1": 0.6878841088674276, "TR_hits10": 0.6368421052631579, "VL_hits10": 0.6754385964912281}