{"TR_hits1": 0.8757861635220126, "VL_hits1": 0.8930817610062893, "TR_hits10": 0.5849056603773585, "VL_hits10": 0.7924528301886793}