{"TR_hits1": 0.5539971949509116, "VL_hits1": 0.5307262569832403, "TR_hits10": 0.6143057503506312, "VL_hits10": 0.5921787709497207}