{"TR_hits1": 0.5329593267882188, "VL_hits1": 0.605890603085554, "TR_hits10": 0.5027932960893855, "VL_hits10": 0.5921787709497207}