{"TR_hits1": 0.5994397759103641, "VL_hits1": 0.5865921787709497, "TR_hits10": 0.680672268907563, "VL_hits10": 0.6536312849162011}