{"TR_hits1": 0.42857142857142855, "VL_hits1": 0.42997198879551823, "TR_hits10": 0.2849162011173184, "VL_hits10": 0.33519553072625696}