{"TR_hits1": 0.3764135702746365, "VL_hits1": 0.3870967741935484, "TR_hits10": 0.46365105008077545, "VL_hits10": 0.4645161290322581}