{"TR_hits1": 0.025454545454545455, "VL_hits1": 0.00966183574879227, "TR_hits10": 0.037575757575757575, "VL_hits10": 0.014492753623188406}