{"TR_hits1": 0.33889816360601, "VL_hits1": 0.34557595993322204, "TR_hits10": 0.2733333333333333, "VL_hits10": 0.36}