{"TR_hits1": 0.2576235541535226, "VL_hits1": 0.226890756302521, "TR_hits10": 0.3270241850683491, "VL_hits10": 0.3067226890756303}