{"TR_hits1": 0.5759717314487632, "VL_hits1": 0.49765258215962443, "TR_hits10": 0.6089517078916372, "VL_hits10": 0.5586854460093896}