{"avg_TR_hits1": 0.750859706632799, "std_TR_hits1": 0.11153766159285432, "avg_TS_hits1": 0.4725344448214695, "std_TS_hits1": 0.044380601134995895, "avg_TR_hits10": 0.8096568610624836, "std_TR_hits10": 0.14392450058781076, "avg_TS_hits10": 0.591815167733364, "std_TS_hits10": 0.05390464335656054}