{"TR_hits1": 0.4563679245283019, "VL_hits1": 0.3286384976525822, "TR_hits10": 0.45754716981132076, "VL_hits10": 0.37089201877934275}