{"TR_hits1": 0.892436974789916, "TS_hits1": 0.7652632383281118, "TR_hits10": 0.9243697478991597, "TS_hits10": 0.8264690150531061}