{"TR_hits1": 0.702809482001756, "VL_hits1": 0.7111501316944688, "TR_hits10": 0.6157894736842106, "VL_hits10": 0.6754385964912281}