{"TR_hits1": 0.7200526546731022, "VL_hits1": 0.726634488810882, "TR_hits10": 0.6543859649122807, "VL_hits10": 0.6789473684210526}