{"TR_hits1": 0.16435185185185186, "VL_hits1": 0.1388888888888889, "TR_hits10": 0.21412037037037038, "VL_hits10": 0.17592592592592593}