{"TR_hits1": 0.2641509433962264, "VL_hits1": 0.15492957746478872, "TR_hits10": 0.27240566037735847, "VL_hits10": 0.2112676056338028}