{"TR_hits1": 0.8977987421383647, "VL_hits1": 0.9245283018867925, "TR_hits10": 0.5625, "VL_hits10": 0.85625}