{"TR_hits1": 0.38666666666666666, "VL_hits1": 0.37681159420289856, "TR_hits10": 0.4703030303030303, "VL_hits10": 0.463768115942029}