{"TR_hits1": 0.26330532212885155, "VL_hits1": 0.28991596638655465, "TR_hits10": 0.2849162011173184, "VL_hits10": 0.30726256983240224}