{"TR_hits1": 0.3296969696969697, "VL_hits1": 0.33816425120772947, "TR_hits10": 0.39636363636363636, "VL_hits10": 0.42028985507246375}