{"TR_hits1": 0.6953781512605042, "VL_hits1": 0.6848739495798319, "TR_hits10": 0.717436974789916, "VL_hits10": 0.7184873949579832}