{"TR_hits1": 0.5452151009657594, "VL_hits1": 0.6150131694468832, "TR_hits10": 0.5210526315789473, "VL_hits10": 0.5789473684210527}