{"TR_hits1": 0.28046744574290483, "VL_hits1": 0.337228714524207, "TR_hits10": 0.26, "VL_hits10": 0.2866666666666667}