{"TR_hits1": 0.3583959899749373, "VL_hits1": 0.295, "TR_hits10": 0.39974937343358397, "VL_hits10": 0.345}