{"TR_hits1": 0.8176100628930818, "VL_hits1": 0.8411949685534591, "TR_hits10": 0.50625, "VL_hits10": 0.7875}