{"TR_hits1": 0.7082748948106592, "VL_hits1": 0.7335203366058906, "TR_hits10": 0.5418994413407822, "VL_hits10": 0.6033519553072626}