{"TR_hits1": 0.6129032258064516, "VL_hits1": 0.6033519553072626, "TR_hits10": 0.6619915848527349, "VL_hits10": 0.6759776536312849}