{"TR_hits1": 0.569327731092437, "VL_hits1": 0.5336134453781513, "TR_hits10": 0.5777310924369747, "VL_hits10": 0.5798319327731093}