{"TR_hits1": 0.5519399249061326, "VL_hits1": 0.505, "TR_hits10": 0.5644555694618273, "VL_hits10": 0.53}