{"TR_hits1": 0.34891485809682804, "VL_hits1": 0.38397328881469117, "TR_hits10": 0.38666666666666666, "VL_hits10": 0.4066666666666667}