{"TR_hits1": 0.48807854137447404, "VL_hits1": 0.5708274894810659, "TR_hits10": 0.48044692737430167, "VL_hits10": 0.5307262569832403}