{"TR_hits1": 0.2510974539069359, "VL_hits1": 0.2932396839332748, "TR_hits10": 0.2631578947368421, "VL_hits10": 0.3087719298245614}