{"TR_hits1": 0.8050921861281826, "VL_hits1": 0.815188762071993, "TR_hits10": 0.743859649122807, "VL_hits10": 0.8035087719298246}