{"TR_hits1": 0.7909663865546218, "VL_hits1": 0.5840336134453782, "TR_hits10": 0.851890756302521, "VL_hits10": 0.819327731092437}