{"TR_hits1": 0.6162464985994398, "VL_hits1": 0.6974789915966386, "TR_hits10": 0.5921787709497207, "VL_hits10": 0.6759776536312849}