{"TR_hits1": 0.43099273607748184, "VL_hits1": 0.28502415458937197, "TR_hits10": 0.437046004842615, "VL_hits10": 0.34782608695652173}