{"TR_hits1": 0.33088235294117646, "VL_hits1": 0.2605042016806723, "TR_hits10": 0.3802521008403361, "VL_hits10": 0.33613445378151263}