{"TR_hits1": 0.21869782971619364, "VL_hits1": 0.3005008347245409, "TR_hits10": 0.14, "VL_hits10": 0.23333333333333334}