{"TR_hits1": 0.2615546218487395, "VL_hits1": 0.25630252100840334, "TR_hits10": 0.30462184873949577, "VL_hits10": 0.31512605042016806}