{"TR_hits1": 0.22036874451273047, "VL_hits1": 0.2642669007901668, "TR_hits10": 0.19298245614035087, "VL_hits10": 0.24035087719298245}