{"TR_hits1": 0.23617208077260754, "VL_hits1": 0.2704126426690079, "TR_hits10": 0.21228070175438596, "VL_hits10": 0.2631578947368421}