{"TR_hits1": 0.5301542776998598, "VL_hits1": 0.541374474053296, "TR_hits10": 0.5139664804469274, "VL_hits10": 0.5307262569832403}