{"TR_hits1": 0.8435483870967742, "VL_hits1": 0.8741935483870967, "TR_hits10": 0.5612903225806452, "VL_hits10": 0.8516129032258064}