{"TR_hits1": 0.39065108514190316, "VL_hits1": 0.39232053422370616, "TR_hits10": 0.28, "VL_hits10": 0.29333333333333333}