{"TR_hits1": 0.544689800210305, "VL_hits1": 0.5, "TR_hits10": 0.5583596214511041, "VL_hits10": 0.5084033613445378}