{"TR_hits1": 0.9087078651685393, "VL_hits1": 0.9367977528089888, "TR_hits10": 0.6966292134831461, "VL_hits10": 0.9269662921348315}