{"TR_hits1": 0.3665496049165935, "VL_hits1": 0.45961369622475856, "TR_hits10": 0.3701754385964912, "VL_hits10": 0.4614035087719298}