{"TR_hits1": 0.9473222124670764, "VL_hits1": 0.9622475856014048, "TR_hits10": 0.8421052631578947, "VL_hits10": 0.9491228070175438}