{"TR_hits1": 0.5618964003511853, "VL_hits1": 0.564091308165057, "TR_hits10": 0.5, "VL_hits10": 0.5228070175438596}