{"TR_hits1": 0.45111896348645464, "VL_hits1": 0.4507042253521127, "TR_hits10": 0.4994110718492344, "VL_hits10": 0.5117370892018779}