{"TR_hits1": 0.707983193277311, "VL_hits1": 0.6176470588235294, "TR_hits10": 0.7121848739495799, "VL_hits10": 0.6428571428571429}