{"TR_hits1": 0.9394205443371378, "VL_hits1": 0.9556628621597892, "TR_hits10": 0.8315789473684211, "VL_hits10": 0.9649122807017544}