{"TR_hits1": 0.707638279192274, "VL_hits1": 0.7098331870061457, "TR_hits10": 0.6719298245614035, "VL_hits10": 0.7140350877192982}