{"TR_hits1": 0.5974754558204769, "VL_hits1": 0.5974754558204769, "TR_hits10": 0.5865921787709497, "VL_hits10": 0.5977653631284916}