{"TR_hits1": 0.6288117770767613, "VL_hits1": 0.5126050420168067, "TR_hits10": 0.6393270241850684, "VL_hits10": 0.592436974789916}