{"TR_hits1": 0.7100840336134454, "VL_hits1": 0.7100840336134454, "TR_hits10": 0.5754189944134078, "VL_hits10": 0.5977653631284916}