{"TR_hits1": 0.3121869782971619, "VL_hits1": 0.330550918196995, "TR_hits10": 0.38666666666666666, "VL_hits10": 0.41333333333333333}