{"TR_hits1": 0.17271589486858574, "VL_hits1": 0.185, "TR_hits10": 0.2227784730913642, "VL_hits10": 0.25}