{"TR_hits1": 0.8230383973288815, "VL_hits1": 0.8647746243739566, "TR_hits10": 0.5133333333333333, "VL_hits10": 0.8666666666666667}