{"TR_hits1": 0.7830188679245284, "VL_hits1": 0.8050314465408805, "TR_hits10": 0.45, "VL_hits10": 0.7375}