{"TR_hits1": 0.20601851851851852, "VL_hits1": 0.17592592592592593, "TR_hits10": 0.2638888888888889, "VL_hits10": 0.22685185185185186}