{"TR_hits1": 0.7906057945566286, "VL_hits1": 0.7949956101843723, "TR_hits10": 0.743859649122807, "VL_hits10": 0.7807017543859649}