{"TR_hits1": 0.8096774193548387, "VL_hits1": 0.8580645161290322, "TR_hits10": 0.5032258064516129, "VL_hits10": 0.7806451612903226}