{"TR_hits1": 0.11027568922305764, "VL_hits1": 0.045, "TR_hits10": 0.11654135338345864, "VL_hits10": 0.095}