{"TR_hits1": 0.8651535380507344, "TS_hits1": 0.30754851344133877, "TR_hits10": 0.9172229639519359, "TS_hits10": 0.6149189959052875}