{"TR_hits1": 0.9786381842456608, "TS_hits1": 0.9933244325767691, "TR_hits10": 0.6484778351433149, "TS_hits10": 0.8787609043973651}