{"TR_hits1": 0.908252853380158, "VL_hits1": 0.9376646180860404, "TR_hits10": 0.7578947368421053, "VL_hits10": 0.9473684210526315}