{"TR_hits1": 0.6339662447257384, "VL_hits1": 0.6008403361344538, "TR_hits10": 0.6487341772151899, "VL_hits10": 0.634453781512605}