{"TR_hits1": 0.9389815627743635, "VL_hits1": 0.9644424934152765, "TR_hits10": 0.8245614035087719, "VL_hits10": 0.9508771929824561}