{"TR_hits1": 0.7395659432387313, "VL_hits1": 0.7896494156928213, "TR_hits10": 0.44666666666666666, "VL_hits10": 0.7933333333333333}