{"TR_hits1": 0.39849624060150374, "VL_hits1": 0.305, "TR_hits10": 0.424812030075188, "VL_hits10": 0.335}