{"TR_hits1": 0.49736564805057953, "VL_hits1": 0.49159663865546216, "TR_hits10": 0.5321390937829295, "VL_hits10": 0.5378151260504201}