{"TR_hits1": 0.32220367278797996, "VL_hits1": 0.333889816360601, "TR_hits10": 0.3, "VL_hits10": 0.32}