{"TR_hits1": 0.8354541465555068, "VL_hits1": 0.8398420359806933, "TR_hits10": 0.7473684210526316, "VL_hits10": 0.7701754385964912}