{"TR_hits1": 0.7835218093699515, "VL_hits1": 0.8093699515347335, "TR_hits10": 0.432258064516129, "VL_hits10": 0.7354838709677419}