{"TR_hits1": 0.910377358490566, "VL_hits1": 0.9276729559748428, "TR_hits10": 0.5375, "VL_hits10": 0.81875}