{"TR_hits1": 0.8195754716981132, "VL_hits1": 0.49765258215962443, "TR_hits10": 0.8785377358490566, "VL_hits10": 0.8403755868544601}