{"TR_hits1": 0.41575757575757577, "VL_hits1": 0.42028985507246375, "TR_hits10": 0.4593939393939394, "VL_hits10": 0.4927536231884058}