{"TR_hits1": 0.5014044943820225, "VL_hits1": 0.5786516853932584, "TR_hits10": 0.5786516853932584, "VL_hits10": 0.6348314606741573}