{"TR_hits1": 0.8946629213483146, "VL_hits1": 0.9311797752808989, "TR_hits10": 0.6966292134831461, "VL_hits10": 0.9213483146067416}