{"TR_hits1": 0.6153846153846154, "VL_hits1": 0.6386554621848739, "TR_hits10": 0.6385669125395153, "VL_hits10": 0.6848739495798319}