{"TR_hits1": 0.7915993537964459, "VL_hits1": 0.7964458804523424, "TR_hits10": 0.5870967741935483, "VL_hits10": 0.8}