{"TR_hits1": 0.36226851851851855, "VL_hits1": 0.28703703703703703, "TR_hits10": 0.3923611111111111, "VL_hits10": 0.3333333333333333}