{"TR_hits1": 0.39285714285714285, "VL_hits1": 0.3235294117647059, "TR_hits10": 0.41386554621848737, "VL_hits10": 0.3949579831932773}