{"TR_hits1": 0.6044776119402985, "VL_hits1": 0.6093064091308165, "TR_hits10": 0.5859649122807018, "VL_hits10": 0.6210526315789474}