{"TR_hits1": 0.9482229047827995, "VL_hits1": 0.9644580956559895, "TR_hits10": 0.8263157894736842, "VL_hits10": 0.9614035087719298}