{"TR_hits1": 0.475647213690215, "VL_hits1": 0.4866169372531812, "TR_hits10": 0.47017543859649125, "VL_hits10": 0.48771929824561405}