{"TR_hits1": 0.5938375350140056, "VL_hits1": 0.6008403361344538, "TR_hits10": 0.5363128491620112, "VL_hits10": 0.5754189944134078}