{"TR_hits1": 0.742296918767507, "VL_hits1": 0.7478991596638656, "TR_hits10": 0.6480446927374302, "VL_hits10": 0.6927374301675978}