{"TR_hits1": 0.5483870967741935, "VL_hits1": 0.5525946704067322, "TR_hits10": 0.5586592178770949, "VL_hits10": 0.5698324022346368}