{"TR_hits1": 0.4618055555555556, "VL_hits1": 0.4166666666666667, "TR_hits10": 0.5682870370370371, "VL_hits10": 0.5648148148148148}