{"TR_hits1": 0.9464442493415277, "VL_hits1": 0.961369622475856, "TR_hits10": 0.8280701754385965, "VL_hits10": 0.9421052631578948}