{"TR_hits1": 0.3384433962264151, "VL_hits1": 0.3192488262910798, "TR_hits10": 0.3714622641509434, "VL_hits10": 0.352112676056338}