{"TR_hits1": 0.5862552594670407, "VL_hits1": 0.6409537166900421, "TR_hits10": 0.547486033519553, "VL_hits10": 0.6312849162011173}