{"TR_hits1": 0.6100981767180925, "VL_hits1": 0.547486033519553, "TR_hits10": 0.667601683029453, "VL_hits10": 0.6368715083798883}