{"TR_hits1": 0.3301141352063213, "VL_hits1": 0.37664618086040386, "TR_hits10": 0.3140350877192982, "VL_hits10": 0.35789473684210527}