{"TR_hits1": 0.8161290322580645, "VL_hits1": 0.8661290322580645, "TR_hits10": 0.4967741935483871, "VL_hits10": 0.7870967741935484}