{"TR_hits1": 0.8529411764705882, "VL_hits1": 0.92756804214223, "TR_hits10": 0.7526315789473684, "VL_hits10": 0.9175438596491228}