{"TR_hits1": 0.035058430717863104, "VL_hits1": 0.013333333333333334, "TR_hits10": 0.05342237061769616, "VL_hits10": 0.02666666666666667}