{"TR_hits1": 0.9241573033707865, "VL_hits1": 0.9325842696629213, "TR_hits10": 0.6741573033707865, "VL_hits10": 0.9157303370786517}