{"TR_hits1": 0.573080967402734, "VL_hits1": 0.5546218487394958, "TR_hits10": 0.6309148264984227, "VL_hits10": 0.6512605042016807}