{"TR_hits1": 0.30979978925184404, "VL_hits1": 0.25630252100840334, "TR_hits10": 0.3424657534246575, "VL_hits10": 0.31092436974789917}