{"TR_hits1": 0.6228991596638656, "VL_hits1": 0.592436974789916, "TR_hits10": 0.6407563025210085, "VL_hits10": 0.6260504201680672}