{"TR_hits1": 0.027777777777777776, "VL_hits1": 0.09104938271604938, "TR_hits10": 0.018518518518518517, "VL_hits10": 0.19135802469135801}