{"TR_hits1": 0.81421647819063, "VL_hits1": 0.851373182552504, "TR_hits10": 0.5096774193548387, "VL_hits10": 0.7548387096774194}