{"TR_hits1": 0.25235849056603776, "VL_hits1": 0.23943661971830985, "TR_hits10": 0.27004716981132076, "VL_hits10": 0.27699530516431925}