{"TR_hits1": 0.6149789029535865, "VL_hits1": 0.6218487394957983, "TR_hits10": 0.6371308016877637, "VL_hits10": 0.6512605042016807}