{"TR_hits1": 0.44073455759599334, "VL_hits1": 0.44574290484140233, "TR_hits10": 0.3466666666666667, "VL_hits10": 0.36666666666666664}