{"TR_hits1": 0.6833541927409261, "VL_hits1": 0.45, "TR_hits10": 0.7984981226533167, "VL_hits10": 0.75}