{"TR_hits1": 0.9313725490196079, "VL_hits1": 0.9425770308123249, "TR_hits10": 0.6815642458100558, "VL_hits10": 0.8715083798882681}