{"TR_hits1": 0.8577449947312961, "VL_hits1": 0.634453781512605, "TR_hits10": 0.8904109589041096, "VL_hits10": 0.8781512605042017}