{"TR_hits1": 0.9350307287093942, "VL_hits1": 0.9591747146619842, "TR_hits10": 0.8491228070175438, "VL_hits10": 0.9543859649122807}