{"TR_hits1": 0.0, "VL_hits1": 0.0061823802163833074, "TR_hits10": 0.0, "VL_hits10": 0.012345679012345678}