{"TR_hits1": 0.9472144194756554, "TS_hits1": 0.9593867041198502, "TR_hits10": 0.8154422306094385, "TS_hits10": 0.9542116504286257}