{"TR_hits1": 0.813953488372093, "VL_hits1": 0.8231680561649847, "TR_hits10": 0.7491228070175439, "VL_hits10": 0.7929824561403509}