{"TR_hits1": 0.8938938938938938, "TS_hits1": 0.3275673707210488, "TR_hits10": 0.95995995995996, "TS_hits10": 0.6258193736343772}