{"TR_hits1": 0.2302839116719243, "VL_hits1": 0.25630252100840334, "TR_hits10": 0.2870662460567823, "VL_hits10": 0.35294117647058826}