{"TR_hits1": 0.4815627743634767, "VL_hits1": 0.5171202809482002, "TR_hits10": 0.3736842105263158, "VL_hits10": 0.43333333333333335}