{"TR_hits1": 0.9626865671641791, "VL_hits1": 0.9670763827919228, "TR_hits10": 0.8333333333333334, "VL_hits10": 0.956140350877193}