{"TR_hits1": 0.9025210084033614, "TS_hits1": 0.4514403606632536, "TR_hits10": 0.9638655462184874, "TS_hits10": 0.7520440131428134}