{"TR_hits1": 0.31789737171464333, "VL_hits1": 0.35, "TR_hits10": 0.3454317897371715, "VL_hits10": 0.375}