{"TR_hits1": 0.9213483146067416, "VL_hits1": 0.9269662921348315, "TR_hits10": 0.651685393258427, "VL_hits10": 0.8820224719101124}