{"TR_hits1": 0.3639398998330551, "VL_hits1": 0.3989983305509182, "TR_hits10": 0.38666666666666666, "VL_hits10": 0.42}