{"TR_hits1": 0.22580645161290322, "VL_hits1": 0.2762973352033661, "TR_hits10": 0.3240223463687151, "VL_hits10": 0.3463687150837989}