{"TR_hits1": 0.5245441795231417, "VL_hits1": 0.5918653576437588, "TR_hits10": 0.4748603351955307, "VL_hits10": 0.5363128491620112}