{"TR_hits1": 0.1781818181818182, "VL_hits1": 0.14009661835748793, "TR_hits10": 0.23515151515151514, "VL_hits10": 0.2028985507246377}