{"TR_hits1": 0.8807854137447405, "VL_hits1": 0.8976157082748948, "TR_hits10": 0.6927374301675978, "VL_hits10": 0.8770949720670391}