{"TR_hits1": 0.4078794901506373, "VL_hits1": 0.4166666666666667, "TR_hits10": 0.4947856315179606, "VL_hits10": 0.5324074074074074}