{"TR_hits1": 0.38423028785982477, "VL_hits1": 0.45, "TR_hits10": 0.45056320400500627, "VL_hits10": 0.49}