{"TR_hits1": 0.5640756302521008, "VL_hits1": 0.5336134453781513, "TR_hits10": 0.6271008403361344, "VL_hits10": 0.5714285714285714}