{"TR_hits1": 0.6786654960491659, "VL_hits1": 0.7001755926251098, "TR_hits10": 0.6087719298245614, "VL_hits10": 0.6912280701754386}