{"TR_hits1": 0.8945260347129506, "TS_hits1": 0.30826063735089904, "TR_hits10": 0.9465954606141522, "TS_hits10": 0.6202599252269895}