{"TR_hits1": 0.9919893190921228, "TS_hits1": 0.9959946595460614, "TR_hits10": 0.6332561865764643, "TS_hits10": 0.8611358376357486}