{"TR_hits1": 0.8286014721345951, "VL_hits1": 0.6050420168067226, "TR_hits10": 0.8548895899053628, "VL_hits10": 0.8361344537815126}