{"TR_hits1": 0.8490566037735849, "VL_hits1": 0.8789308176100629, "TR_hits10": 0.5283018867924528, "VL_hits10": 0.7861635220125787}