{"TR_hits1": 0.7426470588235294, "VL_hits1": 0.5504201680672269, "TR_hits10": 0.8319327731092437, "VL_hits10": 0.8067226890756303}