{"TR_hits1": 0.4292866082603254, "VL_hits1": 0.4, "TR_hits10": 0.4618272841051314, "VL_hits10": 0.465}