{"TR_hits1": 0.9198664440734557, "VL_hits1": 0.9382303839732888, "TR_hits10": 0.6466666666666666, "VL_hits10": 0.9133333333333333}