{"TR_hits1": 0.49209694415173866, "VL_hits1": 0.46638655462184875, "TR_hits10": 0.5247629083245522, "VL_hits10": 0.5084033613445378}