{"TR_hits1": 0.36348949919224555, "VL_hits1": 0.4, "TR_hits10": 0.481421647819063, "VL_hits10": 0.4838709677419355}