{"TR_hits1": 0.8221288515406162, "VL_hits1": 0.8235294117647058, "TR_hits10": 0.7374301675977654, "VL_hits10": 0.776536312849162}