{"TR_hits1": 0.4707846410684474, "VL_hits1": 0.5225375626043406, "TR_hits10": 0.44, "VL_hits10": 0.49333333333333335}