{"TR_hits1": 0.3739565943238731, "VL_hits1": 0.41333333333333333, "TR_hits10": 0.46410684474123537, "VL_hits10": 0.47333333333333333}