{"TR_hits1": 0.7946577629382304, "VL_hits1": 0.8213689482470785, "TR_hits10": 0.54, "VL_hits10": 0.8}