{"TR_hits1": 0.7783018867924528, "VL_hits1": 0.8207547169811321, "TR_hits10": 0.4375, "VL_hits10": 0.725}