{"TR_hits1": 0.9073748902546093, "VL_hits1": 0.9398595258999122, "TR_hits10": 0.775438596491228, "VL_hits10": 0.9315789473684211}