{"TR_hits1": 0.391304347826087, "VL_hits1": 0.40392706872370265, "TR_hits10": 0.3407821229050279, "VL_hits10": 0.3463687150837989}