{"TR_hits1": 0.911364633611233, "VL_hits1": 0.958753839403247, "TR_hits10": 0.8175438596491228, "VL_hits10": 0.9614035087719298}