{"TR_hits1": 0.2468354430379747, "VL_hits1": 0.27310924369747897, "TR_hits10": 0.31329113924050633, "VL_hits10": 0.33613445378151263}