{"TR_hits1": 0.5620886353663888, "VL_hits1": 0.6252742430890742, "TR_hits10": 0.5350877192982456, "VL_hits10": 0.6052631578947368}