{"TR_hits1": 0.36716791979949875, "VL_hits1": 0.47, "TR_hits10": 0.44611528822055135, "VL_hits10": 0.51}