{"TR_hits1": 0.7429048414023373, "VL_hits1": 0.7896494156928213, "TR_hits10": 0.44, "VL_hits10": 0.7333333333333333}