{"TR_hits1": 0.5362776025236593, "VL_hits1": 0.4369747899159664, "TR_hits10": 0.5394321766561514, "VL_hits10": 0.4831932773109244}