{"TR_hits1": 0.19791666666666666, "VL_hits1": 0.2037037037037037, "TR_hits10": 0.22453703703703703, "VL_hits10": 0.23148148148148148}