{"TR_hits1": 0.5440982887231242, "VL_hits1": 0.6121105748135147, "TR_hits10": 0.4982456140350877, "VL_hits10": 0.5456140350877193}