{"TR_hits1": 0.44908180300500833, "VL_hits1": 0.4524207011686144, "TR_hits10": 0.4266666666666667, "VL_hits10": 0.44}