{"TR_hits1": 0.8683870967741936, "TS_hits1": 0.31350094713277077, "TR_hits10": 0.944516129032258, "TS_hits10": 0.5900637162045806}