{"TR_hits1": 0.9729032258064516, "TS_hits1": 0.9987096774193548, "TR_hits10": 0.6008265885999655, "TS_hits10": 0.8303771310487343}