{"TR_hits1": 0.9159663865546218, "VL_hits1": 0.927170868347339, "TR_hits10": 0.6983240223463687, "VL_hits10": 0.9385474860335196}