{"TR_hits1": 0.5882352941176471, "VL_hits1": 0.6638655462184874, "TR_hits10": 0.6089385474860335, "VL_hits10": 0.6536312849162011}