{"TR_hits1": 0.4307178631051753, "VL_hits1": 0.4340567612687813, "TR_hits10": 0.24666666666666667, "VL_hits10": 0.26666666666666666}