{"TR_hits1": 0.48261327713382507, "VL_hits1": 0.5084033613445378, "TR_hits10": 0.5205479452054794, "VL_hits10": 0.5672268907563025}