{"TR_hits1": 0.7037037037037037, "VL_hits1": 0.7561728395061729, "TR_hits10": 0.4567901234567901, "VL_hits10": 0.7283950617283951}