{"TR_hits1": 0.7959814528593508, "VL_hits1": 0.8346213292117465, "TR_hits10": 0.5493827160493827, "VL_hits10": 0.8271604938271605}