{"TR_hits1": 0.879359095193214, "TS_hits1": 0.5082669408035638, "TR_hits10": 0.9613572101790764, "TS_hits10": 0.8069048230960336}