{"TR_hits1": 0.8165862220272049, "VL_hits1": 0.8200965335673541, "TR_hits10": 0.7350877192982456, "VL_hits10": 0.7719298245614035}