{"TR_hits1": 0.2904841402337229, "VL_hits1": 0.2904841402337229, "TR_hits10": 0.24, "VL_hits10": 0.25333333333333335}