{"TR_hits1": 0.45111896348645464, "VL_hits1": 0.4694835680751174, "TR_hits10": 0.5477031802120141, "VL_hits10": 0.5446009389671361}