{"TR_hits1": 0.547752808988764, "VL_hits1": 0.5617977528089888, "TR_hits10": 0.6165730337078652, "VL_hits10": 0.6348314606741573}