{"TR_hits1": 0.8205353225098727, "VL_hits1": 0.8258007898200965, "TR_hits10": 0.7385964912280701, "VL_hits10": 0.7736842105263158}