{"TR_hits1": 0.6804245283018868, "VL_hits1": 0.3615023474178404, "TR_hits10": 0.7370283018867925, "VL_hits10": 0.6572769953051644}