{"TR_hits1": 0.5896358543417367, "VL_hits1": 0.6022408963585434, "TR_hits10": 0.5642458100558659, "VL_hits10": 0.5754189944134078}