{"TR_hits1": 0.9363476733977173, "VL_hits1": 0.95171202809482, "TR_hits10": 0.7894736842105263, "VL_hits10": 0.9315789473684211}