{"TR_hits1": 0.5210084033613446, "VL_hits1": 0.4411764705882353, "TR_hits10": 0.5336134453781513, "VL_hits10": 0.46218487394957986}