{"TR_hits1": 0.7996768982229402, "VL_hits1": 0.815831987075929, "TR_hits10": 0.432258064516129, "VL_hits10": 0.7290322580645161}