{"TR_hits1": 0.3722871452420701, "VL_hits1": 0.38397328881469117, "TR_hits10": 0.3333333333333333, "VL_hits10": 0.38}