{"TR_hits1": 0.029411764705882353, "VL_hits1": 0.04201680672268908, "TR_hits10": 0.07457983193277311, "VL_hits10": 0.07563025210084033}