{"TR_hits1": 0.8530884808013356, "VL_hits1": 0.8681135225375626, "TR_hits10": 0.5, "VL_hits10": 0.8333333333333334}