{"TR_hits1": 0.5472689075630253, "VL_hits1": 0.453781512605042, "TR_hits10": 0.5913865546218487, "VL_hits10": 0.48739495798319327}