{"TR_hits1": 0.8530884808013356, "VL_hits1": 0.8848080133555927, "TR_hits10": 0.54, "VL_hits10": 0.8666666666666667}