{"TR_hits1": 0.7323279924599434, "TS_hits1": 0.6021588280647648, "TR_hits10": 0.8378887841658812, "TS_hits10": 0.6934806819155316}