{"TR_hits1": 0.9512578616352201, "VL_hits1": 0.9732704402515723, "TR_hits10": 0.6375, "VL_hits10": 0.95}