{"TR_hits1": 0.6688206785137318, "VL_hits1": 0.7415185783521809, "TR_hits10": 0.49032258064516127, "VL_hits10": 0.7483870967741936}