{"TR_hits1": 0.9004207573632539, "VL_hits1": 0.908835904628331, "TR_hits10": 0.6983240223463687, "VL_hits10": 0.9217877094972067}