{"TR_hits1": 0.6327160493827161, "VL_hits1": 0.6327160493827161, "TR_hits10": 0.42592592592592593, "VL_hits10": 0.5185185185185185}