{"TR_hits1": 0.5753424657534246, "VL_hits1": 0.44537815126050423, "TR_hits10": 0.5795574288724974, "VL_hits10": 0.5042016806722689}