{"TR_hits1": 0.574438202247191, "VL_hits1": 0.6123595505617978, "TR_hits10": 0.6502808988764045, "VL_hits10": 0.702247191011236}