{"TR_hits1": 0.9243697478991597, "VL_hits1": 0.9509803921568627, "TR_hits10": 0.7486033519553073, "VL_hits10": 0.9608938547486033}