{"TR_hits1": 0.5604626708727655, "VL_hits1": 0.5630252100840336, "TR_hits10": 0.6256572029442692, "VL_hits10": 0.6176470588235294}