{"TR_hits1": 0.49537037037037035, "VL_hits1": 0.3425925925925926, "TR_hits10": 0.5057870370370371, "VL_hits10": 0.4305555555555556}