{"TR_hits1": 0.302945301542777, "VL_hits1": 0.3267882187938289, "TR_hits10": 0.18435754189944134, "VL_hits10": 0.24022346368715083}