{"TR_hits1": 0.3772954924874791, "VL_hits1": 0.38397328881469117, "TR_hits10": 0.32666666666666666, "VL_hits10": 0.3333333333333333}