{"TR_hits1": 0.4373956594323873, "VL_hits1": 0.4507512520868113, "TR_hits10": 0.3466666666666667, "VL_hits10": 0.3933333333333333}