{"TR_hits1": 0.2387312186978297, "VL_hits1": 0.24373956594323873, "TR_hits10": 0.16666666666666666, "VL_hits10": 0.22666666666666666}