{"TR_hits1": 0.6998683633172444, "VL_hits1": 0.7073277753400614, "TR_hits10": 0.624561403508772, "VL_hits10": 0.6385964912280702}