{"TR_hits1": 0.8352180936995154, "VL_hits1": 0.8416801292407108, "TR_hits10": 0.4774193548387097, "VL_hits10": 0.7806451612903226}