{"TR_hits1": 0.8239683933274803, "VL_hits1": 0.8296751536435469, "TR_hits10": 0.7298245614035088, "VL_hits10": 0.7807017543859649}