{"TR_hits1": 0.27637130801687765, "VL_hits1": 0.2647058823529412, "TR_hits10": 0.3217299578059072, "VL_hits10": 0.33613445378151263}