{"TR_hits1": 0.6044880785413744, "VL_hits1": 0.5363128491620112, "TR_hits10": 0.6493688639551192, "VL_hits10": 0.6368715083798883}