{"TR_hits1": 0.7573632538569425, "VL_hits1": 0.758765778401122, "TR_hits10": 0.5977653631284916, "VL_hits10": 0.6368715083798883}