{"TR_hits1": 0.5681362725450901, "TS_hits1": 0.23950842057350932, "TR_hits10": 0.6062124248496994, "TS_hits10": 0.4753755120619026}