{"TR_hits1": 0.6043405676126878, "VL_hits1": 0.6260434056761269, "TR_hits10": 0.5333333333333333, "VL_hits10": 0.5733333333333334}