{"TR_hits1": 0.694468832309043, "VL_hits1": 0.7133450395083406, "TR_hits10": 0.6456140350877193, "VL_hits10": 0.7035087719298245}