{"TR_hits1": 0.21804511278195488, "VL_hits1": 0.2, "TR_hits10": 0.24060150375939848, "VL_hits10": 0.26}