{"TR_hits1": 0.7064516129032258, "VL_hits1": 0.7451612903225806, "TR_hits10": 0.4645161290322581, "VL_hits10": 0.6967741935483871}