{"TR_hits1": 0.8135146994295743, "VL_hits1": 0.8244844229925405, "TR_hits10": 0.7596491228070176, "VL_hits10": 0.7947368421052632}