{"TR_hits1": 0.8634453781512605, "VL_hits1": 0.5714285714285714, "TR_hits10": 0.8855042016806722, "VL_hits10": 0.8403361344537815}