{"TR_hits1": 0.7067415730337079, "TS_hits1": 0.6244476069208299, "TR_hits10": 0.7876404494382022, "TS_hits10": 0.7029435997303572}