{"TR_hits1": 0.8416588124410933, "TS_hits1": 0.5469887775207745, "TR_hits10": 0.8803016022620169, "TS_hits10": 0.8341471772466376}