{"TR_hits1": 0.8133836003770029, "TS_hits1": 0.45429623918444273, "TR_hits10": 0.8897266729500471, "TS_hits10": 0.5748308061338131}