{"TR_hits1": 0.8347245409015025, "VL_hits1": 0.8797996661101837, "TR_hits10": 0.5533333333333333, "VL_hits10": 0.8466666666666667}