{"TR_hits1": 0.02546296296296296, "VL_hits1": 0.032407407407407406, "TR_hits10": 0.04513888888888889, "VL_hits10": 0.05555555555555555}