{"TR_hits1": 0.7621763931548925, "VL_hits1": 0.766564282580079, "TR_hits10": 0.6684210526315789, "VL_hits10": 0.6964912280701754}