{"TR_hits1": 0.7932396839332748, "VL_hits1": 0.7993854258121159, "TR_hits10": 0.7017543859649122, "VL_hits10": 0.7421052631578947}