{"TR_hits1": 0.43929912390488113, "VL_hits1": 0.43, "TR_hits10": 0.47684605757196497, "VL_hits10": 0.52}