{"TR_hits1": 0.5782227784730913, "VL_hits1": 0.5, "TR_hits10": 0.5994993742177722, "VL_hits10": 0.525}