{"TR_hits1": 0.7419354838709677, "VL_hits1": 0.7532258064516129, "TR_hits10": 0.4838709677419355, "VL_hits10": 0.6903225806451613}