{"TR_hits1": 0.12116316639741519, "VL_hits1": 0.05806451612903226, "TR_hits10": 0.1308562197092084, "VL_hits10": 0.16129032258064516}