{"TR_hits1": 0.30276437033786746, "VL_hits1": 0.34488810881965776, "TR_hits10": 0.2771929824561403, "VL_hits10": 0.3333333333333333}