{"TR_hits1": 0.6171107994389902, "VL_hits1": 0.6185133239831697, "TR_hits10": 0.553072625698324, "VL_hits10": 0.6033519553072626}