{"TR_hits1": 0.5542570951585977, "VL_hits1": 0.5843071786310517, "TR_hits10": 0.5933333333333334, "VL_hits10": 0.6533333333333333}