{"TR_hits1": 0.7796296296296297, "TS_hits1": 0.4744064657349722, "TR_hits10": 0.8064814814814815, "TS_hits10": 0.7435595218050177}