{"TR_hits1": 0.5091164095371669, "VL_hits1": 0.5610098176718092, "TR_hits10": 0.46368715083798884, "VL_hits10": 0.547486033519553}