{"TR_hits1": 0.6311360448807855, "VL_hits1": 0.5977653631284916, "TR_hits10": 0.7138849929873773, "VL_hits10": 0.6927374301675978}