{"TR_hits1": 0.44405182567726736, "VL_hits1": 0.352112676056338, "TR_hits10": 0.464075382803298, "VL_hits10": 0.4084507042253521}