{"TR_hits1": 0.6405038759689923, "TS_hits1": 0.2590472836136304, "TR_hits10": 0.6753875968992248, "TS_hits10": 0.5340318746147751}