{"TR_hits1": 0.5605900948366702, "VL_hits1": 0.5756302521008403, "TR_hits10": 0.6101159114857745, "VL_hits10": 0.6092436974789915}