{"TR_hits1": 0.0851063829787234, "VL_hits1": 0.05, "TR_hits10": 0.13016270337922403, "VL_hits10": 0.11}