{"TR_hits1": 0.5468914646996839, "VL_hits1": 0.5462184873949579, "TR_hits10": 0.565858798735511, "VL_hits10": 0.5798319327731093}