{"TR_hits1": 0.7853380158033363, "VL_hits1": 0.7928007023705005, "TR_hits10": 0.6473684210526316, "VL_hits10": 0.7175438596491228}