{"TR_hits1": 0.8113522537562604, "VL_hits1": 0.8447412353923205, "TR_hits10": 0.56, "VL_hits10": 0.8333333333333334}