{"TR_hits1": 0.9645365168539325, "TS_hits1": 0.9830290262172285, "TR_hits10": 0.8466309722344129, "TS_hits10": 0.962754907984435}