{"TR_hits1": 0.7070217917675545, "VL_hits1": 0.4251207729468599, "TR_hits10": 0.7481840193704601, "VL_hits10": 0.7294685990338164}