{"TR_hits1": 0.4645061728395062, "VL_hits1": 0.38271604938271603, "TR_hits10": 0.566358024691358, "VL_hits10": 0.5}