{"TR_hits1": 0.36077481840193704, "VL_hits1": 0.25120772946859904, "TR_hits10": 0.3910411622276029, "VL_hits10": 0.3140096618357488}