{"TR_hits1": 0.3789649415692821, "VL_hits1": 0.39398998330550916, "TR_hits10": 0.36, "VL_hits10": 0.36}