{"TR_hits1": 0.24815983175604628, "VL_hits1": 0.2857142857142857, "TR_hits10": 0.29547844374342797, "VL_hits10": 0.36554621848739494}