{"TR_hits1": 0.6586134453781513, "VL_hits1": 0.5798319327731093, "TR_hits10": 0.6764705882352942, "VL_hits10": 0.6176470588235294}