{"TR_hits1": 0.8432835820895522, "VL_hits1": 0.8476733977172959, "TR_hits10": 0.7649122807017544, "VL_hits10": 0.8035087719298246}