{"TR_hits1": 0.7884108867427568, "VL_hits1": 0.8015803336259877, "TR_hits10": 0.7315789473684211, "VL_hits10": 0.775438596491228}