{"TR_hits1": 0.7239709443099274, "VL_hits1": 0.46859903381642515, "TR_hits10": 0.7699757869249395, "VL_hits10": 0.7294685990338164}