{"TR_hits1": 0.3088480801335559, "VL_hits1": 0.330550918196995, "TR_hits10": 0.2733333333333333, "VL_hits10": 0.30666666666666664}