{"TR_hits1": 0.5283613445378151, "VL_hits1": 0.5714285714285714, "TR_hits10": 0.5756302521008403, "VL_hits10": 0.634453781512605}