{"TR_hits1": 0.7612903225806451, "VL_hits1": 0.785483870967742, "TR_hits10": 0.5032258064516129, "VL_hits10": 0.7096774193548387}