{"TR_hits1": 0.8178226514486392, "VL_hits1": 0.820017559262511, "TR_hits10": 0.7333333333333333, "VL_hits10": 0.7631578947368421}