{"TR_hits1": 0.49582947173308617, "TS_hits1": 0.44288239750820774, "TR_hits10": 0.5681186283595923, "TS_hits10": 0.5361562421079216}