{"TR_hits1": 0.7054698457223001, "VL_hits1": 0.7082748948106592, "TR_hits10": 0.5977653631284916, "VL_hits10": 0.6536312849162011}