{"TR_hits1": 0.917910447761194, "VL_hits1": 0.956540825285338, "TR_hits10": 0.7912280701754386, "VL_hits10": 0.9526315789473684}