{"TR_hits1": 0.8190630048465266, "VL_hits1": 0.8287560581583199, "TR_hits10": 0.4967741935483871, "VL_hits10": 0.7225806451612903}