{"TR_hits1": 0.6888619854721549, "VL_hits1": 0.41545893719806765, "TR_hits10": 0.715496368038741, "VL_hits10": 0.6956521739130435}