{"TR_hits1": 0.020061728395061727, "VL_hits1": 0.06481481481481481, "TR_hits10": 0.018518518518518517, "VL_hits10": 0.09876543209876543}