{"TR_hits1": 0.5231416549789621, "VL_hits1": 0.5315568022440392, "TR_hits10": 0.3687150837988827, "VL_hits10": 0.39106145251396646}