{"TR_hits1": 0.3466981132075472, "VL_hits1": 0.29107981220657275, "TR_hits10": 0.3761792452830189, "VL_hits10": 0.3427230046948357}