{"TR_hits1": 0.39065108514190316, "VL_hits1": 0.4674457429048414, "TR_hits10": 0.34, "VL_hits10": 0.4266666666666667}