{"TR_hits1": 0.7275120666959193, "VL_hits1": 0.7305835892935498, "TR_hits10": 0.6754385964912281, "VL_hits10": 0.7105263157894737}