{"TR_hits1": 0.6549789621318373, "VL_hits1": 0.6591865357643759, "TR_hits10": 0.5418994413407822, "VL_hits10": 0.5586592178770949}