{"TR_hits1": 0.9256661991584852, "VL_hits1": 0.9340813464235624, "TR_hits10": 0.664804469273743, "VL_hits10": 0.8770949720670391}