{"TR_hits1": 0.327212020033389, "VL_hits1": 0.332220367278798, "TR_hits10": 0.32666666666666666, "VL_hits10": 0.34}