{"TR_hits1": 0.5426765015806112, "VL_hits1": 0.4957983193277311, "TR_hits10": 0.5542676501580611, "VL_hits10": 0.5336134453781513}