{"TR_hits1": 0.5056022408963585, "VL_hits1": 0.5084033613445378, "TR_hits10": 0.46368715083798884, "VL_hits10": 0.46368715083798884}