{"TR_hits1": 0.14545454545454545, "VL_hits1": 0.13526570048309178, "TR_hits10": 0.1684848484848485, "VL_hits10": 0.17391304347826086}