{"TR_hits1": 0.5678233438485805, "VL_hits1": 0.5210084033613446, "TR_hits10": 0.5772870662460567, "VL_hits10": 0.5630252100840336}