{"TR_hits1": 0.8042142230026339, "VL_hits1": 0.810359964881475, "TR_hits10": 0.7105263157894737, "VL_hits10": 0.756140350877193}