{"TR_hits1": 0.7528533801580334, "VL_hits1": 0.7651448639157156, "TR_hits10": 0.7052631578947368, "VL_hits10": 0.7508771929824561}