{"TR_hits1": 0.936375603334796, "VL_hits1": 0.9710399297937692, "TR_hits10": 0.8192982456140351, "VL_hits10": 0.9614035087719298}