{"TR_hits1": 0.9229691876750701, "VL_hits1": 0.938375350140056, "TR_hits10": 0.7150837988826816, "VL_hits10": 0.9162011173184358}