{"TR_hits1": 0.44240400667779634, "VL_hits1": 0.4691151919866444, "TR_hits10": 0.48, "VL_hits10": 0.5133333333333333}