{"TR_hits1": 0.17772215269086358, "VL_hits1": 0.16, "TR_hits10": 0.19524405506883605, "VL_hits10": 0.22}