{"TR_hits1": 0.9258121158911325, "VL_hits1": 0.9477611940298507, "TR_hits10": 0.775438596491228, "VL_hits10": 0.9456140350877194}