{"TR_hits1": 0.2621035058430718, "VL_hits1": 0.27545909849749584, "TR_hits10": 0.16, "VL_hits10": 0.22}