{"TR_hits1": 0.8018867924528302, "VL_hits1": 0.8867924528301887, "TR_hits10": 0.60625, "VL_hits10": 0.86875}