{"TR_hits1": 0.8723702664796634, "VL_hits1": 0.906030855539972, "TR_hits10": 0.6536312849162011, "VL_hits10": 0.8994413407821229}