{"TR_hits1": 0.8411949685534591, "VL_hits1": 0.8820754716981132, "TR_hits10": 0.54375, "VL_hits10": 0.88125}