{"TR_hits1": 0.34223706176961605, "VL_hits1": 0.36894824707846413, "TR_hits10": 0.29333333333333333, "VL_hits10": 0.3466666666666667}