{"TR_hits1": 0.321390937829294, "VL_hits1": 0.2689075630252101, "TR_hits10": 0.3487881981032666, "VL_hits10": 0.3235294117647059}