{"TR_hits1": 0.5014005602240896, "VL_hits1": 0.5168067226890757, "TR_hits10": 0.441340782122905, "VL_hits10": 0.45251396648044695}