{"TR_hits1": 0.5145161290322581, "VL_hits1": 0.44516129032258067, "TR_hits10": 0.6274193548387097, "VL_hits10": 0.5483870967741935}