{"TR_hits1": 0.7093942054433714, "VL_hits1": 0.7449517120280948, "TR_hits10": 0.6578947368421053, "VL_hits10": 0.7087719298245614}