{"TR_hits1": 0.34927599824484423, "VL_hits1": 0.39008336989907855, "TR_hits10": 0.30350877192982456, "VL_hits10": 0.35964912280701755}