{"TR_hits1": 0.8148148148148148, "VL_hits1": 0.8348765432098766, "TR_hits10": 0.6234567901234568, "VL_hits10": 0.8333333333333334}