{"TR_hits1": 0.5543981481481481, "VL_hits1": 0.4074074074074074, "TR_hits10": 0.5868055555555556, "VL_hits10": 0.4722222222222222}