{"TR_hits1": 0.9332748024582967, "VL_hits1": 0.9442493415276558, "TR_hits10": 0.7649122807017544, "VL_hits10": 0.9456140350877194}