{"TR_hits1": 0.804416403785489, "VL_hits1": 0.592436974789916, "TR_hits10": 0.8191377497371188, "VL_hits10": 0.8361344537815126}