{"TR_hits1": 0.4373956594323873, "VL_hits1": 0.43906510851419034, "TR_hits10": 0.34, "VL_hits10": 0.35333333333333333}