{"TR_hits1": 0.8323826239578762, "VL_hits1": 0.9412022817025011, "TR_hits10": 0.7894736842105263, "VL_hits10": 0.956140350877193}