{"TR_hits1": 0.9438202247191011, "VL_hits1": 0.9620786516853933, "TR_hits10": 0.7415730337078652, "VL_hits10": 0.9438202247191011}