{"TR_hits1": 0.9158485273492286, "VL_hits1": 0.9354838709677419, "TR_hits10": 0.7374301675977654, "VL_hits10": 0.9050279329608939}