{"TR_hits1": 0.31954887218045114, "VL_hits1": 0.265, "TR_hits10": 0.3433583959899749, "VL_hits10": 0.295}