{"TR_hits1": 0.9249341527655839, "VL_hits1": 0.9429323968393327, "TR_hits10": 0.7385964912280701, "VL_hits10": 0.9070175438596492}