{"TR_hits1": 0.16203703703703703, "VL_hits1": 0.13425925925925927, "TR_hits10": 0.2337962962962963, "VL_hits10": 0.18981481481481483}