{"TR_hits1": 0.41068447412353926, "VL_hits1": 0.4240400667779633, "TR_hits10": 0.3933333333333333, "VL_hits10": 0.41333333333333333}