{"TR_hits1": 0.4664351851851852, "VL_hits1": 0.41203703703703703, "TR_hits10": 0.5428240740740741, "VL_hits10": 0.5}