{"TR_hits1": 0.24054621848739496, "VL_hits1": 0.21428571428571427, "TR_hits10": 0.27836134453781514, "VL_hits10": 0.3067226890756303}