{"TR_hits1": 0.5084745762711864, "VL_hits1": 0.4106280193236715, "TR_hits10": 0.6041162227602905, "VL_hits10": 0.48792270531400966}