{"TR_hits1": 0.3584905660377358, "VL_hits1": 0.36619718309859156, "TR_hits10": 0.3738207547169811, "VL_hits10": 0.3755868544600939}