{"TR_hits1": 0.8481123792800702, "VL_hits1": 0.8520632133450395, "TR_hits10": 0.7491228070175439, "VL_hits10": 0.8122807017543859}