{"TR_hits1": 0.9256661991584852, "VL_hits1": 0.9368863955119214, "TR_hits10": 0.7150837988826816, "VL_hits10": 0.9106145251396648}