{"TR_hits1": 0.7334035827186512, "VL_hits1": 0.6638655462184874, "TR_hits10": 0.743940990516333, "VL_hits10": 0.7058823529411765}