{"TR_hits1": 0.7237479806138933, "VL_hits1": 0.7447495961227787, "TR_hits10": 0.3548387096774194, "VL_hits10": 0.632258064516129}