{"avg_TR_hits1": 0.5707280986913394, "std_TR_hits1": 0.10637233240559897, "avg_TS_hits1": 0.4971435012340192, "std_TS_hits1": 0.03053769895378142, "avg_TR_hits10": 0.6777444361090272, "std_TR_hits10": 0.11758507435644007, "avg_TS_hits10": 0.6090822158169875, "std_TS_hits10": 0.035042952833612334}