{"TR_hits1": 0.34210526315789475, "VL_hits1": 0.44, "TR_hits10": 0.40100250626566414, "VL_hits10": 0.49}