{"TR_hits1": 0.9244951712028094, "VL_hits1": 0.9503950834064969, "TR_hits10": 0.7807017543859649, "VL_hits10": 0.9263157894736842}