{"TR_hits1": 0.9372256365232661, "VL_hits1": 0.956540825285338, "TR_hits10": 0.8245614035087719, "VL_hits10": 0.9508771929824561}