{"TR_hits1": 0.15046296296296297, "VL_hits1": 0.12037037037037036, "TR_hits10": 0.16550925925925927, "VL_hits10": 0.16203703703703703}