{"TR_hits1": 0.77270732777534, "VL_hits1": 0.7814831066257131, "TR_hits10": 0.6912280701754386, "VL_hits10": 0.7175438596491228}