{"TR_hits1": 0.009693053311793215, "VL_hits1": 0.017770597738287562, "TR_hits10": 0.0, "VL_hits10": 0.0064516129032258064}