{"TR_hits1": 0.8002633889376646, "VL_hits1": 0.8028972783143108, "TR_hits10": 0.7175438596491228, "VL_hits10": 0.7701754385964912}