{"TR_hits1": 0.8163606010016694, "VL_hits1": 0.8397328881469115, "TR_hits10": 0.5, "VL_hits10": 0.8}