{"TR_hits1": 0.8584779706275033, "TS_hits1": 0.9145527369826435, "TR_hits10": 0.5672066939647499, "TS_hits10": 0.6475876802563646}