{"TR_hits1": 0.582109479305741, "TS_hits1": 0.4872707851166103, "TR_hits10": 0.6875834445927904, "TS_hits10": 0.5853658536585366}