{"TR_hits1": 0.715670436187399, "VL_hits1": 0.7366720516962844, "TR_hits10": 0.34838709677419355, "VL_hits10": 0.6580645161290323}