{"TR_hits1": 0.2859450726978998, "VL_hits1": 0.08387096774193549, "TR_hits10": 0.3392568659127625, "VL_hits10": 0.25806451612903225}