{"TR_hits1": 0.48062953995157387, "VL_hits1": 0.3526570048309179, "TR_hits10": 0.5351089588377724, "VL_hits10": 0.43478260869565216}