{"TR_hits1": 0.5438981562774363, "VL_hits1": 0.6040386303775241, "TR_hits10": 0.5596491228070175, "VL_hits10": 0.6070175438596491}