{"TR_hits1": 0.9244951712028094, "VL_hits1": 0.9402985074626866, "TR_hits10": 0.7719298245614035, "VL_hits10": 0.9298245614035088}