{"TR_hits1": 0.9438528557599225, "TS_hits1": 0.5243043325114477, "TR_hits10": 0.9796708615682478, "TS_hits10": 0.778355054596689}