{"TR_hits1": 0.9595619208087616, "TS_hits1": 0.6487666615596752, "TR_hits10": 0.9839932603201348, "TS_hits10": 0.887084418569021}