{"TR_hits1": 0.5560224089635855, "VL_hits1": 0.5630252100840336, "TR_hits10": 0.4301675977653631, "VL_hits10": 0.44692737430167595}