{"TR_hits1": 0.6355042016806722, "VL_hits1": 0.5630252100840336, "TR_hits10": 0.6523109243697479, "VL_hits10": 0.592436974789916}