{"TR_hits1": 0.5378151260504201, "VL_hits1": 0.4957983193277311, "TR_hits10": 0.5462184873949579, "VL_hits10": 0.542016806722689}