{"TR_hits1": 0.39622641509433965, "VL_hits1": 0.3755868544600939, "TR_hits10": 0.4375, "VL_hits10": 0.40375586854460094}