{"TR_hits1": 0.6167690956979807, "VL_hits1": 0.6378402107111502, "TR_hits10": 0.6, "VL_hits10": 0.6385964912280702}