{"TR_hits1": 0.898876404494382, "VL_hits1": 0.9382022471910112, "TR_hits10": 0.7247191011235955, "VL_hits10": 0.9157303370786517}