{"TR_hits1": 0.15272727272727274, "VL_hits1": 0.12560386473429952, "TR_hits10": 0.17333333333333334, "VL_hits10": 0.178743961352657}