{"TR_hits1": 0.5680224403927069, "VL_hits1": 0.6227208976157083, "TR_hits10": 0.5195530726256983, "VL_hits10": 0.5586592178770949}