{"TR_hits1": 0.5325542570951586, "VL_hits1": 0.5425709515859767, "TR_hits10": 0.44, "VL_hits10": 0.49333333333333335}