{"TR_hits1": 0.6406743940990516, "VL_hits1": 0.6176470588235294, "TR_hits10": 0.6459430979978925, "VL_hits10": 0.6386554621848739}