{"TR_hits1": 0.576271186440678, "VL_hits1": 0.5265700483091788, "TR_hits10": 0.5956416464891041, "VL_hits10": 0.5990338164251208}