{"TR_hits1": 0.9565943238731218, "VL_hits1": 0.9616026711185309, "TR_hits10": 0.7, "VL_hits10": 0.94}