{"TR_hits1": 0.7800702370500439, "VL_hits1": 0.7866549604916594, "TR_hits10": 0.6964912280701754, "VL_hits10": 0.7421052631578947}