{"TR_hits1": 0.2744405182567727, "VL_hits1": 0.20187793427230047, "TR_hits10": 0.28857479387514723, "VL_hits10": 0.24413145539906103}