{"TR_hits1": 0.5694249649368864, "VL_hits1": 0.5750350631136045, "TR_hits10": 0.45251396648044695, "VL_hits10": 0.4860335195530726}