{"TR_hits1": 0.9213483146067416, "VL_hits1": 0.9480337078651685, "TR_hits10": 0.7865168539325843, "VL_hits10": 0.9438202247191011}