{"TR_hits1": 0.37530266343825663, "VL_hits1": 0.36231884057971014, "TR_hits10": 0.4092009685230024, "VL_hits10": 0.391304347826087}