{"TR_hits1": 0.7834793491864831, "VL_hits1": 0.55, "TR_hits10": 0.8347934918648311, "VL_hits10": 0.84}