{"TR_hits1": 0.6942496493688639, "VL_hits1": 0.697054698457223, "TR_hits10": 0.5865921787709497, "VL_hits10": 0.6536312849162011}