{"TR_hits1": 0.48246844319775595, "VL_hits1": 0.5363128491620112, "TR_hits10": 0.5806451612903226, "VL_hits10": 0.6201117318435754}