{"TR_hits1": 0.7312961011591148, "VL_hits1": 0.6428571428571429, "TR_hits10": 0.7407797681770284, "VL_hits10": 0.6680672268907563}