{"TR_hits1": 0.6663740122914837, "VL_hits1": 0.6694468832309043, "TR_hits10": 0.6, "VL_hits10": 0.6263157894736842}