{"TR_hits1": 0.7521097046413502, "VL_hits1": 0.5504201680672269, "TR_hits10": 0.8343881856540084, "VL_hits10": 0.8277310924369747}