{"TR_hits1": 0.5138888888888888, "VL_hits1": 0.5354938271604939, "TR_hits10": 0.43209876543209874, "VL_hits10": 0.5123456790123457}