{"TR_hits1": 0.8781302170283807, "VL_hits1": 0.8898163606010017, "TR_hits10": 0.6466666666666666, "VL_hits10": 0.8733333333333333}