{"TR_hits1": 0.48580968280467446, "VL_hits1": 0.5025041736227045, "TR_hits10": 0.4, "VL_hits10": 0.44666666666666666}