{"TR_hits1": 0.4724540901502504, "VL_hits1": 0.43333333333333335, "TR_hits10": 0.5509181969949917, "VL_hits10": 0.5333333333333333}