{"TR_hits1": 0.7462437395659433, "VL_hits1": 0.8196994991652755, "TR_hits10": 0.5866666666666667, "VL_hits10": 0.8466666666666667}