{"TR_hits1": 0.35084033613445376, "VL_hits1": 0.39915966386554624, "TR_hits10": 0.37289915966386555, "VL_hits10": 0.44537815126050423}