{"TR_hits1": 0.9453015427769986, "VL_hits1": 0.9467040673211781, "TR_hits10": 0.7932960893854749, "VL_hits10": 0.9273743016759777}