{"TR_hits1": 0.7521008403361344, "VL_hits1": 0.7549019607843137, "TR_hits10": 0.6480446927374302, "VL_hits10": 0.664804469273743}