{"TR_hits1": 0.8887096774193548, "VL_hits1": 0.9112903225806451, "TR_hits10": 0.5548387096774193, "VL_hits10": 0.8580645161290322}