{"TR_hits1": 0.5890603085553997, "VL_hits1": 0.5904628330995793, "TR_hits10": 0.5139664804469274, "VL_hits10": 0.5586592178770949}