{"TR_hits1": 0.23739495798319327, "VL_hits1": 0.23529411764705882, "TR_hits10": 0.2930672268907563, "VL_hits10": 0.27310924369747897}