{"TR_hits1": 0.7374890254609306, "VL_hits1": 0.7471466198419666, "TR_hits10": 0.6701754385964912, "VL_hits10": 0.7087719298245614}