{"TR_hits1": 0.6733977172958736, "VL_hits1": 0.6817383669885865, "TR_hits10": 0.5649122807017544, "VL_hits10": 0.6263157894736842}