{"TR_hits1": 0.7401229148375769, "VL_hits1": 0.747585601404741, "TR_hits10": 0.6631578947368421, "VL_hits10": 0.6929824561403509}