{"TR_hits1": 0.3038397328881469, "VL_hits1": 0.31385642737896496, "TR_hits10": 0.3, "VL_hits10": 0.31333333333333335}