{"TR_hits1": 0.4474053295932679, "VL_hits1": 0.4586255259467041, "TR_hits10": 0.4301675977653631, "VL_hits10": 0.441340782122905}