{"TR_hits1": 0.7287287287287287, "TS_hits1": 0.5811179898033503, "TR_hits10": 0.8318318318318318, "TS_hits10": 0.6777130371449381}