{"TR_hits1": 0.926251097453907, "VL_hits1": 0.9482001755926251, "TR_hits10": 0.7368421052631579, "VL_hits10": 0.9175438596491228}