{"TR_hits1": 0.9634831460674157, "VL_hits1": 0.9676966292134831, "TR_hits10": 0.7752808988764045, "VL_hits10": 0.9382022471910112}