{"TR_hits1": 0.8263772954924875, "VL_hits1": 0.8330550918196995, "TR_hits10": 0.4533333333333333, "VL_hits10": 0.7466666666666667}