{"TR_hits1": 0.03393939393939394, "VL_hits1": 0.028985507246376812, "TR_hits10": 0.044848484848484846, "VL_hits10": 0.04830917874396135}