{"TR_hits1": 0.29912390488110135, "VL_hits1": 0.315, "TR_hits10": 0.3316645807259074, "VL_hits10": 0.345}