{"TR_hits1": 0.4507512520868113, "VL_hits1": 0.4691151919866444, "TR_hits10": 0.38666666666666666, "VL_hits10": 0.5133333333333333}