{"TR_hits1": 0.2387312186978297, "VL_hits1": 0.2938230383973289, "TR_hits10": 0.17333333333333334, "VL_hits10": 0.26666666666666666}