{"TR_hits1": 0.9410112359550562, "VL_hits1": 0.9550561797752809, "TR_hits10": 0.7415730337078652, "VL_hits10": 0.9325842696629213}