{"TR_hits1": 0.6707638279192274, "VL_hits1": 0.6791044776119403, "TR_hits10": 0.6017543859649123, "VL_hits10": 0.6385964912280702}