{"TR_hits1": 0.5440982887231242, "VL_hits1": 0.6121105748135147, "TR_hits10": 0.5350877192982456, "VL_hits10": 0.6}