{"TR_hits1": 0.7426160337552743, "VL_hits1": 0.542016806722689, "TR_hits10": 0.8343881856540084, "VL_hits10": 0.8109243697478992}