{"avg_TR_hits1": 0.7123979669979261, "std_TR_hits1": 0.06521753698122564, "avg_TS_hits1": 0.6509061166651521, "std_TS_hits1": 0.03810868034297725, "avg_TR_hits10": 0.7999446994310506, "std_TR_hits10": 0.0711635808801866, "avg_TS_hits10": 0.7416072226808207, "std_TS_hits10": 0.04233203984761165}