{"avg_TR_hits1": 0.8387478407042318, "std_TR_hits1": 0.061124481854083715, "avg_TS_hits1": 0.8776901749531734, "std_TS_hits1": 0.06974545231077936, "avg_TR_hits10": 0.6856928596157166, "std_TR_hits10": 0.05338089087466783, "avg_TS_hits10": 0.7605641830096809, "std_TS_hits10": 0.05819806930420757}