{"TR_hits1": 0.9521510096575944, "VL_hits1": 0.9675153643546971, "TR_hits10": 0.8122807017543859, "VL_hits10": 0.956140350877193}