{"TR_hits1": 0.9536516853932584, "VL_hits1": 0.9648876404494382, "TR_hits10": 0.8089887640449438, "VL_hits10": 0.9719101123595506}