{"TR_hits1": 0.646180860403863, "VL_hits1": 0.6698858647936786, "TR_hits10": 0.5596491228070175, "VL_hits10": 0.6192982456140351}