{"TR_hits1": 0.8113522537562604, "VL_hits1": 0.8263772954924875, "TR_hits10": 0.4866666666666667, "VL_hits10": 0.78}