{"TR_hits1": 0.5686274509803921, "VL_hits1": 0.6386554621848739, "TR_hits10": 0.5810055865921788, "VL_hits10": 0.6145251396648045}