{"TR_hits1": 0.5617977528089888, "VL_hits1": 0.6123595505617978, "TR_hits10": 0.6348314606741573, "VL_hits10": 0.651685393258427}