{"TR_hits1": 0.2654424040066778, "VL_hits1": 0.3071786310517529, "TR_hits10": 0.19333333333333333, "VL_hits10": 0.24666666666666667}