{"TR_hits1": 0.45641646489104115, "VL_hits1": 0.2898550724637681, "TR_hits10": 0.45641646489104115, "VL_hits10": 0.34782608695652173}