{"TR_hits1": 0.5440881763527055, "TS_hits1": 0.5140646335912608, "TR_hits10": 0.6222444889779559, "TS_hits10": 0.604551661356395}