{"TR_hits1": 0.5598946906537955, "VL_hits1": 0.571741992101799, "TR_hits10": 0.5719298245614035, "VL_hits10": 0.5842105263157895}