{"TR_hits1": 0.2490613266583229, "VL_hits1": 0.1, "TR_hits10": 0.29912390488110135, "VL_hits10": 0.23}