{"TR_hits1": 0.27545909849749584, "VL_hits1": 0.332220367278798, "TR_hits10": 0.26666666666666666, "VL_hits10": 0.32666666666666666}