{"TR_hits1": 0.7247585601404741, "VL_hits1": 0.7278314310798947, "TR_hits10": 0.643859649122807, "VL_hits10": 0.7070175438596491}