{"TR_hits1": 0.9486616937253182, "VL_hits1": 0.96752961825362, "TR_hits10": 0.8315789473684211, "VL_hits10": 0.9666666666666667}