{"TR_hits1": 0.7449517120280948, "VL_hits1": 0.7581211589113257, "TR_hits10": 0.6543859649122807, "VL_hits10": 0.7210526315789474}