{"TR_hits1": 0.5513608428446005, "VL_hits1": 0.5566286215978928, "TR_hits10": 0.5263157894736842, "VL_hits10": 0.5491228070175439}