{"TR_hits1": 0.8828433523475209, "VL_hits1": 0.8841597191750767, "TR_hits10": 0.7807017543859649, "VL_hits10": 0.8403508771929824}