{"TR_hits1": 0.43278301886792453, "VL_hits1": 0.3568075117370892, "TR_hits10": 0.47759433962264153, "VL_hits10": 0.39436619718309857}