{"TR_hits1": 0.4506172839506173, "VL_hits1": 0.43209876543209874, "TR_hits10": 0.5570987654320988, "VL_hits10": 0.5370370370370371}