{"TR_hits1": 0.40476190476190477, "VL_hits1": 0.438375350140056, "TR_hits10": 0.4134078212290503, "VL_hits10": 0.44692737430167595}