{"TR_hits1": 0.8046218487394958, "VL_hits1": 0.5714285714285714, "TR_hits10": 0.8728991596638656, "VL_hits10": 0.8403361344537815}