{"TR_hits1": 0.9267059814658803, "TS_hits1": 0.6574996169756396, "TR_hits10": 0.9772535804549284, "TS_hits10": 0.8976558909146621}