{"TR_hits1": 0.456540825285338, "VL_hits1": 0.46488147497805093, "TR_hits10": 0.4807017543859649, "VL_hits10": 0.48771929824561405}