{"TR_hits1": 0.8336989907854322, "VL_hits1": 0.8411584028082493, "TR_hits10": 0.756140350877193, "VL_hits10": 0.8157894736842105}