{"TR_hits1": 0.2290909090909091, "VL_hits1": 0.1497584541062802, "TR_hits10": 0.24848484848484848, "VL_hits10": 0.22705314009661837}