{"TR_hits1": 0.41512345679012347, "VL_hits1": 0.3765432098765432, "TR_hits10": 0.5324074074074074, "VL_hits10": 0.48148148148148145}