{"TR_hits1": 0.15878787878787878, "VL_hits1": 0.1497584541062802, "TR_hits10": 0.2096969696969697, "VL_hits10": 0.20772946859903382}