{"TR_hits1": 0.940737489025461, "VL_hits1": 0.9530289727831431, "TR_hits10": 0.8, "VL_hits10": 0.9385964912280702}