{"TR_hits1": 0.35185185185185186, "VL_hits1": 0.4351851851851852, "TR_hits10": 0.4444444444444444, "VL_hits10": 0.5231481481481481}