{"TR_hits1": 0.8310662571303203, "VL_hits1": 0.8385256691531373, "TR_hits10": 0.7385964912280701, "VL_hits10": 0.7894736842105263}