{"TR_hits1": 0.8632075471698113, "VL_hits1": 0.8867924528301887, "TR_hits10": 0.55, "VL_hits10": 0.85625}