{"TR_hits1": 0.08514190317195326, "VL_hits1": 0.02, "TR_hits10": 0.11853088480801335, "VL_hits10": 0.06666666666666667}