{"TR_hits1": 0.5381913959613697, "VL_hits1": 0.5509218612818262, "TR_hits10": 0.5245614035087719, "VL_hits10": 0.5421052631578948}