{"TR_hits1": 0.8672839506172839, "VL_hits1": 0.9027777777777778, "TR_hits10": 0.5308641975308642, "VL_hits10": 0.7839506172839507}