{"TR_hits1": 0.328881469115192, "VL_hits1": 0.332220367278798, "TR_hits10": 0.3, "VL_hits10": 0.32}