{"TR_hits1": 0.5871848739495799, "VL_hits1": 0.5210084033613446, "TR_hits10": 0.5934873949579832, "VL_hits10": 0.542016806722689}