{"TR_hits1": 0.2872727272727273, "VL_hits1": 0.1642512077294686, "TR_hits10": 0.3054545454545455, "VL_hits10": 0.21739130434782608}