{"TR_hits1": 0.36342592592592593, "VL_hits1": 0.35185185185185186, "TR_hits10": 0.4131944444444444, "VL_hits10": 0.4305555555555556}