{"TR_hits1": 0.5039508340649693, "VL_hits1": 0.5395083406496927, "TR_hits10": 0.531578947368421, "VL_hits10": 0.5789473684210527}