{"TR_hits1": 0.85062893081761, "VL_hits1": 0.9072327044025157, "TR_hits10": 0.56875, "VL_hits10": 0.825}