{"TR_hits1": 0.27199074074074076, "VL_hits1": 0.27314814814814814, "TR_hits10": 0.2974537037037037, "VL_hits10": 0.3101851851851852}