{"TR_hits1": 0.26356589147286824, "TS_hits1": 0.2048956590648939, "TR_hits10": 0.29844961240310075, "TS_hits10": 0.2800035220568812}