{"TR_hits1": 0.044848484848484846, "VL_hits1": 0.0821256038647343, "TR_hits10": 0.08848484848484849, "VL_hits10": 0.15458937198067632}