{"TR_hits1": 0.6110183639398998, "VL_hits1": 0.6110183639398998, "TR_hits10": 0.44, "VL_hits10": 0.47333333333333333}