{"TR_hits1": 0.3472222222222222, "VL_hits1": 0.24074074074074073, "TR_hits10": 0.38657407407407407, "VL_hits10": 0.32407407407407407}