{"TR_hits1": 0.14303030303030304, "VL_hits1": 0.18840579710144928, "TR_hits10": 0.2084848484848485, "VL_hits10": 0.20772946859903382}