{"TR_hits1": 0.9521510096575944, "VL_hits1": 0.9587357330992098, "TR_hits10": 0.7894736842105263, "VL_hits10": 0.9350877192982456}