{"TR_hits1": 0.3792016806722689, "VL_hits1": 0.3487394957983193, "TR_hits10": 0.41386554621848737, "VL_hits10": 0.3907563025210084}