{"TR_hits1": 0.43776371308016876, "VL_hits1": 0.39915966386554624, "TR_hits10": 0.46624472573839665, "VL_hits10": 0.453781512605042}