{"TR_hits1": 0.6672051696284329, "VL_hits1": 0.678513731825525, "TR_hits10": 0.36774193548387096, "VL_hits10": 0.567741935483871}