{"TR_hits1": 0.8074074074074075, "TS_hits1": 0.5096817646068361, "TR_hits10": 0.9009259259259259, "TS_hits10": 0.6360498400404109}