{"TR_hits1": 0.43985849056603776, "VL_hits1": 0.3380281690140845, "TR_hits10": 0.4528301886792453, "VL_hits10": 0.39436619718309857}