{"TR_hits1": 0.4012605042016807, "VL_hits1": 0.3235294117647059, "TR_hits10": 0.41911764705882354, "VL_hits10": 0.3697478991596639}