{"TR_hits1": 0.8113522537562604, "VL_hits1": 0.8247078464106845, "TR_hits10": 0.5066666666666667, "VL_hits10": 0.74}