{"TR_hits1": 0.4119496855345912, "VL_hits1": 0.45625, "TR_hits10": 0.5235849056603774, "VL_hits10": 0.5375}