{"TR_hits1": 0.8916666666666667, "TS_hits1": 0.509429196834484, "TR_hits10": 0.9675925925925926, "TS_hits10": 0.763933322108099}