{"TR_hits1": 0.4887955182072829, "VL_hits1": 0.5042016806722689, "TR_hits10": 0.45251396648044695, "VL_hits10": 0.4748603351955307}