{"TR_hits1": 0.7954345917471466, "VL_hits1": 0.7963125548726954, "TR_hits10": 0.7087719298245614, "VL_hits10": 0.7350877192982456}