{"TR_hits1": 0.7160883280757098, "VL_hits1": 0.6302521008403361, "TR_hits10": 0.722397476340694, "VL_hits10": 0.6680672268907563}