{"TR_hits1": 0.559536354056902, "VL_hits1": 0.5546218487394958, "TR_hits10": 0.5721812434141201, "VL_hits10": 0.5714285714285714}