{"TR_hits1": 0.8218218218218218, "TS_hits1": 0.5768390386016023, "TR_hits10": 0.8978978978978979, "TS_hits10": 0.6689730517115805}