{"TR_hits1": 0.0220125786163522, "VL_hits1": 0.031446540880503145, "TR_hits10": 0.00625, "VL_hits10": 0.0125}