{"TR_hits1": 0.9354697102721685, "VL_hits1": 0.9591747146619842, "TR_hits10": 0.8508771929824561, "VL_hits10": 0.9508771929824561}