{"TR_hits1": 0.8809293320425944, "TS_hits1": 0.3338323353293413, "TR_hits10": 0.9486931268151017, "TS_hits10": 0.5989785135611131}