{"TR_hits1": 0.37006145741878843, "VL_hits1": 0.45961369622475856, "TR_hits10": 0.37894736842105264, "VL_hits10": 0.4614035087719298}