{"TR_hits1": 0.39418416801292405, "VL_hits1": 0.4129032258064516, "TR_hits10": 0.4620355411954766, "VL_hits10": 0.5032258064516129}