{"TR_hits1": 0.45949074074074076, "VL_hits1": 0.33796296296296297, "TR_hits10": 0.4756944444444444, "VL_hits10": 0.4027777777777778}