{"avg_TR_hits1": 0.8681206256356558, "std_TR_hits1": 0.09304175548523981, "avg_TS_hits1": 0.5302267788746776, "std_TS_hits1": 0.05695166614960674, "avg_TR_hits10": 0.9175178852867564, "std_TR_hits10": 0.09090347656440932, "avg_TS_hits10": 0.8002015483162886, "std_TS_hits10": 0.04056255311128171}