{"TR_hits1": 0.8863955119214586, "VL_hits1": 0.9172510518934082, "TR_hits10": 0.6703910614525139, "VL_hits10": 0.8938547486033519}