{"TR_hits1": 0.7720125786163522, "VL_hits1": 0.8349056603773585, "TR_hits10": 0.5408805031446541, "VL_hits10": 0.7610062893081762}