{"TR_hits1": 0.3870967741935484, "VL_hits1": 0.39691444600280507, "TR_hits10": 0.27932960893854747, "VL_hits10": 0.33519553072625696}