{"TR_hits1": 0.9635854341736695, "VL_hits1": 0.9719887955182073, "TR_hits10": 0.7821229050279329, "VL_hits10": 0.9497206703910615}