{"TR_hits1": 0.8545837723919916, "VL_hits1": 0.6176470588235294, "TR_hits10": 0.8893572181243414, "VL_hits10": 0.8697478991596639}