{"TR_hits1": 0.5220125786163522, "TS_hits1": 0.19767149677527432, "TR_hits10": 0.5635220125786163, "TS_hits10": 0.5220705251696122}