{"TR_hits1": 0.9182389937106918, "TS_hits1": 0.9245283018867925, "TR_hits10": 0.6348940447273641, "TS_hits10": 0.8782142558003183}