{"TR_hits1": 0.9606741573033708, "VL_hits1": 0.9606741573033708, "TR_hits10": 0.6871508379888268, "VL_hits10": 0.8994413407821229}