{"TR_hits1": 0.7576821773485514, "VL_hits1": 0.7625109745390694, "TR_hits10": 0.7105263157894737, "VL_hits10": 0.7298245614035088}