{"TR_hits1": 0.746268656716418, "VL_hits1": 0.7752414398595259, "TR_hits10": 0.643859649122807, "VL_hits10": 0.7263157894736842}