{"TR_hits1": 0.3870967741935484, "VL_hits1": 0.394109396914446, "TR_hits10": 0.3687150837988827, "VL_hits10": 0.37988826815642457}