{"TR_hits1": 0.6338893766461808, "VL_hits1": 0.6514486391571555, "TR_hits10": 0.5508771929824562, "VL_hits10": 0.6052631578947368}