{"TR_hits1": 0.6691358024691358, "TS_hits1": 0.5490615739216332, "TR_hits10": 0.7913580246913581, "TS_hits10": 0.670316101415871}