{"TR_hits1": 0.3632538569424965, "VL_hits1": 0.3870967741935484, "TR_hits10": 0.26256983240223464, "VL_hits10": 0.30726256983240224}