{"TR_hits1": 0.9425770308123249, "VL_hits1": 0.9509803921568627, "TR_hits10": 0.664804469273743, "VL_hits10": 0.8435754189944135}