{"TR_hits1": 0.02882205513784461, "VL_hits1": 0.03, "TR_hits10": 0.07017543859649122, "VL_hits10": 0.08}