{"TR_hits1": 0.527122641509434, "VL_hits1": 0.3427230046948357, "TR_hits10": 0.6485849056603774, "VL_hits10": 0.6431924882629108}