{"TR_hits1": 0.93505923650724, "VL_hits1": 0.9521720052654673, "TR_hits10": 0.8105263157894737, "VL_hits10": 0.9543859649122807}