{"TR_hits1": 0.41374474053295934, "VL_hits1": 0.4319775596072931, "TR_hits10": 0.39106145251396646, "VL_hits10": 0.40782122905027934}