{"TR_hits1": 0.5808823529411765, "VL_hits1": 0.6722689075630253, "TR_hits10": 0.6533613445378151, "VL_hits10": 0.7310924369747899}