{"TR_hits1": 0.6134453781512605, "VL_hits1": 0.6246498599439776, "TR_hits10": 0.5698324022346368, "VL_hits10": 0.6145251396648045}