{"TR_hits1": 0.6703406813627254, "TS_hits1": 0.4063723258989531, "TR_hits10": 0.7344689378757515, "TS_hits10": 0.7115157032316796}