{"TR_hits1": 0.6580333625987709, "VL_hits1": 0.6597892888498683, "TR_hits10": 0.6087719298245614, "VL_hits10": 0.6403508771929824}