{"TR_hits1": 0.36746143057503505, "VL_hits1": 0.39831697054698456, "TR_hits10": 0.31843575418994413, "VL_hits10": 0.3687150837988827}