{"TR_hits1": 0.7265144863915716, "VL_hits1": 0.7313432835820896, "TR_hits10": 0.631578947368421, "VL_hits10": 0.6684210526315789}