{"TR_hits1": 0.9183494293239683, "VL_hits1": 0.9394205443371378, "TR_hits10": 0.7736842105263158, "VL_hits10": 0.9368421052631579}