{"TR_hits1": 0.43478260869565216, "VL_hits1": 0.44600280504908835, "TR_hits10": 0.43575418994413406, "VL_hits10": 0.4581005586592179}