{"TR_hits1": 0.20363636363636364, "VL_hits1": 0.1932367149758454, "TR_hits10": 0.22545454545454546, "VL_hits10": 0.2318840579710145}