{"TR_hits1": 0.48634453781512604, "VL_hits1": 0.5, "TR_hits10": 0.5126050420168067, "VL_hits10": 0.5210084033613446}