{"TR_hits1": 0.9129129129129129, "TS_hits1": 0.493809176984705, "TR_hits10": 0.965965965965966, "TS_hits10": 0.7683903860160233}