{"TR_hits1": 0.6344888108819657, "VL_hits1": 0.6888986397542782, "TR_hits10": 0.6105263157894737, "VL_hits10": 0.6754385964912281}