{"TR_hits1": 0.35377358490566035, "VL_hits1": 0.2300469483568075, "TR_hits10": 0.36674528301886794, "VL_hits10": 0.27699530516431925}