{"TR_hits1": 0.3171759747102213, "VL_hits1": 0.226890756302521, "TR_hits10": 0.339304531085353, "VL_hits10": 0.3025210084033613}