{"TR_hits1": 0.7651448639157156, "VL_hits1": 0.7739244951712028, "TR_hits10": 0.7052631578947368, "VL_hits10": 0.756140350877193}