{"TR_hits1": 0.93505923650724, "VL_hits1": 0.961386573058359, "TR_hits10": 0.8333333333333334, "VL_hits10": 0.9614035087719298}