{"TR_hits1": 0.9283707865168539, "VL_hits1": 0.9424157303370787, "TR_hits10": 0.7528089887640449, "VL_hits10": 0.9157303370786517}