{"TR_hits1": 0.8485273492286115, "VL_hits1": 0.8976157082748948, "TR_hits10": 0.6424581005586593, "VL_hits10": 0.888268156424581}