{"TR_hits1": 0.22916666666666666, "VL_hits1": 0.1388888888888889, "TR_hits10": 0.28125, "VL_hits10": 0.20833333333333334}