{"TR_hits1": 0.9350307287093942, "VL_hits1": 0.946883230904302, "TR_hits10": 0.7649122807017544, "VL_hits10": 0.9438596491228071}