{"TR_hits1": 0.33192834562697576, "VL_hits1": 0.27310924369747897, "TR_hits10": 0.3635405690200211, "VL_hits10": 0.3319327731092437}