{"TR_hits1": 0.8768768768768769, "TS_hits1": 0.5144756008739986, "TR_hits10": 0.955955955955956, "TS_hits10": 0.7877822286962856}