{"TR_hits1": 0.8314014752370916, "VL_hits1": 0.5210084033613446, "TR_hits10": 0.8798735511064278, "VL_hits10": 0.8571428571428571}