{"TR_hits1": 0.357311320754717, "VL_hits1": 0.3427230046948357, "TR_hits10": 0.3915094339622642, "VL_hits10": 0.38028169014084506}