{"TR_hits1": 0.9416154521510096, "VL_hits1": 0.9525899912203687, "TR_hits10": 0.7771929824561403, "VL_hits10": 0.9245614035087719}