{"TR_hits1": 0.8081761006289309, "VL_hits1": 0.8569182389937107, "TR_hits10": 0.48125, "VL_hits10": 0.70625}