{"TR_hits1": 0.6302521008403361, "VL_hits1": 0.6876750700280112, "TR_hits10": 0.6033519553072626, "VL_hits10": 0.6424581005586593}