{"TR_hits1": 0.7857769973661106, "VL_hits1": 0.8028972783143108, "TR_hits10": 0.7140350877192982, "VL_hits10": 0.7736842105263158}