{"TR_hits1": 0.5108514190317195, "VL_hits1": 0.5208681135225376, "TR_hits10": 0.4533333333333333, "VL_hits10": 0.47333333333333333}