{"TR_hits1": 0.7896213183730715, "VL_hits1": 0.8723702664796634, "TR_hits10": 0.6983240223463687, "VL_hits10": 0.8770949720670391}