{"TR_hits1": 0.46875, "VL_hits1": 0.44907407407407407, "TR_hits10": 0.5949074074074074, "VL_hits10": 0.5648148148148148}