{"TR_hits1": 0.49736564805057953, "VL_hits1": 0.5084033613445378, "TR_hits10": 0.5131717597471022, "VL_hits10": 0.5252100840336135}