{"TR_hits1": 0.690251572327044, "VL_hits1": 0.8459119496855346, "TR_hits10": 0.5875, "VL_hits10": 0.79375}