{"TR_hits1": 0.5109745390693591, "VL_hits1": 0.5302897278314311, "TR_hits10": 0.49473684210526314, "VL_hits10": 0.5280701754385965}