{"TR_hits1": 0.4307178631051753, "VL_hits1": 0.46243739565943237, "TR_hits10": 0.31333333333333335, "VL_hits10": 0.36666666666666664}