{"TR_hits1": 0.41235392320534225, "VL_hits1": 0.4266666666666667, "TR_hits10": 0.4974958263772955, "VL_hits10": 0.5}