{"TR_hits1": 0.40225563909774437, "VL_hits1": 0.275, "TR_hits10": 0.42606516290726815, "VL_hits10": 0.345}