{"TR_hits1": 0.07008760951188986, "VL_hits1": 0.03, "TR_hits10": 0.0851063829787234, "VL_hits10": 0.085}