{"TR_hits1": 0.8350153576129882, "VL_hits1": 0.8394032470381746, "TR_hits10": 0.7280701754385965, "VL_hits10": 0.7719298245614035}