{"TR_hits1": 0.9276729559748428, "VL_hits1": 0.9371069182389937, "TR_hits10": 0.6, "VL_hits10": 0.9}