{"TR_hits1": 0.7370500438981563, "VL_hits1": 0.7423178226514486, "TR_hits10": 0.631578947368421, "VL_hits10": 0.6789473684210526}