{"TR_hits1": 0.5742887249736565, "VL_hits1": 0.4369747899159664, "TR_hits10": 0.5827186512118019, "VL_hits10": 0.4789915966386555}