{"TR_hits1": 0.9517332163229487, "VL_hits1": 0.9657744624835454, "TR_hits10": 0.8350877192982457, "VL_hits10": 0.9666666666666667}