{"TR_hits1": 0.9397759103641457, "VL_hits1": 0.9593837535014006, "TR_hits10": 0.6536312849162011, "VL_hits10": 0.8770949720670391}