{"TR_hits1": 0.8128128128128128, "TS_hits1": 0.4668608885651857, "TR_hits10": 0.9329329329329329, "TS_hits10": 0.7644756008739986}