{"TR_hits1": 0.9313725490196079, "VL_hits1": 0.9411764705882353, "TR_hits10": 0.6536312849162011, "VL_hits10": 0.8659217877094972}