{"TR_hits1": 0.5189075630252101, "VL_hits1": 0.4789915966386555, "TR_hits10": 0.5220588235294118, "VL_hits10": 0.5168067226890757}