{"TR_hits1": 0.4741235392320534, "VL_hits1": 0.4791318864774624, "TR_hits10": 0.36, "VL_hits10": 0.3933333333333333}