{"TR_hits1": 0.337228714524207, "VL_hits1": 0.37061769616026713, "TR_hits10": 0.23333333333333334, "VL_hits10": 0.26}