{"TR_hits1": 0.5392320534223706, "VL_hits1": 0.5592654424040067, "TR_hits10": 0.5066666666666667, "VL_hits10": 0.56}