{"TR_hits1": 0.6720807726075505, "VL_hits1": 0.6821773485513608, "TR_hits10": 0.6105263157894737, "VL_hits10": 0.6473684210526316}