{"TR_hits1": 0.7682177348551361, "VL_hits1": 0.7783143107989464, "TR_hits10": 0.7035087719298245, "VL_hits10": 0.7736842105263158}