{"TR_hits1": 0.8459119496855346, "VL_hits1": 0.8569182389937107, "TR_hits10": 0.50625, "VL_hits10": 0.8375}