{"TR_hits1": 0.502944640753828, "VL_hits1": 0.3474178403755869, "TR_hits10": 0.5111896348645465, "VL_hits10": 0.4225352112676056}