{"TR_hits1": 0.18985849056603774, "VL_hits1": 0.15023474178403756, "TR_hits10": 0.23938679245283018, "VL_hits10": 0.20657276995305165}