{"TR_hits1": 0.9747899159663865, "VL_hits1": 0.9789915966386554, "TR_hits10": 0.7150837988826816, "VL_hits10": 0.8770949720670391}