{"TR_hits1": 0.5283613445378151, "VL_hits1": 0.5084033613445378, "TR_hits10": 0.5808823529411765, "VL_hits10": 0.5630252100840336}