{"TR_hits1": 0.6100981767180925, "VL_hits1": 0.6129032258064516, "TR_hits10": 0.4692737430167598, "VL_hits10": 0.5195530726256983}