{"TR_hits1": 0.14285714285714285, "VL_hits1": 0.05027932960893855, "TR_hits10": 0.16526610644257703, "VL_hits10": 0.1340782122905028}