{"TR_hits1": 0.9089635854341737, "VL_hits1": 0.9327731092436975, "TR_hits10": 0.664804469273743, "VL_hits10": 0.9329608938547486}