{"TR_hits1": 0.9482229047827995, "VL_hits1": 0.9640193067134708, "TR_hits10": 0.8, "VL_hits10": 0.9403508771929825}