{"TR_hits1": 0.3075060532687651, "VL_hits1": 0.24154589371980675, "TR_hits10": 0.33777239709443097, "VL_hits10": 0.30917874396135264}