{"TR_hits1": 0.7787532923617209, "VL_hits1": 0.7840210711150132, "TR_hits10": 0.7456140350877193, "VL_hits10": 0.7894736842105263}