{"TR_hits1": 0.792361720807726, "VL_hits1": 0.7963125548726954, "TR_hits10": 0.7017543859649122, "VL_hits10": 0.7578947368421053}