{"TR_hits1": 0.7705977382875606, "VL_hits1": 0.7754442649434572, "TR_hits10": 0.43870967741935485, "VL_hits10": 0.7354838709677419}