{"TR_hits1": 0.21212121212121213, "VL_hits1": 0.18357487922705315, "TR_hits10": 0.2387878787878788, "VL_hits10": 0.2560386473429952}