{"TR_hits1": 0.3187878787878788, "VL_hits1": 0.3188405797101449, "TR_hits10": 0.3478787878787879, "VL_hits10": 0.36231884057971014}