{"TR_hits1": 0.5438981562774363, "VL_hits1": 0.5658472344161545, "TR_hits10": 0.5543859649122806, "VL_hits10": 0.5754385964912281}