{"TR_hits1": 0.726457399103139, "TS_hits1": 0.6840493089279044, "TR_hits10": 0.8374439461883408, "TS_hits10": 0.786253268584236}