{"TR_hits1": 0.8419282511210763, "TS_hits1": 0.9136771300448431, "TR_hits10": 0.734852446768771, "TS_hits10": 0.8206200971236459}