{"TR_hits1": 0.2640801001251564, "VL_hits1": 0.24, "TR_hits10": 0.28911138923654567, "VL_hits10": 0.275}