{"TR_hits1": 0.7006145741878841, "VL_hits1": 0.7129060579455663, "TR_hits10": 0.5964912280701754, "VL_hits10": 0.6280701754385964}