{"TR_hits1": 0.3953732912723449, "VL_hits1": 0.36134453781512604, "TR_hits10": 0.4332281808622503, "VL_hits10": 0.4369747899159664}