{"TR_hits1": 0.327212020033389, "VL_hits1": 0.34724540901502504, "TR_hits10": 0.31333333333333335, "VL_hits10": 0.35333333333333333}