{"TR_hits1": 0.011574074074074073, "VL_hits1": 0.004629629629629629, "TR_hits10": 0.023148148148148147, "VL_hits10": 0.009259259259259259}