{"TR_hits1": 0.5640756302521008, "VL_hits1": 0.4957983193277311, "TR_hits10": 0.5777310924369747, "VL_hits10": 0.5504201680672269}