{"TR_hits1": 0.5452151009657594, "VL_hits1": 0.5588235294117647, "TR_hits10": 0.5596491228070175, "VL_hits10": 0.5824561403508772}