{"TR_hits1": 0.39976415094339623, "VL_hits1": 0.39436619718309857, "TR_hits10": 0.4268867924528302, "VL_hits10": 0.41784037558685444}