{"TR_hits1": 0.541374474053296, "VL_hits1": 0.6086956521739131, "TR_hits10": 0.4860335195530726, "VL_hits10": 0.5418994413407822}