{"TR_hits1": 0.27898209236569277, "TS_hits1": 0.21476912533196266, "TR_hits10": 0.3072573044297832, "TS_hits10": 0.2884434164310803}