{"TR_hits1": 0.8480801335559266, "VL_hits1": 0.8530884808013356, "TR_hits10": 0.5466666666666666, "VL_hits10": 0.8066666666666666}