{"TR_hits1": 0.8147497805092186, "VL_hits1": 0.8182616330114135, "TR_hits10": 0.7228070175438597, "VL_hits10": 0.7789473684210526}