{"TR_hits1": 0.2962962962962963, "VL_hits1": 0.08024691358024691, "TR_hits10": 0.32407407407407407, "VL_hits10": 0.18518518518518517}