{"TR_hits1": 0.7083333333333334, "VL_hits1": 0.720679012345679, "TR_hits10": 0.48148148148148145, "VL_hits10": 0.7098765432098766}