{"TR_hits1": 0.39565943238731216, "VL_hits1": 0.44073455759599334, "TR_hits10": 0.32, "VL_hits10": 0.37333333333333335}