{"TR_hits1": 0.018437225636523266, "VL_hits1": 0.06628621597892889, "TR_hits10": 0.0, "VL_hits10": 0.0035087719298245615}