{"TR_hits1": 0.2753441802252816, "VL_hits1": 0.205, "TR_hits10": 0.29161451814768463, "VL_hits10": 0.26}