{"TR_hits1": 0.8301141352063214, "VL_hits1": 0.8353819139596137, "TR_hits10": 0.6947368421052632, "VL_hits10": 0.7719298245614035}