{"TR_hits1": 0.27712264150943394, "VL_hits1": 0.2535211267605634, "TR_hits10": 0.31485849056603776, "VL_hits10": 0.3333333333333333}