{"TR_hits1": 0.7418788410886743, "VL_hits1": 0.7458296751536435, "TR_hits10": 0.6684210526315789, "VL_hits10": 0.7052631578947368}