{"TR_hits1": 0.8820224719101124, "VL_hits1": 0.9241573033707865, "TR_hits10": 0.7134831460674157, "VL_hits10": 0.9044943820224719}