{"TR_hits1": 0.9452247191011236, "VL_hits1": 0.9466292134831461, "TR_hits10": 0.7134831460674157, "VL_hits10": 0.9325842696629213}