{"TR_hits1": 0.8291316526610645, "VL_hits1": 0.8305322128851541, "TR_hits10": 0.6815642458100558, "VL_hits10": 0.6983240223463687}