{"TR_hits1": 0.8814749780509219, "VL_hits1": 0.9385425812115891, "TR_hits10": 0.7736842105263158, "VL_hits10": 0.9315789473684211}