{"TR_hits1": 0.43810359964881473, "VL_hits1": 0.4482001755926251, "TR_hits10": 0.3719298245614035, "VL_hits10": 0.39473684210526316}