{"TR_hits1": 0.6946688206785138, "VL_hits1": 0.7350565428109854, "TR_hits10": 0.32903225806451614, "VL_hits10": 0.6387096774193548}