{"TR_hits1": 0.6071428571428571, "VL_hits1": 0.5378151260504201, "TR_hits10": 0.648109243697479, "VL_hits10": 0.5714285714285714}