{"TR_hits1": 0.6803364879074658, "VL_hits1": 0.6428571428571429, "TR_hits10": 0.7034700315457413, "VL_hits10": 0.6932773109243697}