{"TR_hits1": 0.5273492286115007, "VL_hits1": 0.5960729312762973, "TR_hits10": 0.4692737430167598, "VL_hits10": 0.5307262569832403}