{"TR_hits1": 0.7729549248747913, "VL_hits1": 0.8347245409015025, "TR_hits10": 0.52, "VL_hits10": 0.7533333333333333}