{"TR_hits1": 0.5714285714285714, "VL_hits1": 0.5210084033613446, "TR_hits10": 0.5840336134453782, "VL_hits10": 0.5504201680672269}