{"TR_hits1": 0.7479131886477463, "VL_hits1": 0.7679465776293823, "TR_hits10": 0.5266666666666666, "VL_hits10": 0.78}