{"TR_hits1": 0.4023372287145242, "VL_hits1": 0.4524207011686144, "TR_hits10": 0.36666666666666664, "VL_hits10": 0.47333333333333333}