{"TR_hits1": 0.46774193548387094, "VL_hits1": 0.4064516129032258, "TR_hits10": 0.5661290322580645, "VL_hits10": 0.5419354838709678}