{"TR_hits1": 0.704126426690079, "VL_hits1": 0.707638279192274, "TR_hits10": 0.5771929824561404, "VL_hits10": 0.6157894736842106}