{"TR_hits1": 0.26054852320675104, "VL_hits1": 0.25210084033613445, "TR_hits10": 0.28164556962025317, "VL_hits10": 0.2815126050420168}