{"TR_hits1": 0.5153301886792453, "VL_hits1": 0.4272300469483568, "TR_hits10": 0.5377358490566038, "VL_hits10": 0.4788732394366197}