{"TR_hits1": 0.9196663740122915, "VL_hits1": 0.9477611940298507, "TR_hits10": 0.7964912280701755, "VL_hits10": 0.9368421052631579}