{"TR_hits1": 0.9482001755926251, "VL_hits1": 0.9644424934152765, "TR_hits10": 0.8105263157894737, "VL_hits10": 0.9456140350877194}