{"TR_hits1": 0.8025449758666081, "VL_hits1": 0.8086880210618692, "TR_hits10": 0.7333333333333333, "VL_hits10": 0.7631578947368421}