{"TR_hits1": 0.03272727272727273, "VL_hits1": 0.00966183574879227, "TR_hits10": 0.03272727272727273, "VL_hits10": 0.00966183574879227}