{"TR_hits1": 0.7225636523266022, "VL_hits1": 0.7278314310798947, "TR_hits10": 0.5859649122807018, "VL_hits10": 0.6298245614035087}