{"TR_hits1": 0.9046283309957924, "VL_hits1": 0.9172510518934082, "TR_hits10": 0.7318435754189944, "VL_hits10": 0.9050279329608939}