{"TR_hits1": 0.23739495798319327, "VL_hits1": 0.2815126050420168, "TR_hits10": 0.3067226890756303, "VL_hits10": 0.33613445378151263}