{"TR_hits1": 0.3714622641509434, "VL_hits1": 0.3615023474178404, "TR_hits10": 0.392688679245283, "VL_hits10": 0.4084507042253521}