{"TR_hits1": 0.5091164095371669, "VL_hits1": 0.5105189340813464, "TR_hits10": 0.5027932960893855, "VL_hits10": 0.5139664804469274}