{"TR_hits1": 0.05337078651685393, "VL_hits1": 0.055865921787709494, "TR_hits10": 0.09129213483146068, "VL_hits10": 0.10614525139664804}