{"TR_hits1": 0.9424157303370787, "VL_hits1": 0.9550561797752809, "TR_hits10": 0.6815642458100558, "VL_hits10": 0.9106145251396648}