{"TR_hits1": 0.20150187734668334, "VL_hits1": 0.17, "TR_hits10": 0.22152690863579474, "VL_hits10": 0.195}