{"TR_hits1": 0.3005008347245409, "VL_hits1": 0.3021702838063439, "TR_hits10": 0.2866666666666667, "VL_hits10": 0.32}