{"TR_hits1": 0.4073455759599332, "VL_hits1": 0.4373956594323873, "TR_hits10": 0.3, "VL_hits10": 0.3466666666666667}