{"TR_hits1": 0.9319578577699736, "VL_hits1": 0.9499561018437226, "TR_hits10": 0.7842105263157895, "VL_hits10": 0.9263157894736842}