{"TR_hits1": 0.5112359550561798, "VL_hits1": 0.5561797752808989, "TR_hits10": 0.6053370786516854, "VL_hits10": 0.6404494382022472}