{"TR_hits1": 0.3341677096370463, "VL_hits1": 0.345, "TR_hits10": 0.4067584480600751, "VL_hits10": 0.405}