{"TR_hits1": 0.6844741235392321, "VL_hits1": 0.7412353923205343, "TR_hits10": 0.43333333333333335, "VL_hits10": 0.7}