{"TR_hits1": 0.9411764705882353, "VL_hits1": 0.9543459174714662, "TR_hits10": 0.7982456140350878, "VL_hits10": 0.9385964912280702}