{"TR_hits1": 0.4791666666666667, "VL_hits1": 0.4722222222222222, "TR_hits10": 0.5266203703703703, "VL_hits10": 0.5277777777777778}