{"TR_hits1": 0.6738366988586479, "VL_hits1": 0.6931518876207199, "TR_hits10": 0.6175438596491228, "VL_hits10": 0.6508771929824562}