{"TR_hits1": 0.5118525021949079, "VL_hits1": 0.5697980684811238, "TR_hits10": 0.5210526315789473, "VL_hits10": 0.5666666666666667}