{"TR_hits1": 0.975187265917603, "TS_hits1": 0.9928604868913857, "TR_hits10": 0.8505807659674068, "TS_hits10": 0.9632230316861231}