{"TR_hits1": 0.8011413520632134, "VL_hits1": 0.8042142230026339, "TR_hits10": 0.7210526315789474, "VL_hits10": 0.7666666666666667}