{"TR_hits1": 0.8674857393593681, "VL_hits1": 0.8705572619569987, "TR_hits10": 0.7684210526315789, "VL_hits10": 0.8017543859649123}