{"TR_hits1": 0.5411392405063291, "VL_hits1": 0.6050420168067226, "TR_hits10": 0.5780590717299579, "VL_hits10": 0.6386554621848739}