{"TR_hits1": 0.9048020219039595, "TS_hits1": 0.6878351463153056, "TR_hits10": 0.9460825610783488, "TS_hits10": 0.7742454420101118}