{"TR_hits1": 0.2950474183350896, "VL_hits1": 0.20168067226890757, "TR_hits10": 0.3108535300316122, "VL_hits10": 0.2773109243697479}