{"TR_hits1": 0.8737727910238429, "VL_hits1": 0.8962131837307152, "TR_hits10": 0.5977653631284916, "VL_hits10": 0.88268156424581}