{"TR_hits1": 0.6111696522655427, "VL_hits1": 0.5840336134453782, "TR_hits10": 0.624868282402529, "VL_hits10": 0.6260504201680672}