{"TR_hits1": 0.6971027216856892, "VL_hits1": 0.7019315188762072, "TR_hits10": 0.5982456140350877, "VL_hits10": 0.6421052631578947}