{"TR_hits1": 0.2938230383973289, "VL_hits1": 0.32554257095158595, "TR_hits10": 0.25333333333333335, "VL_hits10": 0.30666666666666664}