{"TR_hits1": 0.42138364779874216, "VL_hits1": 0.45, "TR_hits10": 0.5188679245283019, "VL_hits10": 0.53125}