{"TR_hits1": 0.7309043020193152, "VL_hits1": 0.7418788410886743, "TR_hits10": 0.6526315789473685, "VL_hits10": 0.7017543859649122}