{"TR_hits1": 0.7901668129938543, "VL_hits1": 0.7936786654960492, "TR_hits10": 0.6929824561403509, "VL_hits10": 0.724561403508772}