{"TR_hits1": 0.504828797190518, "VL_hits1": 0.5803336259877085, "TR_hits10": 0.5, "VL_hits10": 0.5701754385964912}