{"TR_hits1": 0.542016806722689, "VL_hits1": 0.5532212885154062, "TR_hits10": 0.5307262569832403, "VL_hits10": 0.5418994413407822}