{"TR_hits1": 0.332220367278798, "VL_hits1": 0.333889816360601, "TR_hits10": 0.2866666666666667, "VL_hits10": 0.29333333333333333}