{"TR_hits1": 0.880927291886196, "VL_hits1": 0.6680672268907563, "TR_hits10": 0.9262381454162276, "VL_hits10": 0.865546218487395}