{"TR_hits1": 0.5361757105943152, "TS_hits1": 0.484115368058545, "TR_hits10": 0.6602067183462532, "TS_hits10": 0.5993112354713732}