{"TR_hits1": 0.7064501974550241, "VL_hits1": 0.7275120666959193, "TR_hits10": 0.6350877192982456, "VL_hits10": 0.6842105263157895}