{"TR_hits1": 0.44495944380069524, "VL_hits1": 0.36574074074074076, "TR_hits10": 0.46929316338354576, "VL_hits10": 0.4537037037037037}