{"TR_hits1": 0.19532554257095158, "VL_hits1": 0.2353923205342237, "TR_hits10": 0.20666666666666667, "VL_hits10": 0.24666666666666667}