{"TR_hits1": 0.7688679245283019, "VL_hits1": 0.8317610062893082, "TR_hits10": 0.5125, "VL_hits10": 0.775}