{"TR_hits1": 0.9201680672268907, "TS_hits1": 0.6154198823259723, "TR_hits10": 0.9739495798319328, "TS_hits10": 0.8639871628333461}