{"TR_hits1": 0.9797752808988764, "TS_hits1": 0.996629213483146, "TR_hits10": 0.7708785858737173, "TS_hits10": 0.9418770129578309}