{"TR_hits1": 0.5584269662921348, "TS_hits1": 0.33285896187551495, "TR_hits10": 0.7831460674157303, "TS_hits10": 0.6815968841285297}