{"TR_hits1": 0.34782608695652173, "VL_hits1": 0.3590462833099579, "TR_hits10": 0.36312849162011174, "VL_hits10": 0.3687150837988827}