{"TR_hits1": 0.42098331870061456, "VL_hits1": 0.4302019315188762, "TR_hits10": 0.4, "VL_hits10": 0.4105263157894737}