{"TR_hits1": 0.9396067415730337, "VL_hits1": 0.9480337078651685, "TR_hits10": 0.7415730337078652, "VL_hits10": 0.9438202247191011}