{"TR_hits1": 0.14858096828046743, "VL_hits1": 0.17696160267111852, "TR_hits10": 0.14666666666666667, "VL_hits10": 0.16}