{"TR_hits1": 0.6327212020033389, "VL_hits1": 0.7712854757929883, "TR_hits10": 0.5066666666666667, "VL_hits10": 0.7266666666666667}