{"TR_hits1": 0.3548387096774194, "VL_hits1": 0.3856942496493689, "TR_hits10": 0.2569832402234637, "VL_hits10": 0.3016759776536313}