{"TR_hits1": 0.4305750350631136, "VL_hits1": 0.4417952314165498, "TR_hits10": 0.40782122905027934, "VL_hits10": 0.4301675977653631}