{"TR_hits1": 0.5468914646996839, "VL_hits1": 0.4369747899159664, "TR_hits10": 0.5542676501580611, "VL_hits10": 0.47058823529411764}