{"TR_hits1": 0.41402337228714525, "VL_hits1": 0.4691151919866444, "TR_hits10": 0.36666666666666664, "VL_hits10": 0.41333333333333333}