{"TR_hits1": 0.75, "VL_hits1": 0.7854938271604939, "TR_hits10": 0.4506172839506173, "VL_hits10": 0.7592592592592593}