{"TR_hits1": 0.8194444444444444, "VL_hits1": 0.8271604938271605, "TR_hits10": 0.5864197530864198, "VL_hits10": 0.808641975308642}