{"TR_hits1": 0.7721685689201053, "VL_hits1": 0.7805092186128183, "TR_hits10": 0.6666666666666666, "VL_hits10": 0.7298245614035088}