{"TR_hits1": 0.27476415094339623, "VL_hits1": 0.24413145539906103, "TR_hits10": 0.294811320754717, "VL_hits10": 0.27699530516431925}