{"TR_hits1": 0.6414728682170543, "TS_hits1": 0.5362331601655367, "TR_hits10": 0.689922480620155, "TS_hits10": 0.620234216782601}