{"TR_hits1": 0.922739244951712, "VL_hits1": 0.9508340649692713, "TR_hits10": 0.843859649122807, "VL_hits10": 0.9666666666666667}