{"TR_hits1": 0.6186974789915967, "VL_hits1": 0.5084033613445378, "TR_hits10": 0.6281512605042017, "VL_hits10": 0.5588235294117647}