{"TR_hits1": 0.884992987377279, "VL_hits1": 0.9018232819074333, "TR_hits10": 0.6815642458100558, "VL_hits10": 0.888268156424581}