{"TR_hits1": 0.9354697102721685, "VL_hits1": 0.9442493415276558, "TR_hits10": 0.7719298245614035, "VL_hits10": 0.9315789473684211}