{"TR_hits1": 0.45872641509433965, "VL_hits1": 0.4413145539906103, "TR_hits10": 0.47877358490566035, "VL_hits10": 0.5164319248826291}