{"TR_hits1": 0.4890254609306409, "VL_hits1": 0.5026338893766462, "TR_hits10": 0.4649122807017544, "VL_hits10": 0.4824561403508772}