{"TR_hits1": 0.39831697054698456, "VL_hits1": 0.4165497896213184, "TR_hits10": 0.3743016759776536, "VL_hits10": 0.40782122905027934}