{"TR_hits1": 0.9508340649692713, "VL_hits1": 0.9574187884108868, "TR_hits10": 0.7789473684210526, "VL_hits10": 0.9456140350877194}