{"TR_hits1": 0.9299719887955182, "VL_hits1": 0.9425770308123249, "TR_hits10": 0.7932960893854749, "VL_hits10": 0.9553072625698324}