{"TR_hits1": 0.7585601404741001, "VL_hits1": 0.7664618086040387, "TR_hits10": 0.6771929824561403, "VL_hits10": 0.7210526315789474}