{"TR_hits1": 0.35341830822711473, "VL_hits1": 0.3425925925925926, "TR_hits10": 0.4055619930475087, "VL_hits10": 0.3888888888888889}