{"TR_hits1": 0.8679562657695542, "TS_hits1": 0.6620568459657702, "TR_hits10": 0.8839360807401178, "TS_hits10": 0.8867665036674817}