{"TR_hits1": 0.5210084033613446, "VL_hits1": 0.5322128851540616, "TR_hits10": 0.441340782122905, "VL_hits10": 0.48044692737430167}