{"TR_hits1": 0.9767088014981273, "TS_hits1": 0.9918071161048689, "TR_hits10": 0.8412475496649989, "TS_hits10": 0.9637496708505223}