{"TR_hits1": 0.9181969949916527, "VL_hits1": 0.9282136894824707, "TR_hits10": 0.58, "VL_hits10": 0.88}