{"TR_hits1": 0.9113257243195786, "VL_hits1": 0.9389815627743635, "TR_hits10": 0.7824561403508772, "VL_hits10": 0.9228070175438596}