{"TR_hits1": 0.907563025210084, "TS_hits1": 0.6383433942079927, "TR_hits10": 0.9789915966386554, "TS_hits10": 0.8797279743256667}