{"TR_hits1": 0.0037546933667083854, "VL_hits1": 0.02, "TR_hits10": 0.011264080100125156, "VL_hits10": 0.02}