{"TR_hits1": 0.774023694602896, "VL_hits1": 0.7749012724879333, "TR_hits10": 0.6719298245614035, "VL_hits10": 0.7105263157894737}