{"TR_hits1": 0.9447125932426503, "VL_hits1": 0.9657744624835454, "TR_hits10": 0.8017543859649123, "VL_hits10": 0.9491228070175438}