{"TR_hits1": 0.5732349841938883, "VL_hits1": 0.5294117647058824, "TR_hits10": 0.5848261327713382, "VL_hits10": 0.542016806722689}