{"TR_hits1": 0.4939467312348668, "VL_hits1": 0.4396135265700483, "TR_hits10": 0.5811138014527845, "VL_hits10": 0.5072463768115942}