{"TR_hits1": 0.45991983967935873, "TS_hits1": 0.3174328629949932, "TR_hits10": 0.5460921843687375, "TS_hits10": 0.4321347291761493}