{"TR_hits1": 0.8522012578616353, "VL_hits1": 0.8962264150943396, "TR_hits10": 0.5375, "VL_hits10": 0.78125}