{"TR_hits1": 0.4707846410684474, "VL_hits1": 0.5008347245409015, "TR_hits10": 0.38, "VL_hits10": 0.43333333333333335}