{"TR_hits1": 0.6106442577030813, "VL_hits1": 0.623249299719888, "TR_hits10": 0.5754189944134078, "VL_hits10": 0.5865921787709497}