{"TR_hits1": 0.5992736077481841, "VL_hits1": 0.48792270531400966, "TR_hits10": 0.6416464891041163, "VL_hits10": 0.5362318840579711}