{"TR_hits1": 0.8179271708683473, "VL_hits1": 0.8921568627450981, "TR_hits10": 0.7094972067039106, "VL_hits10": 0.9162011173184358}