{"TR_hits1": 0.7481559536354057, "VL_hits1": 0.5336134453781513, "TR_hits10": 0.8335089567966281, "VL_hits10": 0.7983193277310925}