{"TR_hits1": 0.34056761268781305, "VL_hits1": 0.39398998330550916, "TR_hits10": 0.3333333333333333, "VL_hits10": 0.3933333333333333}