{"TR_hits1": 0.19198664440734559, "VL_hits1": 0.21035058430717862, "TR_hits10": 0.13333333333333333, "VL_hits10": 0.16}