{"TR_hits1": 0.30357142857142855, "VL_hits1": 0.2184873949579832, "TR_hits10": 0.33508403361344535, "VL_hits10": 0.2773109243697479}