{"TR_hits1": 0.543459174714662, "VL_hits1": 0.5500438981562774, "TR_hits10": 0.48596491228070177, "VL_hits10": 0.5228070175438596}