{"TR_hits1": 0.5, "VL_hits1": 0.40336134453781514, "TR_hits10": 0.5052521008403361, "VL_hits10": 0.44537815126050423}