{"TR_hits1": 0.18045112781954886, "VL_hits1": 0.18, "TR_hits10": 0.18796992481203006, "VL_hits10": 0.225}