{"TR_hits1": 0.4056761268781302, "VL_hits1": 0.48414023372287146, "TR_hits10": 0.36666666666666664, "VL_hits10": 0.4533333333333333}