{"TR_hits1": 0.614321608040201, "TS_hits1": 0.47847210588038197, "TR_hits10": 0.7248743718592965, "TS_hits10": 0.5755570447311107}