{"TR_hits1": 0.5487269534679543, "VL_hits1": 0.6224758560140474, "TR_hits10": 0.5789473684210527, "VL_hits10": 0.6508771929824562}