{"TR_hits1": 0.5546218487394958, "VL_hits1": 0.48739495798319327, "TR_hits10": 0.5598739495798319, "VL_hits10": 0.5084033613445378}