{"TR_hits1": 0.26666666666666666, "VL_hits1": 0.2028985507246377, "TR_hits10": 0.27151515151515154, "VL_hits10": 0.22705314009661837}