{"TR_hits1": 0.5448179271708683, "VL_hits1": 0.5574229691876751, "TR_hits10": 0.4972067039106145, "VL_hits10": 0.5195530726256983}