{"TR_hits1": 0.8828828828828829, "TS_hits1": 0.45092862345229423, "TR_hits10": 0.964964964964965, "TS_hits10": 0.7486343772760379}