{"TR_hits1": 0.6484593837535014, "VL_hits1": 0.65406162464986, "TR_hits10": 0.6256983240223464, "VL_hits10": 0.6424581005586593}