{"TR_hits1": 0.4250386398763524, "VL_hits1": 0.41975308641975306, "TR_hits10": 0.5517774343122102, "VL_hits10": 0.5617283950617284}