{"TR_hits1": 0.47689075630252103, "VL_hits1": 0.542016806722689, "TR_hits10": 0.5252100840336135, "VL_hits10": 0.5714285714285714}