{"TR_hits1": 0.9339887640449438, "VL_hits1": 0.9550561797752809, "TR_hits10": 0.8033707865168539, "VL_hits10": 0.9213483146067416}