{"TR_hits1": 0.423562412342216, "VL_hits1": 0.517531556802244, "TR_hits10": 0.4692737430167598, "VL_hits10": 0.5586592178770949}