{"TR_hits1": 0.7431340872374798, "VL_hits1": 0.7641357027463651, "TR_hits10": 0.4645161290322581, "VL_hits10": 0.7483870967741936}