{"TR_hits1": 0.8583333333333333, "TS_hits1": 0.4938541842060953, "TR_hits10": 0.9305555555555556, "TS_hits10": 0.6186226637481057}