{"TR_hits1": 0.33912037037037035, "VL_hits1": 0.3425925925925926, "TR_hits10": 0.38078703703703703, "VL_hits10": 0.38425925925925924}