{"TR_hits1": 0.7096774193548387, "VL_hits1": 0.7180925666199158, "TR_hits10": 0.5698324022346368, "VL_hits10": 0.6145251396648045}