{"TR_hits1": 0.7512520868113522, "VL_hits1": 0.7729549248747913, "TR_hits10": 0.4533333333333333, "VL_hits10": 0.7466666666666667}