{"TR_hits1": 0.9297752808988764, "VL_hits1": 0.9424157303370787, "TR_hits10": 0.7134831460674157, "VL_hits10": 0.9269662921348315}