{"TR_hits1": 0.9481792717086834, "VL_hits1": 0.957983193277311, "TR_hits10": 0.7932960893854749, "VL_hits10": 0.9441340782122905}