{"TR_hits1": 0.4261501210653753, "VL_hits1": 0.391304347826087, "TR_hits10": 0.4927360774818402, "VL_hits10": 0.4782608695652174}