{"TR_hits1": 0.46462264150943394, "VL_hits1": 0.460093896713615, "TR_hits10": 0.5294811320754716, "VL_hits10": 0.5586854460093896}