{"TR_hits1": 0.8820556023588879, "TS_hits1": 0.45733108625708596, "TR_hits10": 0.95787700084246, "TS_hits10": 0.763520759920331}