{"TR_hits1": 0.27871148459383754, "VL_hits1": 0.31932773109243695, "TR_hits10": 0.24022346368715083, "VL_hits10": 0.26256983240223464}