{"TR_hits1": 0.40550688360450565, "VL_hits1": 0.425, "TR_hits10": 0.4693366708385482, "VL_hits10": 0.465}