{"TR_hits1": 0.6650943396226415, "VL_hits1": 0.36619718309859156, "TR_hits10": 0.7287735849056604, "VL_hits10": 0.7323943661971831}