{"TR_hits1": 0.7879719051799824, "VL_hits1": 0.797190517998244, "TR_hits10": 0.712280701754386, "VL_hits10": 0.7508771929824561}