{"TR_hits1": 0.47418335089567965, "VL_hits1": 0.38235294117647056, "TR_hits10": 0.4931506849315068, "VL_hits10": 0.44537815126050423}