{"TR_hits1": 0.58377239199157, "VL_hits1": 0.5756302521008403, "TR_hits10": 0.6280295047418335, "VL_hits10": 0.6302521008403361}