{"TR_hits1": 0.9115168539325843, "VL_hits1": 0.9269662921348315, "TR_hits10": 0.7191011235955056, "VL_hits10": 0.8932584269662921}