{"TR_hits1": 0.7911364633611233, "VL_hits1": 0.797718297498903, "TR_hits10": 0.7, "VL_hits10": 0.7333333333333333}