{"TR_hits1": 0.42177722152690866, "VL_hits1": 0.4, "TR_hits10": 0.47309136420525655, "VL_hits10": 0.47}