{"TR_hits1": 0.46226415094339623, "VL_hits1": 0.44375, "TR_hits10": 0.5644654088050315, "VL_hits10": 0.55625}