{"TR_hits1": 0.5157384987893463, "VL_hits1": 0.4396135265700483, "TR_hits10": 0.6041162227602905, "VL_hits10": 0.5314009661835749}