{"TR_hits1": 0.7189014539579968, "VL_hits1": 0.7334410339256866, "TR_hits10": 0.4258064516129032, "VL_hits10": 0.6903225806451613}