{"TR_hits1": 0.34642356241234223, "VL_hits1": 0.3590462833099579, "TR_hits10": 0.3128491620111732, "VL_hits10": 0.3240223463687151}