{"TR_hits1": 0.9009433962264151, "VL_hits1": 0.9213836477987422, "TR_hits10": 0.66875, "VL_hits10": 0.9}