{"TR_hits1": 0.8920056100981767, "VL_hits1": 0.9116409537166901, "TR_hits10": 0.6983240223463687, "VL_hits10": 0.9162011173184358}