{"TR_hits1": 0.8046744574290484, "VL_hits1": 0.8130217028380634, "TR_hits10": 0.49333333333333335, "VL_hits10": 0.74}