{"TR_hits1": 0.2871452420701169, "VL_hits1": 0.3055091819699499, "TR_hits10": 0.28, "VL_hits10": 0.3}