{"TR_hits1": 0.3983050847457627, "VL_hits1": 0.3719806763285024, "TR_hits10": 0.47336561743341404, "VL_hits10": 0.463768115942029}