{"TR_hits1": 0.3284848484848485, "VL_hits1": 0.32367149758454106, "TR_hits10": 0.36363636363636365, "VL_hits10": 0.3719806763285024}