{"TR_hits1": 0.5131717597471022, "VL_hits1": 0.3949579831932773, "TR_hits10": 0.5131717597471022, "VL_hits10": 0.40756302521008403}