{"TR_hits1": 0.2846638655462185, "VL_hits1": 0.3319327731092437, "TR_hits10": 0.35189075630252103, "VL_hits10": 0.3865546218487395}