{"TR_hits1": 0.7258426966292135, "TS_hits1": 0.6422739869672683, "TR_hits10": 0.8146067415730337, "TS_hits10": 0.7197962699423264}