{"TR_hits1": 0.876577840112202, "VL_hits1": 0.9004207573632539, "TR_hits10": 0.7150837988826816, "VL_hits10": 0.9162011173184358}