{"TR_hits1": 0.7712906057945567, "VL_hits1": 0.7835820895522388, "TR_hits10": 0.7140350877192982, "VL_hits10": 0.7543859649122807}