{"TR_hits1": 0.7705977382875606, "VL_hits1": 0.7722132471728594, "TR_hits10": 0.3870967741935484, "VL_hits10": 0.6451612903225806}