{"TR_hits1": 0.5331285651601579, "VL_hits1": 0.5458534444931987, "TR_hits10": 0.4789473684210526, "VL_hits10": 0.4982456140350877}