{"TR_hits1": 0.41569282136894825, "VL_hits1": 0.38666666666666666, "TR_hits10": 0.5025041736227045, "VL_hits10": 0.4533333333333333}