{"TR_hits1": 0.4323873121869783, "VL_hits1": 0.48247078464106846, "TR_hits10": 0.38, "VL_hits10": 0.42}