{"TR_hits1": 0.8113207547169812, "VL_hits1": 0.8522012578616353, "TR_hits10": 0.58125, "VL_hits10": 0.825}