{"TR_hits1": 0.9315188762071993, "VL_hits1": 0.9600526777875329, "TR_hits10": 0.8228070175438597, "VL_hits10": 0.9526315789473684}