{"TR_hits1": 0.35294117647058826, "VL_hits1": 0.3604038630377524, "TR_hits10": 0.3684210526315789, "VL_hits10": 0.37719298245614036}