{"TR_hits1": 0.5518207282913166, "VL_hits1": 0.5602240896358543, "TR_hits10": 0.4134078212290503, "VL_hits10": 0.4692737430167598}