{"TR_hits1": 0.9353932584269663, "VL_hits1": 0.9410112359550562, "TR_hits10": 0.7078651685393258, "VL_hits10": 0.9213483146067416}