{"TR_hits1": 0.8814691151919867, "VL_hits1": 0.8864774624373957, "TR_hits10": 0.5, "VL_hits10": 0.8333333333333334}