{"TR_hits1": 0.5184372256365233, "VL_hits1": 0.5715539947322212, "TR_hits10": 0.48596491228070177, "VL_hits10": 0.531578947368421}