{"TR_hits1": 0.9205443371378402, "VL_hits1": 0.9460052677787533, "TR_hits10": 0.7842105263157895, "VL_hits10": 0.9210526315789473}