{"TR_hits1": 0.7845911949685535, "VL_hits1": 0.8207547169811321, "TR_hits10": 0.43125, "VL_hits10": 0.8}