{"TR_hits1": 0.9564606741573034, "VL_hits1": 0.9691011235955056, "TR_hits10": 0.7359550561797753, "VL_hits10": 0.9382022471910112}