{"TR_hits1": 0.9193548387096774, "VL_hits1": 0.9306451612903226, "TR_hits10": 0.6129032258064516, "VL_hits10": 0.8387096774193549}