{"TR_hits1": 0.38397328881469117, "VL_hits1": 0.44407345575959933, "TR_hits10": 0.36666666666666664, "VL_hits10": 0.4066666666666667}