{"TR_hits1": 0.25782227784730916, "VL_hits1": 0.19, "TR_hits10": 0.26282853566958697, "VL_hits10": 0.22}