{"TR_hits1": 0.3192834562697576, "VL_hits1": 0.20588235294117646, "TR_hits10": 0.3308746048472076, "VL_hits10": 0.25210084033613445}