{"TR_hits1": 0.6613924050632911, "VL_hits1": 0.6428571428571429, "TR_hits10": 0.680379746835443, "VL_hits10": 0.6680672268907563}