{"TR_hits1": 0.16863207547169812, "VL_hits1": 0.11737089201877934, "TR_hits10": 0.21816037735849056, "VL_hits10": 0.19248826291079812}