{"TR_hits1": 0.5716292134831461, "VL_hits1": 0.5617977528089888, "TR_hits10": 0.648876404494382, "VL_hits10": 0.6179775280898876}