{"TR_hits1": 0.5408252853380158, "VL_hits1": 0.5553116769095698, "TR_hits10": 0.5157894736842106, "VL_hits10": 0.5508771929824562}