{"TR_hits1": 0.8301886792452831, "VL_hits1": 0.8663522012578616, "TR_hits10": 0.55, "VL_hits10": 0.88125}