{"TR_hits1": 0.7318255250403877, "VL_hits1": 0.7851373182552503, "TR_hits10": 0.4258064516129032, "VL_hits10": 0.6645161290322581}