{"TR_hits1": 0.28537735849056606, "VL_hits1": 0.13145539906103287, "TR_hits10": 0.37028301886792453, "VL_hits10": 0.3615023474178404}