{"TR_hits1": 0.44180225281602004, "VL_hits1": 0.43, "TR_hits10": 0.4693366708385482, "VL_hits10": 0.515}