{"TR_hits1": 0.6260504201680672, "VL_hits1": 0.592436974789916, "TR_hits10": 0.648109243697479, "VL_hits10": 0.6050420168067226}