{"TR_hits1": 0.376720901126408, "VL_hits1": 0.32, "TR_hits10": 0.3867334167709637, "VL_hits10": 0.375}