{"TR_hits1": 0.18303030303030304, "VL_hits1": 0.14492753623188406, "TR_hits10": 0.2012121212121212, "VL_hits10": 0.2028985507246377}