{"TR_hits1": 0.3756260434056761, "VL_hits1": 0.44073455759599334, "TR_hits10": 0.3933333333333333, "VL_hits10": 0.42}