{"TR_hits1": 0.7528533801580334, "VL_hits1": 0.7541703248463565, "TR_hits10": 0.7087719298245614, "VL_hits10": 0.7473684210526316}