{"TR_hits1": 0.7831431079894644, "VL_hits1": 0.7914837576821774, "TR_hits10": 0.6929824561403509, "VL_hits10": 0.7491228070175439}