{"TR_hits1": 0.29831932773109243, "VL_hits1": 0.31512605042016806, "TR_hits10": 0.3865546218487395, "VL_hits10": 0.40756302521008403}