{"TR_hits1": 0.9556628621597892, "VL_hits1": 0.9697102721685689, "TR_hits10": 0.8280701754385965, "VL_hits10": 0.9456140350877194}