{"TR_hits1": 0.6185250219490781, "VL_hits1": 0.62071992976295, "TR_hits10": 0.6228070175438597, "VL_hits10": 0.6385964912280702}