{"TR_hits1": 0.5175438596491229, "VL_hits1": 0.44, "TR_hits10": 0.543859649122807, "VL_hits10": 0.485}