{"TR_hits1": 0.7844600526777875, "VL_hits1": 0.7928007023705005, "TR_hits10": 0.6807017543859649, "VL_hits10": 0.743859649122807}