{"TR_hits1": 0.4056761268781302, "VL_hits1": 0.44574290484140233, "TR_hits10": 0.37333333333333335, "VL_hits10": 0.4}