{"TR_hits1": 0.5988779803646563, "VL_hits1": 0.6002805049088359, "TR_hits10": 0.48044692737430167, "VL_hits10": 0.5027932960893855}