{"TR_hits1": 0.35294117647058826, "VL_hits1": 0.31092436974789917, "TR_hits10": 0.3907563025210084, "VL_hits10": 0.3739495798319328}