{"TR_hits1": 0.7291483757682178, "VL_hits1": 0.7322212467076383, "TR_hits10": 0.656140350877193, "VL_hits10": 0.6894736842105263}