{"TR_hits1": 0.40606060606060607, "VL_hits1": 0.3961352657004831, "TR_hits10": 0.47878787878787876, "VL_hits10": 0.47342995169082125}