{"TR_hits1": 0.41333333333333333, "VL_hits1": 0.37681159420289856, "TR_hits10": 0.503030303030303, "VL_hits10": 0.42995169082125606}