{"TR_hits1": 0.5597014925373134, "VL_hits1": 0.5658472344161545, "TR_hits10": 0.5754385964912281, "VL_hits10": 0.5877192982456141}