{"TR_hits1": 0.6176470588235294, "VL_hits1": 0.542016806722689, "TR_hits10": 0.6218487394957983, "VL_hits10": 0.5714285714285714}