{"ts_hits1": 0.03184817137737232, "ts_hits10": 0.12804431049930765, "tr_hits1": 0.063, "tr_hits10": 0.1465}