{"ts_hits1": 0.5612934756047895, "ts_hits10": 0.6289810214221715, "tr_hits1": 0.6715, "tr_hits10": 0.709}