{"ts_hits1": 0.01783823409627759, "ts_hits10": 0.0662213895902908, "tr_hits1": 0.023, "tr_hits10": 0.0695}