{"ts_hits1": 0.545980288344058, "ts_hits10": 0.6159485216258044, "tr_hits1": 0.67, "tr_hits10": 0.6895}