{"ts_hits1": 0.017023702859004643, "ts_hits10": 0.07819499877820314, "tr_hits1": 0.048, "tr_hits10": 0.092}