{"ts_hits1": 0.5351470228883277, "ts_hits10": 0.5932231001058891, "tr_hits1": 0.649, "tr_hits10": 0.671}