{"ts_hits1": 0.008145312372729495, "ts_hits10": 0.04088946811110206, "tr_hits1": 0.021, "tr_hits10": 0.0525}