{"ts_hits1": 0.5525779913659689, "ts_hits10": 0.6132605685428036, "tr_hits1": 0.687, "tr_hits10": 0.7115}