{"ts_hits1": 0.00871548423882056, "ts_hits10": 0.04137818685346583, "tr_hits1": 0.0275, "tr_hits10": 0.05}