{"ts_hits1": 0.5292823979799626, "ts_hits10": 0.5900464282805246, "tr_hits1": 0.673, "tr_hits10": 0.6925}