{"ts_hits1": 0.004968640547364992, "ts_hits10": 0.025902093345279792, "tr_hits1": 0.014, "tr_hits10": 0.042}