{"ts_hits1": 0.5159240856886862, "ts_hits10": 0.5789688034536125, "tr_hits1": 0.6365, "tr_hits10": 0.654}