{"ts_hits1": 0.01466156227091309, "ts_hits10": 0.059297874073470716, "tr_hits1": 0.022, "tr_hits10": 0.0725}