{"ts_hits1": 0.5467948195813309, "ts_hits10": 0.608129021747984, "tr_hits1": 0.676, "tr_hits10": 0.6985}