{"ts_hits1": 0.01743096847764112, "ts_hits10": 0.07176020200374685, "tr_hits1": 0.035, "tr_hits10": 0.082}