{"ts_hits1": 0.5326219760527816, "ts_hits10": 0.5972143031685265, "tr_hits1": 0.645, "tr_hits10": 0.668}