{"ts_hits1": 0.015638999755640627, "ts_hits10": 0.06426651462083571, "tr_hits1": 0.0395, "tr_hits10": 0.072}