{"ts_hits1": 0.5349026635171459, "ts_hits10": 0.5986804593956179, "tr_hits1": 0.661, "tr_hits10": 0.693}