{"ts_hits1": 0.021340718416551274, "ts_hits10": 0.09065732670847927, "tr_hits1": 0.035, "tr_hits10": 0.0865}