{"ts_hits1": 0.5287122261138715, "ts_hits10": 0.5881730064347968, "tr_hits1": 0.6575, "tr_hits10": 0.686}