{"ts_hits1": 0.016860796611550054, "ts_hits10": 0.07167874888001954, "tr_hits1": 0.0405, "tr_hits10": 0.0795}