{"ts_hits1": 0.5733485379164291, "ts_hits10": 0.6474708805082675, "tr_hits1": 0.665, "tr_hits10": 0.698}