{"ts_hits1": 0.031277999511281254, "ts_hits10": 0.11159077950639407, "tr_hits1": 0.061, "tr_hits10": 0.1155}