{"ts_hits1": 0.5249653824224159, "ts_hits10": 0.587114115826342, "tr_hits1": 0.637, "tr_hits10": 0.662}