{"ts_hits1": 0.010181640465911867, "ts_hits10": 0.05188563981428688, "tr_hits1": 0.0225, "tr_hits10": 0.0535}