{"ts_hits1": 0.580760772175613, "ts_hits10": 0.6425022399609025, "tr_hits1": 0.6915, "tr_hits10": 0.7195}