{"ts_hits1": 0.018571312209823245, "ts_hits10": 0.0788466237680215, "tr_hits1": 0.0405, "tr_hits10": 0.083}