{"ts_hits1": 0.5710678504520649, "ts_hits10": 0.6361488963101735, "tr_hits1": 0.6825, "tr_hits10": 0.708}