{"ts_hits1": 0.009774374847275393, "ts_hits10": 0.04903478048383156, "tr_hits1": 0.017, "tr_hits10": 0.0575}