{"ts_hits1": 0.5347397572696913, "ts_hits10": 0.6022643968396189, "tr_hits1": 0.673, "tr_hits10": 0.696}