{"ts_hits1": 0.004317015557546632, "ts_hits10": 0.02191089028264234, "tr_hits1": 0.0095, "tr_hits10": 0.0255}