{"ts_hits1": 0.5638185224403356, "ts_hits10": 0.6251527246069887, "tr_hits1": 0.6655, "tr_hits10": 0.6905}