{"ts_hits1": 0.011810702940457767, "ts_hits10": 0.04064510873992017, "tr_hits1": 0.019, "tr_hits10": 0.0325}