{"ts_hits1": 0.5386495072086015, "ts_hits10": 0.6016127718498004, "tr_hits1": 0.6685, "tr_hits10": 0.6965}