{"ts_hits1": 0.03689826504846461, "ts_hits10": 0.12828866987048954, "tr_hits1": 0.0565, "tr_hits10": 0.1355}