{"ts_hits1": 0.548749694550786, "ts_hits10": 0.6168445059868046, "tr_hits1": 0.671, "tr_hits10": 0.7005}