{"ts_hits1": 0.010588906084548343, "ts_hits10": 0.04610246802964894, "tr_hits1": 0.0195, "tr_hits10": 0.05}