{"ts_hits1": 0.5497271320355136, "ts_hits10": 0.6112242404496212, "tr_hits1": 0.663, "tr_hits10": 0.6895}