{"ts_hits1": 0.02402867149955201, "ts_hits10": 0.08129021747984035, "tr_hits1": 0.0445, "tr_hits10": 0.0835}