{"ts_hits1": 0.5492384132931498, "ts_hits10": 0.6129347560478945, "tr_hits1": 0.6485, "tr_hits10": 0.672}