{"TR_hits1": 0.4216725559481743, "VL_hits1": 0.4507042253521127, "TR_hits10": 0.4711425206124853, "VL_hits10": 0.5352112676056338}