{"TR_hits1": 0.9506172839506173, "VL_hits1": 0.9567901234567902, "TR_hits10": 0.5925925925925926, "VL_hits10": 0.8765432098765432}