{"TR_hits1": 0.22666666666666666, "VL_hits1": 0.20772946859903382, "TR_hits10": 0.25696969696969696, "VL_hits10": 0.28502415458937197}