{"TR_hits1": 0.7023705004389815, "VL_hits1": 0.7080772607550483, "TR_hits10": 0.6017543859649123, "VL_hits10": 0.6596491228070176}