{"TR_hits1": 0.6812993854258121, "VL_hits1": 0.6865671641791045, "TR_hits10": 0.6105263157894737, "VL_hits10": 0.6456140350877193}