{"TR_hits1": 0.2205188679245283, "VL_hits1": 0.19248826291079812, "TR_hits10": 0.23349056603773585, "VL_hits10": 0.24882629107981222}