{"TR_hits1": 0.44688323090430204, "VL_hits1": 0.46488147497805093, "TR_hits10": 0.4614035087719298, "VL_hits10": 0.47368421052631576}