{"TR_hits1": 0.3576388888888889, "VL_hits1": 0.36574074074074076, "TR_hits10": 0.4386574074074074, "VL_hits10": 0.4166666666666667}