{"TR_hits1": 0.31485849056603776, "VL_hits1": 0.28169014084507044, "TR_hits10": 0.33962264150943394, "VL_hits10": 0.29577464788732394}