{"TR_hits1": 0.901685393258427, "VL_hits1": 0.9269662921348315, "TR_hits10": 0.8033707865168539, "VL_hits10": 0.9101123595505618}