{"TR_hits1": 0.9337428696796841, "VL_hits1": 0.9543659499780606, "TR_hits10": 0.7824561403508772, "VL_hits10": 0.9526315789473684}