{"TR_hits1": 0.42901234567901236, "VL_hits1": 0.4074074074074074, "TR_hits10": 0.5447530864197531, "VL_hits10": 0.48148148148148145}