{"TR_hits1": 0.7967741935483871, "VL_hits1": 0.8790322580645161, "TR_hits10": 0.535483870967742, "VL_hits10": 0.8258064516129032}