{"TR_hits1": 0.8483870967741935, "VL_hits1": 0.864516129032258, "TR_hits10": 0.5096774193548387, "VL_hits10": 0.8193548387096774}