{"TR_hits1": 0.43171296296296297, "VL_hits1": 0.2638888888888889, "TR_hits10": 0.44212962962962965, "VL_hits10": 0.30092592592592593}