{"TR_hits1": 0.9223002633889377, "VL_hits1": 0.9464442493415277, "TR_hits10": 0.8140350877192982, "VL_hits10": 0.9403508771929825}