{"TR_hits1": 0.9061624649859944, "VL_hits1": 0.9327731092436975, "TR_hits10": 0.6871508379888268, "VL_hits10": 0.88268156424581}