{"TR_hits1": 0.7273924495171202, "VL_hits1": 0.7423178226514486, "TR_hits10": 0.6736842105263158, "VL_hits10": 0.7263157894736842}