{"TR_hits1": 0.4659938569548047, "VL_hits1": 0.47608600263273365, "TR_hits10": 0.4631578947368421, "VL_hits10": 0.48947368421052634}