{"TR_hits1": 0.5026343519494204, "VL_hits1": 0.4495798319327731, "TR_hits10": 0.5384615384615384, "VL_hits10": 0.5042016806722689}