{"TR_hits1": 0.32566585956416466, "VL_hits1": 0.30434782608695654, "TR_hits10": 0.3523002421307506, "VL_hits10": 0.32367149758454106}