{"TR_hits1": 0.41068447412353926, "VL_hits1": 0.4373956594323873, "TR_hits10": 0.3466666666666667, "VL_hits10": 0.36666666666666664}