{"TR_hits1": 0.6599385695480474, "VL_hits1": 0.6599385695480474, "TR_hits10": 0.6228070175438597, "VL_hits10": 0.631578947368421}