{"TR_hits1": 0.37797246558197745, "VL_hits1": 0.43, "TR_hits10": 0.4568210262828536, "VL_hits10": 0.5}