{"TR_hits1": 0.9396067415730337, "VL_hits1": 0.9508426966292135, "TR_hits10": 0.7696629213483146, "VL_hits10": 0.9325842696629213}