{"TR_hits1": 0.4040066777963272, "VL_hits1": 0.48747913188647746, "TR_hits10": 0.43333333333333335, "VL_hits10": 0.48}