{"TR_hits1": 0.9564606741573034, "VL_hits1": 0.9662921348314607, "TR_hits10": 0.7640449438202247, "VL_hits10": 0.9382022471910112}