{"TR_hits1": 0.7629213483146068, "TS_hits1": 0.6381544453598982, "TR_hits10": 0.8359550561797753, "TS_hits10": 0.7264624372706164}