{"TR_hits1": 0.32554257095158595, "VL_hits1": 0.34891485809682804, "TR_hits10": 0.22, "VL_hits10": 0.24666666666666667}