{"TR_hits1": 0.6162464985994398, "VL_hits1": 0.623249299719888, "TR_hits10": 0.4692737430167598, "VL_hits10": 0.5251396648044693}