{"TR_hits1": 0.5039508340649693, "VL_hits1": 0.5188762071992976, "TR_hits10": 0.5017543859649123, "VL_hits10": 0.5298245614035088}