{"TR_hits1": 0.4474053295932679, "VL_hits1": 0.4544179523141655, "TR_hits10": 0.4301675977653631, "VL_hits10": 0.46368715083798884}