{"TR_hits1": 0.5337078651685393, "VL_hits1": 0.5786516853932584, "TR_hits10": 0.6306179775280899, "VL_hits10": 0.6685393258426966}