{"TR_hits1": 0.36556603773584906, "VL_hits1": 0.25821596244131456, "TR_hits10": 0.3856132075471698, "VL_hits10": 0.3004694835680751}