{"TR_hits1": 0.4530663329161452, "VL_hits1": 0.51, "TR_hits10": 0.5143929912390488, "VL_hits10": 0.585}