{"TR_hits1": 0.576437587657784, "VL_hits1": 0.6788218793828892, "TR_hits10": 0.6312849162011173, "VL_hits10": 0.7039106145251397}