{"TR_hits1": 0.32053422370617696, "VL_hits1": 0.07333333333333333, "TR_hits10": 0.34390651085141904, "VL_hits10": 0.26666666666666666}