{"TR_hits1": 0.7879799666110183, "VL_hits1": 0.7946577629382304, "TR_hits10": 0.5266666666666666, "VL_hits10": 0.7866666666666666}