{"TR_hits1": 0.5245441795231417, "VL_hits1": 0.5385694249649369, "TR_hits10": 0.45251396648044695, "VL_hits10": 0.48044692737430167}