{"TR_hits1": 0.7954759660697456, "TS_hits1": 0.5158057054741712, "TR_hits10": 0.8265786993402451, "TS_hits10": 0.8113595476741198}