{"TR_hits1": 0.9480337078651685, "VL_hits1": 0.9564606741573034, "TR_hits10": 0.659217877094972, "VL_hits10": 0.88268156424581}