{"TR_hits1": 0.6886792452830188, "VL_hits1": 0.3380281690140845, "TR_hits10": 0.75, "VL_hits10": 0.6854460093896714}