{"TR_hits1": 0.5669125395152792, "VL_hits1": 0.42016806722689076, "TR_hits10": 0.5669125395152792, "VL_hits10": 0.4327731092436975}