{"TR_hits1": 0.9552435278630979, "VL_hits1": 0.9662132514260641, "TR_hits10": 0.7894736842105263, "VL_hits10": 0.9385964912280702}