{"TR_hits1": 0.8779803646563815, "VL_hits1": 0.8863955119214586, "TR_hits10": 0.6312849162011173, "VL_hits10": 0.8324022346368715}