{"TR_hits1": 0.4077976817702845, "VL_hits1": 0.3277310924369748, "TR_hits10": 0.4383561643835616, "VL_hits10": 0.39915966386554624}