{"TR_hits1": 0.41569282136894825, "VL_hits1": 0.44741235392320533, "TR_hits10": 0.32, "VL_hits10": 0.4066666666666667}