{"TR_hits1": 0.8679245283018868, "VL_hits1": 0.9135220125786163, "TR_hits10": 0.61875, "VL_hits10": 0.925}