{"TR_hits1": 0.7484567901234568, "VL_hits1": 0.7885802469135802, "TR_hits10": 0.5308641975308642, "VL_hits10": 0.7654320987654321}