{"TR_hits1": 0.7996661101836394, "VL_hits1": 0.8247078464106845, "TR_hits10": 0.46, "VL_hits10": 0.8}