{"TR_hits1": 0.2801120448179272, "VL_hits1": 0.3081232492997199, "TR_hits10": 0.2905027932960894, "VL_hits10": 0.3407821229050279}