{"TR_hits1": 0.5127304653204565, "VL_hits1": 0.5250219490781387, "TR_hits10": 0.5263157894736842, "VL_hits10": 0.5350877192982456}