{"TR_hits1": 0.940737489025461, "VL_hits1": 0.9640035118525022, "TR_hits10": 0.8245614035087719, "VL_hits10": 0.9596491228070175}