{"TR_hits1": 0.5856014047410009, "VL_hits1": 0.5952589991220368, "TR_hits10": 0.5614035087719298, "VL_hits10": 0.5771929824561404}