{"TR_hits1": 0.41551939924906134, "VL_hits1": 0.47, "TR_hits10": 0.4981226533166458, "VL_hits10": 0.57}