{"TR_hits1": 0.4104938271604938, "VL_hits1": 0.48148148148148145, "TR_hits10": 0.5246913580246914, "VL_hits10": 0.6234567901234568}