{"TR_hits1": 0.5236363636363637, "VL_hits1": 0.40096618357487923, "TR_hits10": 0.5587878787878788, "VL_hits10": 0.46859903381642515}