{"TR_hits1": 0.4257095158597663, "VL_hits1": 0.5342237061769616, "TR_hits10": 0.41333333333333333, "VL_hits10": 0.5466666666666666}