{"TR_hits1": 0.4870967741935484, "VL_hits1": 0.4838709677419355, "TR_hits10": 0.5596774193548387, "VL_hits10": 0.5419354838709678}