{"TR_hits1": 0.0, "VL_hits1": 0.015432098765432098, "TR_hits10": 0.024691358024691357, "VL_hits10": 0.06790123456790123}