{"TR_hits1": 0.6509433962264151, "VL_hits1": 0.3615023474178404, "TR_hits10": 0.7476415094339622, "VL_hits10": 0.7089201877934272}