{"TR_hits1": 0.8146911519198664, "VL_hits1": 0.8697829716193656, "TR_hits10": 0.5333333333333333, "VL_hits10": 0.8266666666666667}