{"TR_hits1": 0.9367977528089888, "VL_hits1": 0.9480337078651685, "TR_hits10": 0.7134831460674157, "VL_hits10": 0.9269662921348315}