{"TR_hits1": 0.7997198879551821, "VL_hits1": 0.8053221288515406, "TR_hits10": 0.6480446927374302, "VL_hits10": 0.6815642458100558}