{"TR_hits1": 0.43393939393939396, "VL_hits1": 0.34299516908212563, "TR_hits10": 0.4484848484848485, "VL_hits10": 0.37681159420289856}