{"TR_hits1": 0.8148148148148148, "VL_hits1": 0.8657407407407407, "TR_hits10": 0.5493827160493827, "VL_hits10": 0.8024691358024691}