{"TR_hits1": 0.9199438202247191, "VL_hits1": 0.9382022471910112, "TR_hits10": 0.7415730337078652, "VL_hits10": 0.9101123595505618}