{"TR_hits1": 0.7870370370370371, "VL_hits1": 0.8009259259259259, "TR_hits10": 0.49382716049382713, "VL_hits10": 0.7839506172839507}