{"TR_hits1": 0.42010535557506584, "VL_hits1": 0.45302897278314314, "TR_hits10": 0.34035087719298246, "VL_hits10": 0.4105263157894737}