{"TR_hits1": 0.42138364779874216, "VL_hits1": 0.4125, "TR_hits10": 0.5283018867924528, "VL_hits10": 0.4875}