{"TR_hits1": 0.21929824561403508, "VL_hits1": 0.18, "TR_hits10": 0.24060150375939848, "VL_hits10": 0.22}