{"TR_hits1": 0.20023148148148148, "VL_hits1": 0.1111111111111111, "TR_hits10": 0.22453703703703703, "VL_hits10": 0.14351851851851852}