{"TR_hits1": 0.6395961369622476, "VL_hits1": 0.641352063213345, "TR_hits10": 0.5771929824561404, "VL_hits10": 0.6017543859649123}