{"TR_hits1": 0.3141426783479349, "VL_hits1": 0.23, "TR_hits10": 0.32665832290362956, "VL_hits10": 0.295}