{"TR_hits1": 0.9574187884108868, "VL_hits1": 0.9666374012291484, "TR_hits10": 0.8070175438596491, "VL_hits10": 0.968421052631579}