{"TR_hits1": 0.48848484848484847, "VL_hits1": 0.3864734299516908, "TR_hits10": 0.5430303030303031, "VL_hits10": 0.4444444444444444}