{"TR_hits1": 0.8681626928471248, "VL_hits1": 0.884992987377279, "TR_hits10": 0.6480446927374302, "VL_hits10": 0.888268156424581}