{"TR_hits1": 0.4479166666666667, "VL_hits1": 0.4074074074074074, "TR_hits10": 0.5173611111111112, "VL_hits10": 0.4537037037037037}