{"TR_hits1": 0.18518518518518517, "VL_hits1": 0.10648148148148148, "TR_hits10": 0.22916666666666666, "VL_hits10": 0.14814814814814814}