{"TR_hits1": 0.8146911519198664, "VL_hits1": 0.8280467445742905, "TR_hits10": 0.46, "VL_hits10": 0.78}