{"TR_hits1": 0.48998946259220233, "VL_hits1": 0.44537815126050423, "TR_hits10": 0.49631190727081137, "VL_hits10": 0.46638655462184875}