{"TR_hits1": 0.8476733977172959, "VL_hits1": 0.8503072870939421, "TR_hits10": 0.7578947368421053, "VL_hits10": 0.8}