{"TR_hits1": 0.41569282136894825, "VL_hits1": 0.42070116861435725, "TR_hits10": 0.32666666666666666, "VL_hits10": 0.36}