{"TR_hits1": 0.2820823244552058, "VL_hits1": 0.1642512077294686, "TR_hits10": 0.3075060532687651, "VL_hits10": 0.22705314009661837}