{"TR_hits1": 0.8222940226171244, "VL_hits1": 0.8319870759289176, "TR_hits10": 0.5612903225806452, "VL_hits10": 0.8064516129032258}