{"TR_hits1": 0.5028011204481793, "VL_hits1": 0.5154061624649859, "TR_hits10": 0.4134078212290503, "VL_hits10": 0.4692737430167598}