{"TR_hits1": 0.2654424040066778, "VL_hits1": 0.3656093489148581, "TR_hits10": 0.26666666666666666, "VL_hits10": 0.38666666666666666}