{"TR_hits1": 0.44339622641509435, "VL_hits1": 0.5, "TR_hits10": 0.5471698113207547, "VL_hits10": 0.63125}