{"TR_hits1": 0.0688360450563204, "VL_hits1": 0.025, "TR_hits10": 0.09386733416770963, "VL_hits10": 0.065}