{"TR_hits1": 0.7589991220368745, "VL_hits1": 0.7726075504828798, "TR_hits10": 0.6807017543859649, "VL_hits10": 0.7315789473684211}