{"TR_hits1": 0.058823529411764705, "VL_hits1": 0.02, "TR_hits10": 0.060075093867334166, "VL_hits10": 0.035}