{"TR_hits1": 0.4815595363540569, "VL_hits1": 0.4789915966386555, "TR_hits10": 0.5247629083245522, "VL_hits10": 0.5252100840336135}