{"TR_hits1": 0.5728709394205443, "VL_hits1": 0.5759438103599649, "TR_hits10": 0.48947368421052634, "VL_hits10": 0.5175438596491229}