{"TR_hits1": 0.41308165057067603, "VL_hits1": 0.4218612818261633, "TR_hits10": 0.38596491228070173, "VL_hits10": 0.4070175438596491}