{"TR_hits1": 0.0110062893081761, "VL_hits1": 0.015723270440251572, "TR_hits10": 0.0, "VL_hits10": 0.00625}