{"TR_hits1": 0.5419354838709678, "VL_hits1": 0.4967741935483871, "TR_hits10": 0.6403225806451613, "VL_hits10": 0.6064516129032258}