{"TR_hits1": 0.5671296296296297, "VL_hits1": 0.4444444444444444, "TR_hits10": 0.5972222222222222, "VL_hits10": 0.5324074074074074}