{"TR_hits1": 0.4166666666666667, "VL_hits1": 0.4305555555555556, "TR_hits10": 0.4710648148148148, "VL_hits10": 0.4675925925925926}