{"TR_hits1": 0.7787532923617209, "VL_hits1": 0.7875329236172081, "TR_hits10": 0.6824561403508772, "VL_hits10": 0.7473684210526316}