{"TR_hits1": 0.9122036874451273, "VL_hits1": 0.9460052677787533, "TR_hits10": 0.7789473684210526, "VL_hits10": 0.9263157894736842}