{"TR_hits1": 0.29716193656093487, "VL_hits1": 0.3021702838063439, "TR_hits10": 0.24666666666666667, "VL_hits10": 0.2866666666666667}