{"TR_hits1": 0.8694968553459119, "VL_hits1": 0.8930817610062893, "TR_hits10": 0.4875, "VL_hits10": 0.7625}