{"TR_hits1": 0.8345021037868162, "VL_hits1": 0.8779803646563815, "TR_hits10": 0.5921787709497207, "VL_hits10": 0.8770949720670391}