{"TR_hits1": 0.4090150250417362, "VL_hits1": 0.4090150250417362, "TR_hits10": 0.38666666666666666, "VL_hits10": 0.4266666666666667}