{"TR_hits1": 0.5511921458625526, "VL_hits1": 0.5539971949509116, "TR_hits10": 0.43575418994413406, "VL_hits10": 0.441340782122905}