{"TR_hits1": 0.013317191283292978, "VL_hits1": 0.004830917874396135, "TR_hits10": 0.015738498789346248, "VL_hits10": 0.00966183574879227}