{"TR_hits1": 0.7530864197530864, "VL_hits1": 0.7901234567901234, "TR_hits10": 0.5987654320987654, "VL_hits10": 0.808641975308642}