{"TR_hits1": 0.453015427769986, "VL_hits1": 0.4544179523141655, "TR_hits10": 0.40782122905027934, "VL_hits10": 0.41899441340782123}