{"TR_hits1": 0.02528977871443625, "VL_hits1": 0.01680672268907563, "TR_hits10": 0.0368809272918862, "VL_hits10": 0.046218487394957986}