{"TR_hits1": 0.8349056603773585, "VL_hits1": 0.8679245283018868, "TR_hits10": 0.5723270440251572, "VL_hits10": 0.7987421383647799}