{"TR_hits1": 0.913081650570676, "VL_hits1": 0.9477611940298507, "TR_hits10": 0.7631578947368421, "VL_hits10": 0.9473684210526315}