{"TR_hits1": 0.4574290484140234, "VL_hits1": 0.5325542570951586, "TR_hits10": 0.4866666666666667, "VL_hits10": 0.5333333333333333}