{"TR_hits1": 0.48858647936786653, "VL_hits1": 0.5008779631255488, "TR_hits10": 0.5280701754385965, "VL_hits10": 0.5403508771929825}