{"TR_hits1": 0.667016806722689, "VL_hits1": 0.6638655462184874, "TR_hits10": 0.6775210084033614, "VL_hits10": 0.7184873949579832}