{"TR_hits1": 0.27712264150943394, "VL_hits1": 0.2535211267605634, "TR_hits10": 0.29245283018867924, "VL_hits10": 0.2863849765258216}