{"TR_hits1": 0.2824074074074074, "VL_hits1": 0.21296296296296297, "TR_hits10": 0.30092592592592593, "VL_hits10": 0.26851851851851855}