{"TR_hits1": 0.5497896213183731, "VL_hits1": 0.5539971949509116, "TR_hits10": 0.39664804469273746, "VL_hits10": 0.4301675977653631}