{"TR_hits1": 0.2828535669586984, "VL_hits1": 0.31, "TR_hits10": 0.3041301627033792, "VL_hits10": 0.38}