{"TR_hits1": 0.5557506584723442, "VL_hits1": 0.5610184372256365, "TR_hits10": 0.519298245614035, "VL_hits10": 0.5508771929824562}