{"TR_hits1": 0.3105175292153589, "VL_hits1": 0.34557595993322204, "TR_hits10": 0.28, "VL_hits10": 0.31333333333333335}