{"TR_hits1": 0.9240561896400351, "VL_hits1": 0.9508340649692713, "TR_hits10": 0.756140350877193, "VL_hits10": 0.9438596491228071}