{"TR_hits1": 0.9200561009817672, "VL_hits1": 0.9242636746143057, "TR_hits10": 0.6145251396648045, "VL_hits10": 0.8659217877094972}