{"TR_hits1": 0.15919811320754718, "VL_hits1": 0.13615023474178403, "TR_hits10": 0.20754716981132076, "VL_hits10": 0.19248826291079812}