{"TR_hits1": 0.9257703081232493, "VL_hits1": 0.9397759103641457, "TR_hits10": 0.7486033519553073, "VL_hits10": 0.9553072625698324}