{"TR_hits1": 0.7102212855637513, "VL_hits1": 0.726890756302521, "TR_hits10": 0.7207586933614331, "VL_hits10": 0.7436974789915967}