{"TR_hits1": 0.3055091819699499, "VL_hits1": 0.3105175292153589, "TR_hits10": 0.3, "VL_hits10": 0.3}