{"TR_hits1": 0.5740740740740741, "VL_hits1": 0.46296296296296297, "TR_hits10": 0.6219135802469136, "VL_hits10": 0.5308641975308642}