{"TR_hits1": 0.9424157303370787, "VL_hits1": 0.9480337078651685, "TR_hits10": 0.7303370786516854, "VL_hits10": 0.8932584269662921}