{"TR_hits1": 0.03466386554621849, "VL_hits1": 0.008403361344537815, "TR_hits10": 0.03991596638655462, "VL_hits10": 0.012605042016806723}