{"TR_hits1": 0.9367866549604916, "VL_hits1": 0.9604916593503073, "TR_hits10": 0.8122807017543859, "VL_hits10": 0.9421052631578948}