{"TR_hits1": 0.935908691834943, "VL_hits1": 0.9596136962247586, "TR_hits10": 0.8017543859649123, "VL_hits10": 0.9614035087719298}