{"TR_hits1": 0.7562604340567612, "VL_hits1": 0.8146911519198664, "TR_hits10": 0.5066666666666667, "VL_hits10": 0.7666666666666667}