{"TR_hits1": 0.514726507713885, "VL_hits1": 0.5469845722300141, "TR_hits10": 0.329608938547486, "VL_hits10": 0.4134078212290503}