{"TR_hits1": 0.6057945566286216, "VL_hits1": 0.6242317822651449, "TR_hits10": 0.5877192982456141, "VL_hits10": 0.6052631578947368}