{"TR_hits1": 0.908835904628331, "VL_hits1": 0.9256661991584852, "TR_hits10": 0.7206703910614525, "VL_hits10": 0.8938547486033519}