{"TR_hits1": 0.0625, "VL_hits1": 0.03755868544600939, "TR_hits10": 0.08372641509433962, "VL_hits10": 0.07511737089201878}