{"TR_hits1": 0.18912237330037082, "TS_hits1": 0.08609762120339122, "TR_hits10": 0.3053152039555006, "TS_hits10": 0.2529426290229648}