{"TR_hits1": 0.8949320148331273, "TS_hits1": 0.9110012360939431, "TR_hits10": 0.622026504239032, "TS_hits10": 0.8573545147748786}