{"TR_hits1": 0.2337962962962963, "VL_hits1": 0.21296296296296297, "TR_hits10": 0.26851851851851855, "VL_hits10": 0.25462962962962965}