{"TR_hits1": 0.27545909849749584, "VL_hits1": 0.29549248747913187, "TR_hits10": 0.3, "VL_hits10": 0.32}