{"TR_hits1": 0.90258885476086, "VL_hits1": 0.9548047389205792, "TR_hits10": 0.8122807017543859, "VL_hits10": 0.956140350877193}