{"TR_hits1": 0.8647746243739566, "VL_hits1": 0.8731218697829716, "TR_hits10": 0.54, "VL_hits10": 0.8}