{"TR_hits1": 0.630377524143986, "VL_hits1": 0.654521510096576, "TR_hits10": 0.5456140350877193, "VL_hits10": 0.6105263157894737}