{"TR_hits1": 0.3125, "VL_hits1": 0.2222222222222222, "TR_hits10": 0.32175925925925924, "VL_hits10": 0.25}