{"TR_hits1": 0.7283950617283951, "TS_hits1": 0.6149812734082397, "TR_hits10": 0.8035914702581369, "TS_hits10": 0.6914606741573034}