{"TR_hits1": 0.4583333333333333, "VL_hits1": 0.3333333333333333, "TR_hits10": 0.4861111111111111, "VL_hits10": 0.42592592592592593}