{"TR_hits1": 0.6460606060606061, "VL_hits1": 0.3961352657004831, "TR_hits10": 0.6678787878787878, "VL_hits10": 0.6280193236714976}