{"TR_hits1": 0.013784461152882205, "VL_hits1": 0.03, "TR_hits10": 0.023809523809523808, "VL_hits10": 0.035}