{"TR_hits1": 0.6928471248246845, "VL_hits1": 0.697054698457223, "TR_hits10": 0.6312849162011173, "VL_hits10": 0.6759776536312849}