{"TR_hits1": 0.9169169169169169, "TS_hits1": 0.5021849963583394, "TR_hits10": 0.977977977977978, "TS_hits10": 0.7769482884195194}