{"TR_hits1": 0.7249736564805058, "VL_hits1": 0.6596638655462185, "TR_hits10": 0.743940990516333, "VL_hits10": 0.7016806722689075}