{"TR_hits1": 0.561624649859944, "VL_hits1": 0.5714285714285714, "TR_hits10": 0.5027932960893855, "VL_hits10": 0.5363128491620112}