{"TR_hits1": 0.2966396292004635, "VL_hits1": 0.2361111111111111, "TR_hits10": 0.3093858632676709, "VL_hits10": 0.3101851851851852}