{"TR_hits1": 0.4594309799789252, "VL_hits1": 0.3445378151260504, "TR_hits10": 0.46996838777660693, "VL_hits10": 0.3697478991596639}