{"TR_hits1": 0.5455820476858345, "VL_hits1": 0.5974754558204769, "TR_hits10": 0.46368715083798884, "VL_hits10": 0.5251396648044693}