{"TR_hits1": 0.9074333800841514, "VL_hits1": 0.9186535764375876, "TR_hits10": 0.6145251396648045, "VL_hits10": 0.8715083798882681}