{"TR_hits1": 0.9117647058823529, "VL_hits1": 0.9451273046532046, "TR_hits10": 0.775438596491228, "VL_hits10": 0.9245614035087719}