{"TR_hits1": 0.9676966292134831, "VL_hits1": 0.9747191011235955, "TR_hits10": 0.7150837988826816, "VL_hits10": 0.9217877094972067}