{"TR_hits1": 0.7762605042016807, "VL_hits1": 0.6512605042016807, "TR_hits10": 0.7804621848739496, "VL_hits10": 0.6890756302521008}