{"TR_hits1": 0.2861150070126227, "VL_hits1": 0.302945301542777, "TR_hits10": 0.30726256983240224, "VL_hits10": 0.3128491620111732}