{"TR_hits1": 0.28032979976442873, "VL_hits1": 0.22535211267605634, "TR_hits10": 0.30977620730270905, "VL_hits10": 0.29107981220657275}