{"TR_hits1": 0.8128930817610063, "VL_hits1": 0.8238993710691824, "TR_hits10": 0.41875, "VL_hits10": 0.775}