{"TR_hits1": 0.37922403003754696, "VL_hits1": 0.38, "TR_hits10": 0.4067584480600751, "VL_hits10": 0.42}