{"TR_hits1": 0.9201680672268907, "TS_hits1": 0.6122105906624895, "TR_hits10": 0.965546218487395, "TS_hits10": 0.7249178574157561}