{"TR_hits1": 0.931079894644425, "VL_hits1": 0.9416154521510096, "TR_hits10": 0.7982456140350878, "VL_hits10": 0.9438596491228071}