{"TR_hits1": 0.27699736611062337, "VL_hits1": 0.31343283582089554, "TR_hits10": 0.2912280701754386, "VL_hits10": 0.3526315789473684}