{"TR_hits1": 0.39969135802469136, "VL_hits1": 0.41358024691358025, "TR_hits10": 0.4984567901234568, "VL_hits10": 0.5432098765432098}