{"TR_hits1": 0.927170868347339, "VL_hits1": 0.9411764705882353, "TR_hits10": 0.664804469273743, "VL_hits10": 0.88268156424581}