{"TR_hits1": 0.08823529411764706, "VL_hits1": 0.03910614525139665, "TR_hits10": 0.10644257703081232, "VL_hits10": 0.10614525139664804}