{"TR_hits1": 0.4257095158597663, "VL_hits1": 0.44407345575959933, "TR_hits10": 0.37333333333333335, "VL_hits10": 0.3933333333333333}