{"TR_hits1": 0.8317610062893082, "VL_hits1": 0.8317610062893082, "TR_hits10": 0.45625, "VL_hits10": 0.80625}