{"TR_hits1": 0.0660377358490566, "VL_hits1": 0.025, "TR_hits10": 0.08176100628930817, "VL_hits10": 0.05}