{"TR_hits1": 0.6972245584524811, "TS_hits1": 0.6706907090464548, "TR_hits10": 0.7258200168208578, "TS_hits10": 0.7337255501222494}