{"TR_hits1": 0.7791922739244952, "VL_hits1": 0.7844600526777875, "TR_hits10": 0.7175438596491228, "VL_hits10": 0.7666666666666667}