{"TR_hits1": 0.44741235392320533, "VL_hits1": 0.4507512520868113, "TR_hits10": 0.2733333333333333, "VL_hits10": 0.32}