{"TR_hits1": 0.48919753086419754, "VL_hits1": 0.48148148148148145, "TR_hits10": 0.5864197530864198, "VL_hits10": 0.5617283950617284}