{"TR_hits1": 0.5385802469135802, "VL_hits1": 0.6234567901234568, "TR_hits10": 0.4567901234567901, "VL_hits10": 0.5864197530864198}