{"TR_hits1": 0.6151820974111453, "VL_hits1": 0.6270293988591488, "TR_hits10": 0.49298245614035086, "VL_hits10": 0.531578947368421}