{"TR_hits1": 0.4604200323101777, "VL_hits1": 0.432258064516129, "TR_hits10": 0.49434571890145396, "VL_hits10": 0.5032258064516129}