{"TR_hits1": 0.25707547169811323, "VL_hits1": 0.15492957746478872, "TR_hits10": 0.2653301886792453, "VL_hits10": 0.20187793427230047}