{"TR_hits1": 0.41273584905660377, "VL_hits1": 0.3145539906103286, "TR_hits10": 0.4233490566037736, "VL_hits10": 0.38967136150234744}