{"TR_hits1": 0.211864406779661, "VL_hits1": 0.2463768115942029, "TR_hits10": 0.24092009685230023, "VL_hits10": 0.2753623188405797}