{"TR_hits1": 0.3761574074074074, "VL_hits1": 0.32407407407407407, "TR_hits10": 0.39467592592592593, "VL_hits10": 0.3888888888888889}