{"TR_hits1": 0.66900790166813, "VL_hits1": 0.684811237928007, "TR_hits10": 0.6210526315789474, "VL_hits10": 0.6543859649122807}