{"TR_hits1": 0.5452151009657594, "VL_hits1": 0.5526777875329236, "TR_hits10": 0.5175438596491229, "VL_hits10": 0.531578947368421}