{"TR_hits1": 0.7716049382716049, "VL_hits1": 0.8040123456790124, "TR_hits10": 0.47530864197530864, "VL_hits10": 0.7654320987654321}