{"TR_hits1": 0.9062170706006323, "VL_hits1": 0.6764705882352942, "TR_hits10": 0.9336143308746049, "VL_hits10": 0.9033613445378151}