{"TR_hits1": 0.5184404636459431, "VL_hits1": 0.5, "TR_hits10": 0.5732349841938883, "VL_hits10": 0.542016806722689}