{"TR_hits1": 0.7326602282704127, "VL_hits1": 0.7440737489025461, "TR_hits10": 0.6508771929824562, "VL_hits10": 0.7105263157894737}