{"TR_hits1": 0.9325842696629213, "VL_hits1": 0.9480337078651685, "TR_hits10": 0.7528089887640449, "VL_hits10": 0.9213483146067416}