{"TR_hits1": 0.7168568920105356, "VL_hits1": 0.7251975417032485, "TR_hits10": 0.6526315789473685, "VL_hits10": 0.7105263157894737}