{"TR_hits1": 0.5974539069359087, "VL_hits1": 0.6000877963125548, "TR_hits10": 0.5631578947368421, "VL_hits10": 0.5842105263157895}