{"TR_hits1": 0.7133450395083406, "VL_hits1": 0.7383669885864794, "TR_hits10": 0.6473684210526316, "VL_hits10": 0.6947368421052632}