{"TR_hits1": 0.92756804214223, "VL_hits1": 0.9556628621597892, "TR_hits10": 0.8017543859649123, "VL_hits10": 0.9491228070175438}