{"TR_hits1": 0.19117647058823528, "VL_hits1": 0.06722689075630252, "TR_hits10": 0.21008403361344538, "VL_hits10": 0.15126050420168066}