{"TR_hits1": 0.7108886107634543, "VL_hits1": 0.375, "TR_hits10": 0.7672090112640801, "VL_hits10": 0.68}