{"TR_hits1": 0.4257703081232493, "VL_hits1": 0.44397759103641454, "TR_hits10": 0.30726256983240224, "VL_hits10": 0.3743016759776536}