{"TR_hits1": 0.4669811320754717, "VL_hits1": 0.27699530516431925, "TR_hits10": 0.4716981132075472, "VL_hits10": 0.352112676056338}