{"TR_hits1": 0.3382352941176471, "VL_hits1": 0.28991596638655465, "TR_hits10": 0.3707983193277311, "VL_hits10": 0.35294117647058826}