{"TR_hits1": 0.7128851540616247, "VL_hits1": 0.7170868347338936, "TR_hits10": 0.5642458100558659, "VL_hits10": 0.6759776536312849}