{"TR_hits1": 0.3609022556390977, "VL_hits1": 0.37, "TR_hits10": 0.40100250626566414, "VL_hits10": 0.44}