{"TR_hits1": 0.2179176755447942, "VL_hits1": 0.18357487922705315, "TR_hits10": 0.28329297820823246, "VL_hits10": 0.2608695652173913}