{"TR_hits1": 0.8932584269662921, "VL_hits1": 0.9283707865168539, "TR_hits10": 0.7247191011235955, "VL_hits10": 0.9101123595505618}