{"TR_hits1": 0.5672268907563025, "VL_hits1": 0.542016806722689, "TR_hits10": 0.6176470588235294, "VL_hits10": 0.5966386554621849}