{"TR_hits1": 0.9451273046532046, "VL_hits1": 0.9534679543459175, "TR_hits10": 0.7614035087719299, "VL_hits10": 0.9175438596491228}