{"TR_hits1": 0.4824561403508772, "VL_hits1": 0.45, "TR_hits10": 0.5225563909774437, "VL_hits10": 0.515}