{"TR_hits1": 0.44727272727272727, "VL_hits1": 0.391304347826087, "TR_hits10": 0.5078787878787879, "VL_hits10": 0.45410628019323673}