{"TR_hits1": 0.23404255319148937, "VL_hits1": 0.17, "TR_hits10": 0.2853566958698373, "VL_hits10": 0.245}