{"TR_hits1": 0.549636803874092, "VL_hits1": 0.46859903381642515, "TR_hits10": 0.5702179176755447, "VL_hits10": 0.5555555555555556}