{"TR_hits1": 0.5049088359046283, "VL_hits1": 0.5792426367461431, "TR_hits10": 0.4581005586592179, "VL_hits10": 0.5139664804469274}