{"TR_hits1": 0.6071428571428571, "VL_hits1": 0.5042016806722689, "TR_hits10": 0.6228991596638656, "VL_hits10": 0.5672268907563025}