{"TR_hits1": 0.6364594309799789, "VL_hits1": 0.5336134453781513, "TR_hits10": 0.642781875658588, "VL_hits10": 0.5630252100840336}