{"TR_hits1": 0.4092009685230024, "VL_hits1": 0.3864734299516908, "TR_hits10": 0.47578692493946734, "VL_hits10": 0.463768115942029}