{"TR_hits1": 0.8770571151984511, "TS_hits1": 0.5702712222613596, "TR_hits10": 0.9370764762826719, "TS_hits10": 0.6692497358224727}