{"TR_hits1": 0.5141903171953256, "VL_hits1": 0.5325542570951586, "TR_hits10": 0.41333333333333333, "VL_hits10": 0.4666666666666667}