{"TR_hits1": 0.7067415730337079, "TS_hits1": 0.6694629615759119, "TR_hits10": 0.7876404494382022, "TS_hits10": 0.7603175792075499}