{"TR_hits1": 0.5602240896358543, "VL_hits1": 0.5784313725490197, "TR_hits10": 0.5642458100558659, "VL_hits10": 0.5754189944134078}