{"TR_hits1": 0.04726890756302521, "VL_hits1": 0.0546218487394958, "TR_hits10": 0.08508403361344538, "VL_hits10": 0.10504201680672269}