{"TR_hits1": 0.2967515364354697, "VL_hits1": 0.33845478489903424, "TR_hits10": 0.28771929824561404, "VL_hits10": 0.3543859649122807}