{"TR_hits1": 0.5375164545853445, "VL_hits1": 0.5519964896884598, "TR_hits10": 0.5298245614035088, "VL_hits10": 0.5368421052631579}