{"TR_hits1": 0.5126404494382022, "VL_hits1": 0.5363128491620112, "TR_hits10": 0.5898876404494382, "VL_hits10": 0.6256983240223464}