{"TR_hits1": 0.4073748902546093, "VL_hits1": 0.4231782265144864, "TR_hits10": 0.4105263157894737, "VL_hits10": 0.4280701754385965}