{"TR_hits1": 0.32554257095158595, "VL_hits1": 0.3656093489148581, "TR_hits10": 0.20666666666666667, "VL_hits10": 0.24666666666666667}