{"TR_hits1": 0.82141290039491, "VL_hits1": 0.8258007898200965, "TR_hits10": 0.743859649122807, "VL_hits10": 0.7859649122807018}