{"TR_hits1": 0.5110642781875658, "VL_hits1": 0.5462184873949579, "TR_hits10": 0.5426765015806112, "VL_hits10": 0.5798319327731093}