{"TR_hits1": 0.5619747899159664, "VL_hits1": 0.5252100840336135, "TR_hits10": 0.6207983193277311, "VL_hits10": 0.5798319327731093}