{"TR_hits1": 0.31957547169811323, "VL_hits1": 0.30985915492957744, "TR_hits10": 0.33726415094339623, "VL_hits10": 0.37089201877934275}