{"TR_hits1": 0.7734668335419274, "VL_hits1": 0.48, "TR_hits10": 0.8010012515644556, "VL_hits10": 0.755}