{"TR_hits1": 0.5193704600484261, "VL_hits1": 0.4492753623188406, "TR_hits10": 0.5871670702179177, "VL_hits10": 0.5024154589371981}