{"TR_hits1": 0.7748024582967515, "VL_hits1": 0.7848990342405618, "TR_hits10": 0.7210526315789474, "VL_hits10": 0.787719298245614}