{"TR_hits1": 0.3572621035058431, "VL_hits1": 0.44073455759599334, "TR_hits10": 0.30666666666666664, "VL_hits10": 0.35333333333333333}