{"TR_hits1": 0.8206785137318255, "VL_hits1": 0.8239095315024233, "TR_hits10": 0.45806451612903226, "VL_hits10": 0.6903225806451613}