{"TR_hits1": 0.2240566037735849, "VL_hits1": 0.1784037558685446, "TR_hits10": 0.27240566037735847, "VL_hits10": 0.215962441314554}