{"TR_hits1": 0.612379280070237, "VL_hits1": 0.6343283582089553, "TR_hits10": 0.5649122807017544, "VL_hits10": 0.624561403508772}