{"TR_hits1": 0.3758765778401122, "VL_hits1": 0.46563814866760167, "TR_hits10": 0.3463687150837989, "VL_hits10": 0.4245810055865922}