{"TR_hits1": 0.5795574288724974, "VL_hits1": 0.5672268907563025, "TR_hits10": 0.6195995785036881, "VL_hits10": 0.6008403361344538}