{"TR_hits1": 0.5862552594670407, "VL_hits1": 0.5890603085553997, "TR_hits10": 0.4972067039106145, "VL_hits10": 0.5195530726256983}