{"TR_hits1": 0.42452830188679247, "VL_hits1": 0.30985915492957744, "TR_hits10": 0.45047169811320753, "VL_hits10": 0.3380281690140845}