{"TR_hits1": 0.9775280898876404, "VL_hits1": 0.9803370786516854, "TR_hits10": 0.8100558659217877, "VL_hits10": 0.9329608938547486}