{"TR_hits1": 0.33608490566037735, "VL_hits1": 0.3145539906103286, "TR_hits10": 0.3608490566037736, "VL_hits10": 0.38497652582159625}