{"TR_hits1": 0.6115013169446883, "VL_hits1": 0.6268656716417911, "TR_hits10": 0.5754385964912281, "VL_hits10": 0.6175438596491228}