{"TR_hits1": 0.5449758666081614, "VL_hits1": 0.5989469065379552, "TR_hits10": 0.5070175438596491, "VL_hits10": 0.5666666666666667}