{"TR_hits1": 0.6241234221598878, "VL_hits1": 0.6367461430575035, "TR_hits10": 0.5586592178770949, "VL_hits10": 0.6201117318435754}