{"TR_hits1": 0.8796296296296297, "VL_hits1": 0.9228395061728395, "TR_hits10": 0.5925925925925926, "VL_hits10": 0.8209876543209876}