{"TR_hits1": 0.9663865546218487, "VL_hits1": 0.9817927170868347, "TR_hits10": 0.7653631284916201, "VL_hits10": 0.8994413407821229}