{"TR_hits1": 0.8597662771285476, "VL_hits1": 0.8631051752921536, "TR_hits10": 0.5866666666666667, "VL_hits10": 0.82}