{"TR_hits1": 0.5652173913043478, "VL_hits1": 0.6269284712482468, "TR_hits10": 0.5810055865921788, "VL_hits10": 0.664804469273743}