{"TR_hits1": 0.6874451273046532, "VL_hits1": 0.6887620719929763, "TR_hits10": 0.6385964912280702, "VL_hits10": 0.6666666666666666}