{"TR_hits1": 0.4009433962264151, "VL_hits1": 0.3875, "TR_hits10": 0.5031446540880503, "VL_hits10": 0.4875}