{"TR_hits1": 0.41308165057067603, "VL_hits1": 0.42712906057945565, "TR_hits10": 0.3701754385964912, "VL_hits10": 0.4017543859649123}