{"TR_hits1": 0.809748427672956, "VL_hits1": 0.8584905660377359, "TR_hits10": 0.4375, "VL_hits10": 0.7375}