{"TR_hits1": 0.5315568022440392, "VL_hits1": 0.5027932960893855, "TR_hits10": 0.6143057503506312, "VL_hits10": 0.5642458100558659}