{"TR_hits1": 0.6844319775596073, "VL_hits1": 0.7068723702664796, "TR_hits10": 0.5754189944134078, "VL_hits10": 0.6201117318435754}