{"TR_hits1": 0.7748024582967515, "VL_hits1": 0.7756804214223003, "TR_hits10": 0.6947368421052632, "VL_hits10": 0.7385964912280701}