{"TR_hits1": 0.41391509433962265, "VL_hits1": 0.41784037558685444, "TR_hits10": 0.44575471698113206, "VL_hits10": 0.431924882629108}