{"TR_hits1": 0.5662862159789289, "VL_hits1": 0.57243195785777, "TR_hits10": 0.531578947368421, "VL_hits10": 0.5596491228070175}