{"TR_hits1": 0.5247629083245522, "VL_hits1": 0.47478991596638653, "TR_hits10": 0.5258166491043204, "VL_hits10": 0.48739495798319327}