{"TR_hits1": 0.2962962962962963, "VL_hits1": 0.2638888888888889, "TR_hits10": 0.3287037037037037, "VL_hits10": 0.32407407407407407}