{"TR_hits1": 0.45722300140252453, "VL_hits1": 0.4726507713884993, "TR_hits10": 0.4301675977653631, "VL_hits10": 0.4581005586592179}