{"TR_hits1": 0.31719532554257096, "VL_hits1": 0.35392320534223703, "TR_hits10": 0.36, "VL_hits10": 0.41333333333333333}