{"TR_hits1": 0.17099056603773585, "VL_hits1": 0.1267605633802817, "TR_hits10": 0.1875, "VL_hits10": 0.1596244131455399}