{"TR_hits1": 0.24040066777963273, "VL_hits1": 0.28046744574290483, "TR_hits10": 0.2, "VL_hits10": 0.22666666666666666}