{"TR_hits1": 0.8639157155399473, "VL_hits1": 0.8652326602282704, "TR_hits10": 0.756140350877193, "VL_hits10": 0.7929824561403509}