{"TR_hits1": 0.8823529411764706, "VL_hits1": 0.9243697478991597, "TR_hits10": 0.7988826815642458, "VL_hits10": 0.9441340782122905}