{"TR_hits1": 0.3121869782971619, "VL_hits1": 0.32387312186978295, "TR_hits10": 0.26666666666666666, "VL_hits10": 0.29333333333333333}