{"TR_hits1": 0.32045654082528535, "VL_hits1": 0.3410886742756804, "TR_hits10": 0.24912280701754386, "VL_hits10": 0.2912280701754386}