{"TR_hits1": 0.37797246558197745, "VL_hits1": 0.415, "TR_hits10": 0.42052565707133915, "VL_hits10": 0.47}