{"TR_hits1": 0.5449758666081614, "VL_hits1": 0.5498025449758666, "TR_hits10": 0.5263157894736842, "VL_hits10": 0.531578947368421}