{"TR_hits1": 0.5840336134453782, "VL_hits1": 0.5504201680672269, "TR_hits10": 0.6260504201680672, "VL_hits10": 0.5798319327731093}