{"TR_hits1": 0.7123287671232876, "VL_hits1": 0.6596638655462185, "TR_hits10": 0.7312961011591148, "VL_hits10": 0.6932773109243697}