{"TR_hits1": 0.7932098765432098, "VL_hits1": 0.8348765432098766, "TR_hits10": 0.5740740740740741, "VL_hits10": 0.7777777777777778}