{"TR_hits1": 0.7371654234313295, "VL_hits1": 0.749012724879333, "TR_hits10": 0.6263157894736842, "VL_hits10": 0.7}