{"TR_hits1": 0.30031612223393045, "VL_hits1": 0.19327731092436976, "TR_hits10": 0.3361433087460485, "VL_hits10": 0.2605042016806723}