{"TR_hits1": 0.7762938230383973, "VL_hits1": 0.8013355592654424, "TR_hits10": 0.5733333333333334, "VL_hits10": 0.8333333333333334}