{"TR_hits1": 0.3582718651211802, "VL_hits1": 0.3067226890756303, "TR_hits10": 0.38777660695468913, "VL_hits10": 0.36554621848739494}