{"TR_hits1": 0.7979966611018364, "VL_hits1": 0.8030050083472454, "TR_hits10": 0.5266666666666666, "VL_hits10": 0.7866666666666666}