{"TR_hits1": 0.7611940298507462, "VL_hits1": 0.7739244951712028, "TR_hits10": 0.6578947368421053, "VL_hits10": 0.7210526315789474}