{"TR_hits1": 0.6680716543730242, "VL_hits1": 0.5672268907563025, "TR_hits10": 0.6701791359325606, "VL_hits10": 0.5882352941176471}