{"TR_hits1": 0.8611500701262272, "VL_hits1": 0.9032258064516129, "TR_hits10": 0.6480446927374302, "VL_hits10": 0.888268156424581}