{"TR_hits1": 0.8930817610062893, "VL_hits1": 0.89937106918239, "TR_hits10": 0.525, "VL_hits10": 0.83125}