{"TR_hits1": 0.8124410933081998, "TS_hits1": 0.4692024329649619, "TR_hits10": 0.94062205466541, "TS_hits10": 0.7934549815814272}