{"TR_hits1": 0.7225636523266022, "VL_hits1": 0.7309043020193152, "TR_hits10": 0.6684210526315789, "VL_hits10": 0.6982456140350877}