{"TR_hits1": 0.2033898305084746, "VL_hits1": 0.18357487922705315, "TR_hits10": 0.23002421307506055, "VL_hits10": 0.23671497584541062}