{"TR_hits1": 0.3814866760168303, "VL_hits1": 0.4067321178120617, "TR_hits10": 0.31843575418994413, "VL_hits10": 0.3743016759776536}