{"TR_hits1": 0.38564273789649417, "VL_hits1": 0.44407345575959933, "TR_hits10": 0.36, "VL_hits10": 0.4666666666666667}