{"TR_hits1": 0.7936786654960492, "VL_hits1": 0.8037752414398596, "TR_hits10": 0.6964912280701754, "VL_hits10": 0.756140350877193}