{"TR_hits1": 0.7506584723441615, "VL_hits1": 0.7550482879719052, "TR_hits10": 0.6842105263157895, "VL_hits10": 0.7298245614035088}