{"TR_hits1": 0.5348837209302325, "VL_hits1": 0.5401491882404563, "TR_hits10": 0.5105263157894737, "VL_hits10": 0.5157894736842106}