{"TR_hits1": 0.3672787979966611, "VL_hits1": 0.3772954924874791, "TR_hits10": 0.29333333333333333, "VL_hits10": 0.3}