{"TR_hits1": 0.7304653204565408, "VL_hits1": 0.7410008779631255, "TR_hits10": 0.6456140350877193, "VL_hits10": 0.6807017543859649}