{"TR_hits1": 0.40606060606060607, "VL_hits1": 0.43478260869565216, "TR_hits10": 0.47878787878787876, "VL_hits10": 0.5458937198067633}