{"TR_hits1": 0.20534223706176963, "VL_hits1": 0.2337228714524207, "TR_hits10": 0.18, "VL_hits10": 0.24666666666666667}