{"TR_hits1": 0.8464106844741235, "VL_hits1": 0.8714524207011686, "TR_hits10": 0.5466666666666666, "VL_hits10": 0.8}