{"TR_hits1": 0.1391509433962264, "VL_hits1": 0.107981220657277, "TR_hits10": 0.16627358490566038, "VL_hits10": 0.1643192488262911}