{"TR_hits1": 0.8384831460674157, "VL_hits1": 0.9058988764044944, "TR_hits10": 0.6741573033707865, "VL_hits10": 0.9044943820224719}