{"TR_hits1": 0.6292134831460674, "VL_hits1": 0.5842696629213483, "TR_hits10": 0.6643258426966292, "VL_hits10": 0.6348314606741573}