{"TR_hits1": 0.3125, "VL_hits1": 0.24537037037037038, "TR_hits10": 0.34837962962962965, "VL_hits10": 0.3333333333333333}