{"TR_hits1": 0.8888888888888888, "VL_hits1": 0.9058641975308642, "TR_hits10": 0.5925925925925926, "VL_hits10": 0.8580246913580247}