{"TR_hits1": 0.43687374749499, "TS_hits1": 0.3365498406918525, "TR_hits10": 0.45090180360721444, "TS_hits10": 0.4272189349112426}