{"TR_hits1": 0.2107481559536354, "VL_hits1": 0.12605042016806722, "TR_hits10": 0.22128556375131717, "VL_hits10": 0.17647058823529413}