{"TR_hits1": 0.6356453028972783, "VL_hits1": 0.6417910447761194, "TR_hits10": 0.5666666666666667, "VL_hits10": 0.5877192982456141}