{"TR_hits1": 0.5463483146067416, "VL_hits1": 0.5337078651685393, "TR_hits10": 0.601123595505618, "VL_hits10": 0.5842696629213483}