{"TR_hits1": 0.5974754558204769, "VL_hits1": 0.6100981767180925, "TR_hits10": 0.5251396648044693, "VL_hits10": 0.5586592178770949}