{"TR_hits1": 0.6882716049382716, "VL_hits1": 0.7191358024691358, "TR_hits10": 0.5246913580246914, "VL_hits10": 0.7407407407407407}