{"TR_hits1": 0.5871670702179177, "VL_hits1": 0.4396135265700483, "TR_hits10": 0.6186440677966102, "VL_hits10": 0.4975845410628019}