{"TR_hits1": 0.3856942496493689, "VL_hits1": 0.391304347826087, "TR_hits10": 0.329608938547486, "VL_hits10": 0.35195530726256985}