{"TR_hits1": 0.42237061769616024, "VL_hits1": 0.5342237061769616, "TR_hits10": 0.44, "VL_hits10": 0.52}