{"TR_hits1": 0.938375350140056, "VL_hits1": 0.9411764705882353, "TR_hits10": 0.7206703910614525, "VL_hits10": 0.9441340782122905}