{"TR_hits1": 0.9122036874451273, "VL_hits1": 0.9411764705882353, "TR_hits10": 0.7789473684210526, "VL_hits10": 0.9245614035087719}