{"TR_hits1": 0.6940298507462687, "VL_hits1": 0.707638279192274, "TR_hits10": 0.6368421052631579, "VL_hits10": 0.6894736842105263}