{"TR_hits1": 0.8235294117647058, "VL_hits1": 0.8263305322128851, "TR_hits10": 0.6927374301675978, "VL_hits10": 0.7318435754189944}