{"TR_hits1": 0.8345765686704695, "VL_hits1": 0.8486178148310662, "TR_hits10": 0.7473684210526316, "VL_hits10": 0.7894736842105263}