{"TR_hits1": 0.6044776119402985, "VL_hits1": 0.6066725197541704, "TR_hits10": 0.5491228070175439, "VL_hits10": 0.5719298245614035}