{"TR_hits1": 0.18523153942428036, "VL_hits1": 0.215, "TR_hits10": 0.21526908635794745, "VL_hits10": 0.255}