{"TR_hits1": 0.3627797408716137, "VL_hits1": 0.25821596244131456, "TR_hits10": 0.38987043580683156, "VL_hits10": 0.3474178403755869}