{"TR_hits1": 0.4012605042016807, "VL_hits1": 0.36554621848739494, "TR_hits10": 0.43067226890756305, "VL_hits10": 0.39915966386554624}