{"TR_hits1": 0.8366701791359326, "VL_hits1": 0.5546218487394958, "TR_hits10": 0.8746048472075869, "VL_hits10": 0.8571428571428571}