{"TR_hits1": 0.4474789915966387, "VL_hits1": 0.39915966386554624, "TR_hits10": 0.4852941176470588, "VL_hits10": 0.4789915966386555}