{"TR_hits1": 0.32387312186978295, "VL_hits1": 0.3722871452420701, "TR_hits10": 0.2866666666666667, "VL_hits10": 0.34}