{"TR_hits1": 0.8271604938271605, "VL_hits1": 0.8503086419753086, "TR_hits10": 0.5, "VL_hits10": 0.7716049382716049}