{"TR_hits1": 0.4305750350631136, "VL_hits1": 0.4375876577840112, "TR_hits10": 0.39106145251396646, "VL_hits10": 0.41899441340782123}