{"TR_hits1": 0.9242636746143057, "VL_hits1": 0.9424964936886395, "TR_hits10": 0.7318435754189944, "VL_hits10": 0.9273743016759777}