{"TR_hits1": 0.3606010016694491, "VL_hits1": 0.39398998330550916, "TR_hits10": 0.26, "VL_hits10": 0.34}