{"TR_hits1": 0.6395961369622476, "VL_hits1": 0.6514486391571555, "TR_hits10": 0.5666666666666667, "VL_hits10": 0.6087719298245614}