{"TR_hits1": 0.35921205098493625, "VL_hits1": 0.21296296296296297, "TR_hits10": 0.3650057937427578, "VL_hits10": 0.26851851851851855}