{"TR_hits1": 0.2838063439065108, "VL_hits1": 0.335559265442404, "TR_hits10": 0.2733333333333333, "VL_hits10": 0.31333333333333335}