{"TR_hits1": 0.5960729312762973, "VL_hits1": 0.6044880785413744, "TR_hits10": 0.5083798882681564, "VL_hits10": 0.5586592178770949}