{"TR_hits1": 0.7829716193656093, "VL_hits1": 0.7963272120200334, "TR_hits10": 0.4533333333333333, "VL_hits10": 0.8066666666666666}