{"TR_hits1": 0.508641975308642, "TS_hits1": 0.2589726703984195, "TR_hits10": 0.7777777777777778, "TS_hits10": 0.5607507408626935}