{"TR_hits1": 0.9777777777777777, "TS_hits1": 0.9987654320987654, "TR_hits10": 0.6354955548238393, "TS_hits10": 0.8617879486335199}