{"TR_hits1": 0.7391975308641975, "VL_hits1": 0.7669753086419753, "TR_hits10": 0.48148148148148145, "VL_hits10": 0.7592592592592593}