{"TR_hits1": 0.7519754170324846, "VL_hits1": 0.7633889376646181, "TR_hits10": 0.6105263157894737, "VL_hits10": 0.6929824561403509}