{"TR_hits1": 0.7054698457223001, "VL_hits1": 0.7110799438990182, "TR_hits10": 0.6256983240223464, "VL_hits10": 0.6703910614525139}