{"TR_hits1": 0.3897058823529412, "VL_hits1": 0.29411764705882354, "TR_hits10": 0.42331932773109243, "VL_hits10": 0.3487394957983193}