{"TR_hits1": 0.9060159176029963, "TS_hits1": 0.9111657303370787, "TR_hits10": 0.7429708300418385, "TS_hits10": 0.792211591913163}