{"TR_hits1": 0.4811320754716981, "VL_hits1": 0.4084507042253521, "TR_hits10": 0.5, "VL_hits10": 0.45539906103286387}