{"TR_hits1": 0.8779631255487269, "VL_hits1": 0.9389815627743635, "TR_hits10": 0.7771929824561403, "VL_hits10": 0.9368421052631579}