{"TR_hits1": 0.037868162692847124, "VL_hits1": 0.091164095371669, "TR_hits10": 0.0, "VL_hits10": 0.00558659217877095}