{"TR_hits1": 0.6088328075709779, "VL_hits1": 0.542016806722689, "TR_hits10": 0.6256572029442692, "VL_hits10": 0.5882352941176471}