{"TR_hits1": 0.28711484593837533, "VL_hits1": 0.33053221288515405, "TR_hits10": 0.26256983240223464, "VL_hits10": 0.3128491620111732}