{"TR_hits1": 0.9266900790166813, "VL_hits1": 0.9525899912203687, "TR_hits10": 0.7964912280701755, "VL_hits10": 0.9333333333333333}