{"TR_hits1": 0.41068447412353926, "VL_hits1": 0.49248747913188645, "TR_hits10": 0.4266666666666667, "VL_hits10": 0.49333333333333335}