{"TR_hits1": 0.5030728709394205, "VL_hits1": 0.5245829675153644, "TR_hits10": 0.443859649122807, "VL_hits10": 0.48771929824561405}