{"TR_hits1": 0.4820393974507532, "VL_hits1": 0.44907407407407407, "TR_hits10": 0.5724217844727694, "VL_hits10": 0.5370370370370371}