{"TR_hits1": 0.2644110275689223, "VL_hits1": 0.245, "TR_hits10": 0.2807017543859649, "VL_hits10": 0.305}