{"TR_hits1": 0.602721685689201, "VL_hits1": 0.6066725197541704, "TR_hits10": 0.5350877192982456, "VL_hits10": 0.5631578947368421}