{"TR_hits1": 0.22397094430992737, "VL_hits1": 0.18357487922705315, "TR_hits10": 0.2711864406779661, "VL_hits10": 0.2463768115942029}