{"TR_hits1": 0.4464075382803298, "VL_hits1": 0.36619718309859156, "TR_hits10": 0.4829210836277974, "VL_hits10": 0.39906103286384975}