{"TR_hits1": 0.9257703081232493, "VL_hits1": 0.9453781512605042, "TR_hits10": 0.6480446927374302, "VL_hits10": 0.8547486033519553}