{"TR_hits1": 0.3772954924874791, "VL_hits1": 0.38564273789649417, "TR_hits10": 0.34, "VL_hits10": 0.36}