{"TR_hits1": 0.5358931552587646, "VL_hits1": 0.5442404006677797, "TR_hits10": 0.5133333333333333, "VL_hits10": 0.54}