{"TR_hits1": 0.3611111111111111, "VL_hits1": 0.3194444444444444, "TR_hits10": 0.38425925925925924, "VL_hits10": 0.3888888888888889}