{"TR_hits1": 0.6382978723404256, "VL_hits1": 0.295, "TR_hits10": 0.6583229036295369, "VL_hits10": 0.5}