{"TR_hits1": 0.7981570864414217, "VL_hits1": 0.806494076349276, "TR_hits10": 0.7087719298245614, "VL_hits10": 0.7385964912280701}