{"TR_hits1": 0.6064814814814815, "VL_hits1": 0.375, "TR_hits10": 0.6608796296296297, "VL_hits10": 0.6388888888888888}