{"TR_hits1": 0.38366988586479367, "VL_hits1": 0.4543459174714662, "TR_hits10": 0.38421052631578945, "VL_hits10": 0.4649122807017544}