{"TR_hits1": 0.9074333800841514, "VL_hits1": 0.9214586255259467, "TR_hits10": 0.6201117318435754, "VL_hits10": 0.8770949720670391}