{"TR_hits1": 0.1702127659574468, "VL_hits1": 0.165, "TR_hits10": 0.20525657071339173, "VL_hits10": 0.205}