{"TR_hits1": 0.5324846356453029, "VL_hits1": 0.591747146619842, "TR_hits10": 0.5175438596491229, "VL_hits10": 0.5824561403508772}