{"TR_hits1": 0.7883683360258481, "VL_hits1": 0.8093699515347335, "TR_hits10": 0.4838709677419355, "VL_hits10": 0.7483870967741936}