{"TR_hits1": 0.9069359086918349, "VL_hits1": 0.9367866549604916, "TR_hits10": 0.7649122807017544, "VL_hits10": 0.9298245614035088}