{"TR_hits1": 0.8960674157303371, "VL_hits1": 0.9171348314606742, "TR_hits10": 0.702247191011236, "VL_hits10": 0.8820224719101124}