{"TR_hits1": 0.8247078464106845, "VL_hits1": 0.8330550918196995, "TR_hits10": 0.5333333333333333, "VL_hits10": 0.7933333333333333}