{"TR_hits1": 0.8997472620050547, "TS_hits1": 0.7653592768500077, "TR_hits10": 0.9385004212299916, "TS_hits10": 0.8172973801133752}