{"TR_hits1": 0.5263388937664618, "VL_hits1": 0.5956979806848113, "TR_hits10": 0.5280701754385965, "VL_hits10": 0.5912280701754385}