{"TR_hits1": 0.8518518518518519, "VL_hits1": 0.8780864197530864, "TR_hits10": 0.5679012345679012, "VL_hits10": 0.8209876543209876}