{"TR_hits1": 0.8731218697829716, "VL_hits1": 0.8848080133555927, "TR_hits10": 0.5466666666666666, "VL_hits10": 0.8333333333333334}