{"TR_hits1": 0.03393939393939394, "VL_hits1": 0.014492753623188406, "TR_hits10": 0.037575757575757575, "VL_hits10": 0.028985507246376812}