{"TR_hits1": 0.7994734532689777, "VL_hits1": 0.8021061869240895, "TR_hits10": 0.6964912280701754, "VL_hits10": 0.7315789473684211}