{"TR_hits1": 0.9018232819074333, "VL_hits1": 0.9172510518934082, "TR_hits10": 0.6703910614525139, "VL_hits10": 0.9050279329608939}