{"TR_hits1": 0.3478787878787879, "VL_hits1": 0.28502415458937197, "TR_hits10": 0.3781818181818182, "VL_hits10": 0.3285024154589372}