{"TR_hits1": 0.7704402515723271, "VL_hits1": 0.85062893081761, "TR_hits10": 0.56875, "VL_hits10": 0.80625}