{"TR_hits1": 0.5209677419354839, "VL_hits1": 0.5419354838709678, "TR_hits10": 0.6129032258064516, "VL_hits10": 0.6129032258064516}