{"TR_hits1": 0.7946577629382304, "VL_hits1": 0.8414023372287145, "TR_hits10": 0.5066666666666667, "VL_hits10": 0.7666666666666667}