{"TR_hits1": 0.8213689482470785, "VL_hits1": 0.8430717863105175, "TR_hits10": 0.5133333333333333, "VL_hits10": 0.7733333333333333}