{"TR_hits1": 0.294811320754717, "VL_hits1": 0.29107981220657275, "TR_hits10": 0.31485849056603776, "VL_hits10": 0.3380281690140845}