{"TR_hits1": 0.43906510851419034, "VL_hits1": 0.44, "TR_hits10": 0.5342237061769616, "VL_hits10": 0.54}