{"TR_hits1": 0.5, "VL_hits1": 0.5098039215686274, "TR_hits10": 0.4692737430167598, "VL_hits10": 0.49162011173184356}