{"TR_hits1": 0.19031719532554256, "VL_hits1": 0.21035058430717862, "TR_hits10": 0.12, "VL_hits10": 0.13333333333333333}