{"TR_hits1": 0.48106591865357645, "VL_hits1": 0.4894810659186536, "TR_hits10": 0.4245810055865922, "VL_hits10": 0.45251396648044695}