{"TR_hits1": 0.15191986644407346, "VL_hits1": 0.17529215358931552, "TR_hits10": 0.12, "VL_hits10": 0.14666666666666667}