{"TR_hits1": 0.26851851851851855, "VL_hits1": 0.2638888888888889, "TR_hits10": 0.30439814814814814, "VL_hits10": 0.3287037037037037}