{"TR_hits1": 0.9148375768217735, "VL_hits1": 0.95171202809482, "TR_hits10": 0.8333333333333334, "VL_hits10": 0.9543859649122807}