{"TR_hits1": 0.5395083406496927, "VL_hits1": 0.5438981562774363, "TR_hits10": 0.5298245614035088, "VL_hits10": 0.5385964912280702}