{"TR_hits1": 0.49159663865546216, "VL_hits1": 0.5462184873949579, "TR_hits10": 0.5336134453781513, "VL_hits10": 0.5840336134453782}