{"TR_hits1": 0.9606741573033708, "VL_hits1": 0.9606741573033708, "TR_hits10": 0.7640449438202247, "VL_hits10": 0.9550561797752809}