{"TR_hits1": 0.21766561514195584, "VL_hits1": 0.22268907563025211, "TR_hits10": 0.2733964248159832, "VL_hits10": 0.28991596638655465}