{"TR_hits1": 0.8218218218218218, "TS_hits1": 0.4635833940276766, "TR_hits10": 0.94994994994995, "TS_hits10": 0.7622906045156591}