{"TR_hits1": 0.4290484140233723, "VL_hits1": 0.5575959933222037, "TR_hits10": 0.44666666666666666, "VL_hits10": 0.5266666666666666}