{"TR_hits1": 0.8414023372287145, "VL_hits1": 0.8631051752921536, "TR_hits10": 0.6266666666666667, "VL_hits10": 0.8733333333333333}