{"TR_hits1": 0.3340358271865121, "VL_hits1": 0.3025210084033613, "TR_hits10": 0.36880927291886195, "VL_hits10": 0.3487394957983193}