{"TR_hits1": 0.40813464235624125, "VL_hits1": 0.49368863955119213, "TR_hits10": 0.3407821229050279, "VL_hits10": 0.441340782122905}