{"TR_hits1": 0.9044943820224719, "VL_hits1": 0.9269662921348315, "TR_hits10": 0.7415730337078652, "VL_hits10": 0.9044943820224719}