{"TR_hits1": 0.7002801120448179, "VL_hits1": 0.7058823529411765, "TR_hits10": 0.5754189944134078, "VL_hits10": 0.6256983240223464}