{"TR_hits1": 0.6190476190476191, "VL_hits1": 0.5810055865921788, "TR_hits10": 0.7156862745098039, "VL_hits10": 0.6424581005586593}