{"TR_hits1": 0.9402985074626866, "VL_hits1": 0.9561018437225637, "TR_hits10": 0.7824561403508772, "VL_hits10": 0.9280701754385965}