{"TR_hits1": 0.9171348314606742, "VL_hits1": 0.9297752808988764, "TR_hits10": 0.6910112359550562, "VL_hits10": 0.8876404494382022}