{"TR_hits1": 0.8341377797279509, "VL_hits1": 0.8385256691531373, "TR_hits10": 0.7491228070175439, "VL_hits10": 0.7684210526315789}