{"TR_hits1": 0.3856132075471698, "VL_hits1": 0.37089201877934275, "TR_hits10": 0.4080188679245283, "VL_hits10": 0.4507042253521127}