{"TR_hits1": 0.7366720516962844, "VL_hits1": 0.778675282714055, "TR_hits10": 0.5806451612903226, "VL_hits10": 0.8}