{"TR_hits1": 0.7690956979806848, "VL_hits1": 0.7761194029850746, "TR_hits10": 0.7140350877192982, "VL_hits10": 0.7614035087719299}