{"TR_hits1": 0.7545909849749582, "VL_hits1": 0.8096828046744574, "TR_hits10": 0.44, "VL_hits10": 0.78}