{"TR_hits1": 0.3414351851851852, "VL_hits1": 0.375, "TR_hits10": 0.4305555555555556, "VL_hits10": 0.44907407407407407}