{"TR_hits1": 0.7512116316639742, "VL_hits1": 0.777059773828756, "TR_hits10": 0.4258064516129032, "VL_hits10": 0.7354838709677419}