{"TR_hits1": 0.48739495798319327, "VL_hits1": 0.49019607843137253, "TR_hits10": 0.4022346368715084, "VL_hits10": 0.4301675977653631}