{"TR_hits1": 0.9403361344537815, "TS_hits1": 0.6396423932146404, "TR_hits10": 0.9756302521008403, "TS_hits10": 0.8688775120348438}