{"TR_hits1": 0.4724540901502504, "VL_hits1": 0.4757929883138564, "TR_hits10": 0.36, "VL_hits10": 0.44666666666666666}