{"TR_hits1": 0.18756585879873552, "VL_hits1": 0.15126050420168066, "TR_hits10": 0.21812434141201265, "VL_hits10": 0.19747899159663865}