{"TR_hits1": 0.5362776025236593, "VL_hits1": 0.3949579831932773, "TR_hits10": 0.5415352260778128, "VL_hits10": 0.49159663865546216}