{"TR_hits1": 0.5434173669467787, "VL_hits1": 0.5434173669467787, "TR_hits10": 0.48044692737430167, "VL_hits10": 0.4972067039106145}