{"TR_hits1": 0.3066385669125395, "VL_hits1": 0.23949579831932774, "TR_hits10": 0.3329820864067439, "VL_hits10": 0.2857142857142857}