{"TR_hits1": 0.8981562774363476, "VL_hits1": 0.9363476733977173, "TR_hits10": 0.7789473684210526, "VL_hits10": 0.9298245614035088}