{"TR_hits1": 0.1939924906132666, "VL_hits1": 0.175, "TR_hits10": 0.2265331664580726, "VL_hits10": 0.25}