{"TR_hits1": 0.13909774436090225, "VL_hits1": 0.115, "TR_hits10": 0.20676691729323307, "VL_hits10": 0.19}