{"TR_hits1": 0.8710691823899371, "VL_hits1": 0.8789308176100629, "TR_hits10": 0.5220125786163522, "VL_hits10": 0.8301886792452831}