{"TR_hits1": 0.5496049165935031, "VL_hits1": 0.5610184372256365, "TR_hits10": 0.5578947368421052, "VL_hits10": 0.5736842105263158}