{"TR_hits1": 0.7675925925925926, "TS_hits1": 0.6109614413200876, "TR_hits10": 0.8712962962962963, "TS_hits10": 0.7117359824886345}