{"TR_hits1": 0.946277097078228, "TS_hits1": 0.5844255975327679, "TR_hits10": 0.9905749293119699, "TS_hits10": 0.8455409920328965}