{"TR_hits1": 0.49081803005008345, "VL_hits1": 0.4974958263772955, "TR_hits10": 0.3333333333333333, "VL_hits10": 0.35333333333333333}