{"TR_hits1": 0.4574290484140234, "VL_hits1": 0.46410684474123537, "TR_hits10": 0.31333333333333335, "VL_hits10": 0.31333333333333335}