{"TR_hits1": 0.5143929912390488, "VL_hits1": 0.44, "TR_hits10": 0.5319148936170213, "VL_hits10": 0.505}