{"TR_hits1": 0.4369747899159664, "VL_hits1": 0.4887955182072829, "TR_hits10": 0.4022346368715084, "VL_hits10": 0.4748603351955307}