{"TR_hits1": 0.7947530864197531, "VL_hits1": 0.816358024691358, "TR_hits10": 0.5432098765432098, "VL_hits10": 0.7654320987654321}