{"TR_hits1": 0.34243697478991597, "VL_hits1": 0.31932773109243695, "TR_hits10": 0.3792016806722689, "VL_hits10": 0.38235294117647056}