{"TR_hits1": 0.5118525021949079, "VL_hits1": 0.5939420544337137, "TR_hits10": 0.5140350877192983, "VL_hits10": 0.5842105263157895}