{"TR_hits1": 0.32053422370617696, "VL_hits1": 0.3572621035058431, "TR_hits10": 0.28, "VL_hits10": 0.32}