{"TR_hits1": 0.7722685388328214, "VL_hits1": 0.7784115840280825, "TR_hits10": 0.6824561403508772, "VL_hits10": 0.7017543859649122}