{"TR_hits1": 0.83109243697479, "TS_hits1": 0.4219454420417208, "TR_hits10": 0.8588235294117647, "TS_hits10": 0.7278979139604187}