{"TR_hits1": 0.42237061769616024, "VL_hits1": 0.46410684474123537, "TR_hits10": 0.2733333333333333, "VL_hits10": 0.3333333333333333}