{"TR_hits1": 0.21026282853566958, "VL_hits1": 0.23, "TR_hits10": 0.2390488110137672, "VL_hits10": 0.255}