{"TR_hits1": 0.6005267778753293, "VL_hits1": 0.6163301141352063, "TR_hits10": 0.5614035087719298, "VL_hits10": 0.5859649122807018}