{"TR_hits1": 0.3789649415692821, "VL_hits1": 0.4323873121869783, "TR_hits10": 0.32666666666666666, "VL_hits10": 0.36}