{"TR_hits1": 0.05070754716981132, "VL_hits1": 0.023474178403755867, "TR_hits10": 0.08608490566037735, "VL_hits10": 0.056338028169014086}