{"TR_hits1": 0.8736310025273799, "TS_hits1": 0.7654358817220775, "TR_hits10": 0.9241786015164279, "TS_hits10": 0.8292477401562739}