{"TR_hits1": 0.630801687763713, "VL_hits1": 0.5504201680672269, "TR_hits10": 0.6413502109704642, "VL_hits10": 0.5966386554621849}