{"TR_hits1": 0.29411764705882354, "VL_hits1": 0.10084033613445378, "TR_hits10": 0.3329831932773109, "VL_hits10": 0.2605042016806723}