{"TR_hits1": 0.9280070237050044, "VL_hits1": 0.9591747146619842, "TR_hits10": 0.8421052631578947, "VL_hits10": 0.9631578947368421}