{"TR_hits1": 0.5136554621848739, "VL_hits1": 0.5126050420168067, "TR_hits10": 0.5315126050420168, "VL_hits10": 0.542016806722689}