{"TR_hits1": 0.3856132075471698, "VL_hits1": 0.3474178403755869, "TR_hits10": 0.43160377358490565, "VL_hits10": 0.41784037558685444}