{"TR_hits1": 0.925561797752809, "VL_hits1": 0.9410112359550562, "TR_hits10": 0.7471910112359551, "VL_hits10": 0.9213483146067416}