{"TR_hits1": 0.6199158485273493, "VL_hits1": 0.638148667601683, "TR_hits10": 0.5921787709497207, "VL_hits10": 0.6536312849162011}