{"TR_hits1": 0.20802005012531327, "VL_hits1": 0.175, "TR_hits10": 0.23182957393483708, "VL_hits10": 0.23}