{"TR_hits1": 0.2641509433962264, "VL_hits1": 0.3004694835680751, "TR_hits10": 0.29952830188679247, "VL_hits10": 0.3380281690140845}