{"TR_hits1": 0.8061389337641357, "VL_hits1": 0.8061389337641357, "TR_hits10": 0.41935483870967744, "VL_hits10": 0.7354838709677419}