{"TR_hits1": 0.8077544426494345, "VL_hits1": 0.8384491114701131, "TR_hits10": 0.4774193548387097, "VL_hits10": 0.7483870967741936}