{"TR_hits1": 0.3939393939393939, "VL_hits1": 0.3333333333333333, "TR_hits10": 0.4618181818181818, "VL_hits10": 0.37681159420289856}