{"TR_hits1": 0.60450563204005, "VL_hits1": 0.535, "TR_hits10": 0.6508135168961201, "VL_hits10": 0.62}