{"TR_hits1": 0.7884108867427568, "VL_hits1": 0.8015803336259877, "TR_hits10": 0.7263157894736842, "VL_hits10": 0.7789473684210526}