{"TR_hits1": 0.32916145181476847, "VL_hits1": 0.33, "TR_hits10": 0.3992490613266583, "VL_hits10": 0.39}