{"TR_hits1": 0.42781875658587987, "VL_hits1": 0.3907563025210084, "TR_hits10": 0.44151738672286617, "VL_hits10": 0.4411764705882353}