{"TR_hits1": 0.6134259259259259, "VL_hits1": 0.5277777777777778, "TR_hits10": 0.6504629629629629, "VL_hits10": 0.5879629629629629}