{"TR_hits1": 0.38235294117647056, "VL_hits1": 0.4697102721685689, "TR_hits10": 0.3263157894736842, "VL_hits10": 0.4105263157894737}