{"TR_hits1": 0.37338044758539457, "VL_hits1": 0.36619718309859156, "TR_hits10": 0.4098939929328622, "VL_hits10": 0.38967136150234744}