{"TR_hits1": 0.8121158911325724, "VL_hits1": 0.8125548726953468, "TR_hits10": 0.7210526315789474, "VL_hits10": 0.7666666666666667}