{"TR_hits1": 0.66900790166813, "VL_hits1": 0.6795434591747147, "TR_hits10": 0.5649122807017544, "VL_hits10": 0.624561403508772}