{"TR_hits1": 0.37868162692847124, "VL_hits1": 0.3955119214586255, "TR_hits10": 0.3854748603351955, "VL_hits10": 0.41899441340782123}