{"TR_hits1": 0.637962962962963, "TS_hits1": 0.552028961104563, "TR_hits10": 0.6925925925925925, "TS_hits10": 0.6564236403434922}