{"TR_hits1": 0.8117283950617284, "VL_hits1": 0.8348765432098766, "TR_hits10": 0.5987654320987654, "VL_hits10": 0.808641975308642}