{"TR_hits1": 0.41736227045075125, "VL_hits1": 0.44908180300500833, "TR_hits10": 0.44666666666666666, "VL_hits10": 0.48}