{"TR_hits1": 0.9183494293239683, "VL_hits1": 0.9460052677787533, "TR_hits10": 0.7789473684210526, "VL_hits10": 0.9245614035087719}