{"TR_hits1": 0.6369622475856014, "VL_hits1": 0.6619841966637401, "TR_hits10": 0.5578947368421052, "VL_hits10": 0.5982456140350877}