{"TR_hits1": 0.8012286090390522, "VL_hits1": 0.806494076349276, "TR_hits10": 0.7263157894736842, "VL_hits10": 0.7614035087719299}