{"TR_hits1": 0.9482001755926251, "VL_hits1": 0.961369622475856, "TR_hits10": 0.7842105263157895, "VL_hits10": 0.9368421052631579}