{"TR_hits1": 0.9214223002633889, "VL_hits1": 0.9587357330992098, "TR_hits10": 0.787719298245614, "VL_hits10": 0.9438596491228071}