{"TR_hits1": 0.9420544337137841, "VL_hits1": 0.9552238805970149, "TR_hits10": 0.8, "VL_hits10": 0.9350877192982456}