{"TR_hits1": 0.9787234042553191, "TS_hits1": 0.9888017917133258, "TR_hits10": 0.7443215780035863, "TS_hits10": 0.924163179916318}