{"TR_hits1": 0.910414333706607, "TS_hits1": 0.44142259414225943, "TR_hits10": 0.9574468085106383, "TS_hits10": 0.738344291691572}