{"TR_hits1": 0.4338709677419355, "VL_hits1": 0.3741935483870968, "TR_hits10": 0.5258064516129032, "VL_hits10": 0.45806451612903226}