{"TR_hits1": 0.8274802458296752, "VL_hits1": 0.8331870061457419, "TR_hits10": 0.743859649122807, "VL_hits10": 0.8017543859649123}