{"TR_hits1": 0.3715670436187399, "VL_hits1": 0.432258064516129, "TR_hits10": 0.4668820678513732, "VL_hits10": 0.49032258064516127}