{"TR_hits1": 0.8391472868217055, "TS_hits1": 0.48269789557101345, "TR_hits10": 0.937015503875969, "TS_hits10": 0.744034516157436}