{"TR_hits1": 0.4499473129610116, "VL_hits1": 0.3907563025210084, "TR_hits10": 0.46996838777660693, "VL_hits10": 0.4369747899159664}