{"TR_hits1": 0.4699074074074074, "VL_hits1": 0.4398148148148148, "TR_hits10": 0.5034722222222222, "VL_hits10": 0.49074074074074076}