{"TR_hits1": 0.46218487394957986, "VL_hits1": 0.31092436974789917, "TR_hits10": 0.47689075630252103, "VL_hits10": 0.3949579831932773}