{"TR_hits1": 0.2928660826032541, "VL_hits1": 0.29, "TR_hits10": 0.32540675844806005, "VL_hits10": 0.315}