{"TR_hits1": 0.8347245409015025, "VL_hits1": 0.8380634390651085, "TR_hits10": 0.52, "VL_hits10": 0.8133333333333334}