{"TR_hits1": 0.7870939420544337, "VL_hits1": 0.7928007023705005, "TR_hits10": 0.7263157894736842, "VL_hits10": 0.7771929824561403}