{"TR_hits1": 0.25578703703703703, "VL_hits1": 0.17592592592592593, "TR_hits10": 0.2847222222222222, "VL_hits10": 0.20833333333333334}