{"TR_hits1": 0.03125, "VL_hits1": 0.013888888888888888, "TR_hits10": 0.03587962962962963, "VL_hits10": 0.023148148148148147}