{"TR_hits1": 0.9259259259259259, "TS_hits1": 0.43205992509363295, "TR_hits10": 0.9607182940516273, "TS_hits10": 0.742996254681648}