{"TR_hits1": 0.9764309764309764, "TS_hits1": 0.9887766554433222, "TR_hits10": 0.7855430711610487, "TS_hits10": 0.9430711610486892}