{"TR_hits1": 0.5191986644407346, "VL_hits1": 0.5242070116861436, "TR_hits10": 0.46, "VL_hits10": 0.5333333333333333}