{"TR_hits1": 0.9338717228464418, "TS_hits1": 0.9363295880149813, "TR_hits10": 0.7480909330290529, "TS_hits10": 0.8093858802188478}