{"avg_TR_hits1": 0.6695333078187261, "std_TR_hits1": 0.11659462581186457, "avg_TS_hits1": 0.544226594798428, "std_TS_hits1": 0.05030561597398897, "avg_TR_hits10": 0.7636392147004161, "std_TR_hits10": 0.12639034084174267, "avg_TS_hits10": 0.646165378662623, "std_TS_hits10": 0.058134398818708695}