{"TR_hits1": 0.14814814814814814, "VL_hits1": 0.12037037037037036, "TR_hits10": 0.19560185185185186, "VL_hits10": 0.1712962962962963}