{"TR_hits1": 0.8764044943820225, "VL_hits1": 0.9101123595505618, "TR_hits10": 0.6966292134831461, "VL_hits10": 0.8820224719101124}