{"TR_hits1": 0.426367461430575, "VL_hits1": 0.4488078541374474, "TR_hits10": 0.3575418994413408, "VL_hits10": 0.4134078212290503}