{"TR_hits1": 0.694468832309043, "VL_hits1": 0.6953467954345918, "TR_hits10": 0.6385964912280702, "VL_hits10": 0.6807017543859649}