{"TR_hits1": 0.35921205098493625, "VL_hits1": 0.38425925925925924, "TR_hits10": 0.45307068366164543, "VL_hits10": 0.49074074074074076}