{"TR_hits1": 0.8821879382889201, "VL_hits1": 0.908835904628331, "TR_hits10": 0.6368715083798883, "VL_hits10": 0.8770949720670391}