{"TR_hits1": 0.2704507512520868, "VL_hits1": 0.27712854757929883, "TR_hits10": 0.26, "VL_hits10": 0.26666666666666666}