{"TR_hits1": 0.1696969696969697, "VL_hits1": 0.1932367149758454, "TR_hits10": 0.22424242424242424, "VL_hits10": 0.24154589371980675}