{"TR_hits1": 0.2904841402337229, "VL_hits1": 0.35058430717863104, "TR_hits10": 0.3, "VL_hits10": 0.3933333333333333}