{"TR_hits1": 0.46243739565943237, "VL_hits1": 0.3466666666666667, "TR_hits10": 0.5325542570951586, "VL_hits10": 0.44666666666666666}