{"TR_hits1": 0.3067226890756303, "VL_hits1": 0.3473389355742297, "TR_hits10": 0.3463687150837989, "VL_hits10": 0.4022346368715084}