{"TR_hits1": 0.23844537815126052, "VL_hits1": 0.25630252100840334, "TR_hits10": 0.2804621848739496, "VL_hits10": 0.29831932773109243}