{"TR_hits1": 0.6580333625987709, "VL_hits1": 0.6878841088674276, "TR_hits10": 0.6, "VL_hits10": 0.6368421052631579}