{"TR_hits1": 0.3341404358353511, "VL_hits1": 0.24154589371980675, "TR_hits10": 0.3619854721549637, "VL_hits10": 0.2898550724637681}