{"TR_hits1": 0.26708727655099895, "VL_hits1": 0.2773109243697479, "TR_hits10": 0.2902208201892745, "VL_hits10": 0.3277310924369748}