{"TR_hits1": 0.9648876404494382, "VL_hits1": 0.9691011235955056, "TR_hits10": 0.7752808988764045, "VL_hits10": 0.9325842696629213}