{"TR_hits1": 0.5533707865168539, "VL_hits1": 0.5898876404494382, "TR_hits10": 0.6235955056179775, "VL_hits10": 0.6629213483146067}