{"TR_hits1": 0.33641975308641975, "VL_hits1": 0.3734567901234568, "TR_hits10": 0.30246913580246915, "VL_hits10": 0.4074074074074074}