{"TR_hits1": 0.16898148148148148, "VL_hits1": 0.1527777777777778, "TR_hits10": 0.17708333333333334, "VL_hits10": 0.16666666666666666}