{"TR_hits1": 0.35864793678665496, "VL_hits1": 0.4363476733977173, "TR_hits10": 0.3701754385964912, "VL_hits10": 0.43508771929824563}