{"TR_hits1": 0.8364779874213837, "VL_hits1": 0.8584905660377359, "TR_hits10": 0.5, "VL_hits10": 0.75}