{"TR_hits1": 0.7401229148375769, "VL_hits1": 0.7528533801580334, "TR_hits10": 0.6508771929824562, "VL_hits10": 0.6894736842105263}