{"TR_hits1": 0.35225375626043404, "VL_hits1": 0.35225375626043404, "TR_hits10": 0.32666666666666666, "VL_hits10": 0.3333333333333333}