{"TR_hits1": 0.5759438103599649, "VL_hits1": 0.5882352941176471, "TR_hits10": 0.5631578947368421, "VL_hits10": 0.5894736842105263}