{"TR_hits1": 0.335559265442404, "VL_hits1": 0.34724540901502504, "TR_hits10": 0.2866666666666667, "VL_hits10": 0.30666666666666664}