{"TR_hits1": 0.18374558303886926, "VL_hits1": 0.20657276995305165, "TR_hits10": 0.22732626619552415, "VL_hits10": 0.2535211267605634}