{"TR_hits1": 0.8151260504201681, "VL_hits1": 0.5798319327731093, "TR_hits10": 0.8403361344537815, "VL_hits10": 0.8235294117647058}