{"TR_hits1": 0.7703488372093024, "TS_hits1": 0.49766663731619265, "TR_hits10": 0.873062015503876, "TS_hits10": 0.6195298054063573}