{"TR_hits1": 0.2567191844300278, "TS_hits1": 0.08948564693997811, "TR_hits10": 0.28266913809082483, "TS_hits10": 0.23293206498863542}