{"TR_hits1": 0.5583845478489904, "VL_hits1": 0.6352063213345039, "TR_hits10": 0.5385964912280702, "VL_hits10": 0.6070175438596491}