{"TR_hits1": 0.7888498683055312, "VL_hits1": 0.7949956101843723, "TR_hits10": 0.712280701754386, "VL_hits10": 0.7578947368421053}