{"TR_hits1": 0.7133450395083406, "VL_hits1": 0.7151009657594382, "TR_hits10": 0.6526315789473685, "VL_hits10": 0.6859649122807018}