{"TR_hits1": 0.5307287093942055, "VL_hits1": 0.5522388059701493, "TR_hits10": 0.5526315789473685, "VL_hits10": 0.5596491228070175}