{"avg_TR_hits1": 0.8560351200209503, "std_TR_hits1": 0.08691638869930289, "avg_TS_hits1": 0.7339556557446486, "std_TS_hits1": 0.042381181510501346, "avg_TR_hits10": 0.8785020218566038, "std_TR_hits10": 0.09413576401069876, "avg_TS_hits10": 0.780977893416286, "std_TS_hits10": 0.04945873235649858}