{"TR_hits1": 0.5421422300263389, "VL_hits1": 0.6040386303775241, "TR_hits10": 0.543859649122807, "VL_hits10": 0.6175438596491228}