{"avg_TR_hits1": 0.749255768794847, "std_TR_hits1": 0.18460500640909092, "avg_TS_hits1": 0.26703525841314213, "std_TS_hits1": 0.08524803269002161, "avg_TR_hits10": 0.8088238539140343, "std_TR_hits10": 0.20540604494407036, "avg_TS_hits10": 0.5516839503271086, "std_TS_hits10": 0.1212400309617163}