{"TR_hits1": 0.8558558558558559, "TS_hits1": 0.5908594319009468, "TR_hits10": 0.9179179179179179, "TS_hits10": 0.6723415877640204}