{"TR_hits1": 0.4652532391048292, "VL_hits1": 0.43661971830985913, "TR_hits10": 0.5323910482921084, "VL_hits10": 0.5258215962441315}