{"TR_hits1": 0.9653204565408253, "VL_hits1": 0.9697102721685689, "TR_hits10": 0.8122807017543859, "VL_hits10": 0.9526315789473684}