{"TR_hits1": 0.5008347245409015, "VL_hits1": 0.5058430717863105, "TR_hits10": 0.4266666666666667, "VL_hits10": 0.5133333333333333}