{"TR_hits1": 0.9270687237026648, "VL_hits1": 0.9368863955119214, "TR_hits10": 0.7988826815642458, "VL_hits10": 0.9217877094972067}