{"TR_hits1": 0.9367977528089888, "VL_hits1": 0.9620786516853933, "TR_hits10": 0.8314606741573034, "VL_hits10": 0.9606741573033708}