{"TR_hits1": 0.5610098176718092, "VL_hits1": 0.5904628330995793, "TR_hits10": 0.4022346368715084, "VL_hits10": 0.4860335195530726}