{"TR_hits1": 0.5147058823529411, "VL_hits1": 0.42857142857142855, "TR_hits10": 0.5210084033613446, "VL_hits10": 0.4831932773109244}