{"TR_hits1": 0.16203703703703703, "VL_hits1": 0.10648148148148148, "TR_hits10": 0.1840277777777778, "VL_hits10": 0.14351851851851852}