{"TR_hits1": 0.8508403361344538, "VL_hits1": 0.6008403361344538, "TR_hits10": 0.8834033613445378, "VL_hits10": 0.8529411764705882}