{"TR_hits1": 0.45483193277310924, "VL_hits1": 0.3865546218487395, "TR_hits10": 0.4894957983193277, "VL_hits10": 0.42436974789915966}