{"TR_hits1": 0.8731218697829716, "VL_hits1": 0.8831385642737897, "TR_hits10": 0.5933333333333334, "VL_hits10": 0.8066666666666666}