{"TR_hits1": 0.42487883683360256, "VL_hits1": 0.45161290322580644, "TR_hits10": 0.5153473344103393, "VL_hits10": 0.5419354838709678}