{"TR_hits1": 0.5542570951585977, "VL_hits1": 0.5726210350584308, "TR_hits10": 0.43333333333333335, "VL_hits10": 0.5}