{"TR_hits1": 0.4674457429048414, "VL_hits1": 0.42, "TR_hits10": 0.5509181969949917, "VL_hits10": 0.48}