{"TR_hits1": 0.1113892365456821, "VL_hits1": 0.165, "TR_hits10": 0.12265331664580725, "VL_hits10": 0.19}