{"TR_hits1": 0.47163865546218486, "VL_hits1": 0.3487394957983193, "TR_hits10": 0.49054621848739494, "VL_hits10": 0.40756302521008403}