{"TR_hits1": 0.5740740740740741, "VL_hits1": 0.35648148148148145, "TR_hits10": 0.6921296296296297, "VL_hits10": 0.6944444444444444}