{"TR_hits1": 0.7739244951712028, "VL_hits1": 0.7769973661106233, "TR_hits10": 0.6894736842105263, "VL_hits10": 0.7280701754385965}