{"TR_hits1": 0.2708333333333333, "VL_hits1": 0.1388888888888889, "TR_hits10": 0.2881944444444444, "VL_hits10": 0.1712962962962963}