{"TR_hits1": 0.01273148148148148, "VL_hits1": 0.009259259259259259, "TR_hits10": 0.023148148148148147, "VL_hits10": 0.018518518518518517}