{"TR_hits1": 0.21679197994987467, "VL_hits1": 0.22, "TR_hits10": 0.23934837092731828, "VL_hits10": 0.29}