{"TR_hits1": 0.8946444249341527, "VL_hits1": 0.8946444249341527, "TR_hits10": 0.7982456140350878, "VL_hits10": 0.8473684210526315}