{"TR_hits1": 0.14164648910411623, "VL_hits1": 0.15458937198067632, "TR_hits10": 0.2046004842615012, "VL_hits10": 0.20772946859903382}