{"TR_hits1": 0.39565943238731216, "VL_hits1": 0.4023372287145242, "TR_hits10": 0.32666666666666666, "VL_hits10": 0.36}