{"TR_hits1": 0.6080084299262382, "VL_hits1": 0.592436974789916, "TR_hits10": 0.6807165437302424, "VL_hits10": 0.634453781512605}