{"TR_hits1": 0.226890756302521, "VL_hits1": 0.19327731092436976, "TR_hits10": 0.2804621848739496, "VL_hits10": 0.24789915966386555}