{"TR_hits1": 0.48414023372287146, "VL_hits1": 0.4958263772954925, "TR_hits10": 0.32, "VL_hits10": 0.35333333333333333}