{"TR_hits1": 0.18864774624373956, "VL_hits1": 0.24707846410684475, "TR_hits10": 0.21333333333333335, "VL_hits10": 0.25333333333333335}