{"TR_hits1": 0.8252853380158033, "VL_hits1": 0.8279192273924495, "TR_hits10": 0.7298245614035088, "VL_hits10": 0.7894736842105263}