{"TR_hits1": 0.48667601683029454, "VL_hits1": 0.5133239831697055, "TR_hits10": 0.41899441340782123, "VL_hits10": 0.4692737430167598}