{"TR_hits1": 0.9257703081232493, "VL_hits1": 0.9495798319327731, "TR_hits10": 0.664804469273743, "VL_hits10": 0.8770949720670391}