{"TR_hits1": 0.4221598877980365, "VL_hits1": 0.4221598877980365, "TR_hits10": 0.3743016759776536, "VL_hits10": 0.39106145251396646}