{"TR_hits1": 0.4485294117647059, "VL_hits1": 0.42436974789915966, "TR_hits10": 0.4789915966386555, "VL_hits10": 0.46218487394957986}