{"TR_hits1": 0.6861281826163301, "VL_hits1": 0.6975417032484635, "TR_hits10": 0.6035087719298246, "VL_hits10": 0.643859649122807}