{"TR_hits1": 0.8207547169811321, "VL_hits1": 0.8632075471698113, "TR_hits10": 0.5125, "VL_hits10": 0.8375}