{"TR_hits1": 0.3742757821552723, "VL_hits1": 0.39814814814814814, "TR_hits10": 0.4681344148319815, "VL_hits10": 0.4722222222222222}