{"TR_hits1": 0.5952380952380952, "VL_hits1": 0.33, "TR_hits10": 0.6428571428571429, "VL_hits10": 0.575}