{"TR_hits1": 0.11639549436795996, "VL_hits1": 0.145, "TR_hits10": 0.1276595744680851, "VL_hits10": 0.19}