{"TR_hits1": 0.2016509433962264, "VL_hits1": 0.13615023474178403, "TR_hits10": 0.22287735849056603, "VL_hits10": 0.1643192488262911}