{"TR_hits1": 0.6901260504201681, "VL_hits1": 0.7058823529411765, "TR_hits10": 0.7132352941176471, "VL_hits10": 0.7563025210084033}