{"TR_hits1": 0.4308176100628931, "VL_hits1": 0.3625, "TR_hits10": 0.5251572327044025, "VL_hits10": 0.45625}