{"TR_hits1": 0.6638655462184874, "VL_hits1": 0.6638655462184874, "TR_hits10": 0.6424581005586593, "VL_hits10": 0.6536312849162011}