{"TR_hits1": 0.7291483757682178, "VL_hits1": 0.7348551360842844, "TR_hits10": 0.6912280701754386, "VL_hits10": 0.7298245614035088}