{"TR_hits1": 0.2671118530884808, "VL_hits1": 0.27545909849749584, "TR_hits10": 0.18, "VL_hits10": 0.23333333333333334}