{"TR_hits1": 0.9186535764375876, "VL_hits1": 0.9200561009817672, "TR_hits10": 0.6536312849162011, "VL_hits10": 0.9106145251396648}