{"TR_hits1": 0.9657744624835454, "VL_hits1": 0.9710399297937692, "TR_hits10": 0.8456140350877193, "VL_hits10": 0.9719298245614035}