{"TR_hits1": 0.5014005602240896, "VL_hits1": 0.5070028011204482, "TR_hits10": 0.45251396648044695, "VL_hits10": 0.4748603351955307}