{"TR_hits1": 0.36894824707846413, "VL_hits1": 0.37061769616026713, "TR_hits10": 0.34, "VL_hits10": 0.35333333333333333}