{"TR_hits1": 0.34837962962962965, "VL_hits1": 0.35648148148148145, "TR_hits10": 0.38078703703703703, "VL_hits10": 0.4166666666666667}