{"TR_hits1": 0.3624242424242424, "VL_hits1": 0.2560386473429952, "TR_hits10": 0.43393939393939396, "VL_hits10": 0.357487922705314}