{"TR_hits1": 0.3005008347245409, "VL_hits1": 0.34891485809682804, "TR_hits10": 0.26666666666666666, "VL_hits10": 0.30666666666666664}