{"TR_hits1": 0.8132716049382716, "VL_hits1": 0.8148148148148148, "TR_hits10": 0.5864197530864198, "VL_hits10": 0.7839506172839507}