{"TR_hits1": 0.9292452830188679, "VL_hits1": 0.9355345911949685, "TR_hits10": 0.625, "VL_hits10": 0.9}