{"TR_hits1": 0.8747913188647746, "VL_hits1": 0.9181969949916527, "TR_hits10": 0.6, "VL_hits10": 0.9066666666666666}