{"TR_hits1": 0.8368055555555556, "VL_hits1": 0.5324074074074074, "TR_hits10": 0.8587962962962963, "VL_hits10": 0.7916666666666666}