{"TR_hits1": 0.27545909849749584, "VL_hits1": 0.28213689482470783, "TR_hits10": 0.25333333333333335, "VL_hits10": 0.2733333333333333}