{"TR_hits1": 0.7108307045215563, "VL_hits1": 0.6302521008403361, "TR_hits10": 0.7318611987381703, "VL_hits10": 0.6974789915966386}