{"TR_hits1": 0.8488488488488488, "TS_hits1": 0.32146758922068464, "TR_hits10": 0.933933933933934, "TS_hits10": 0.6160779315367808}