{"TR_hits1": 0.5825285338015803, "VL_hits1": 0.5856014047410009, "TR_hits10": 0.5456140350877193, "VL_hits10": 0.5631578947368421}