{"TR_hits1": 0.6246498599439776, "VL_hits1": 0.547486033519553, "TR_hits10": 0.6988795518207283, "VL_hits10": 0.6201117318435754}