{"TR_hits1": 0.5201931518876207, "VL_hits1": 0.5842844600526778, "TR_hits10": 0.5403508771929825, "VL_hits10": 0.5842105263157895}