{"TR_hits1": 0.016975308641975308, "VL_hits1": 0.07253086419753087, "TR_hits10": 0.06172839506172839, "VL_hits10": 0.19753086419753085}