{"TR_hits1": 0.2921535893155259, "VL_hits1": 0.34724540901502504, "TR_hits10": 0.25333333333333335, "VL_hits10": 0.29333333333333333}