{"TR_hits1": 0.8555750658472344, "VL_hits1": 0.858647936786655, "TR_hits10": 0.7912280701754386, "VL_hits10": 0.8526315789473684}