{"TR_hits1": 0.5848261327713382, "VL_hits1": 0.5084033613445378, "TR_hits10": 0.589041095890411, "VL_hits10": 0.5126050420168067}