{"TR_hits1": 0.2989571263035921, "VL_hits1": 0.18055555555555555, "TR_hits10": 0.31170336037079954, "VL_hits10": 0.2361111111111111}