{"TR_hits1": 0.7403225806451613, "VL_hits1": 0.7725806451612903, "TR_hits10": 0.4967741935483871, "VL_hits10": 0.7741935483870968}