{"TR_hits1": 0.6593939393939394, "VL_hits1": 0.41545893719806765, "TR_hits10": 0.7187878787878788, "VL_hits10": 0.6521739130434783}