{"TR_hits1": 0.7240896358543417, "VL_hits1": 0.742296918767507, "TR_hits10": 0.6424581005586593, "VL_hits10": 0.6703910614525139}