{"TR_hits1": 0.6484593837535014, "VL_hits1": 0.5418994413407822, "TR_hits10": 0.7072829131652661, "VL_hits10": 0.6312849162011173}