{"TR_hits1": 0.45722300140252453, "VL_hits1": 0.485273492286115, "TR_hits10": 0.43575418994413406, "VL_hits10": 0.49162011173184356}