{"TR_hits1": 0.5874855156431055, "VL_hits1": 0.47685185185185186, "TR_hits10": 0.6025492468134415, "VL_hits10": 0.5740740740740741}