{"TR_hits1": 0.6171107994389902, "VL_hits1": 0.6213183730715287, "TR_hits10": 0.553072625698324, "VL_hits10": 0.5698324022346368}