{"TR_hits1": 0.7230026338893767, "VL_hits1": 0.7269534679543459, "TR_hits10": 0.6614035087719298, "VL_hits10": 0.6894736842105263}