{"TR_hits1": 0.455188679245283, "VL_hits1": 0.48826291079812206, "TR_hits10": 0.5106132075471698, "VL_hits10": 0.568075117370892}