{"TR_hits1": 0.535483870967742, "VL_hits1": 0.5741935483870968, "TR_hits10": 0.6564516129032258, "VL_hits10": 0.6709677419354839}