{"TR_hits1": 0.3806343906510851, "VL_hits1": 0.4524207011686144, "TR_hits10": 0.32666666666666666, "VL_hits10": 0.37333333333333335}