{"TR_hits1": 0.7866549604916594, "VL_hits1": 0.7998244073748902, "TR_hits10": 0.6736842105263158, "VL_hits10": 0.7280701754385965}