{"TR_hits1": 0.7783018867924528, "VL_hits1": 0.8301886792452831, "TR_hits10": 0.49375, "VL_hits10": 0.75625}