{"TR_hits1": 0.6523266022827041, "VL_hits1": 0.6676909569798068, "TR_hits10": 0.6280701754385964, "VL_hits10": 0.6473684210526316}