{"TR_hits1": 0.7159789288849868, "VL_hits1": 0.7225636523266022, "TR_hits10": 0.6070175438596491, "VL_hits10": 0.6491228070175439}