{"TR_hits1": 0.12735849056603774, "VL_hits1": 0.04375, "TR_hits10": 0.139937106918239, "VL_hits10": 0.14375}