{"TR_hits1": 0.8427672955974843, "VL_hits1": 0.85062893081761, "TR_hits10": 0.5, "VL_hits10": 0.81875}