{"TR_hits1": 0.9176470588235294, "TS_hits1": 0.4603805302972415, "TR_hits10": 0.9613445378151261, "TS_hits10": 0.7577748911133185}