{"TR_hits1": 0.5976305397103993, "VL_hits1": 0.6682755594559017, "TR_hits10": 0.5912280701754385, "VL_hits10": 0.6596491228070176}