{"TR_hits1": 0.35856992639327023, "VL_hits1": 0.3487394957983193, "TR_hits10": 0.38170347003154576, "VL_hits10": 0.42436974789915966}