{"TR_hits1": 0.20802005012531327, "VL_hits1": 0.195, "TR_hits10": 0.22932330827067668, "VL_hits10": 0.25}