{"TR_hits1": 0.747585601404741, "VL_hits1": 0.7484635645302897, "TR_hits10": 0.6701754385964912, "VL_hits10": 0.6929824561403509}