{"TR_hits1": 0.34081346423562414, "VL_hits1": 0.36185133239831696, "TR_hits10": 0.30726256983240224, "VL_hits10": 0.3575418994413408}