{"TR_hits1": 0.4901685393258427, "VL_hits1": 0.5, "TR_hits10": 0.5575842696629213, "VL_hits10": 0.5730337078651685}