{"TR_hits1": 0.2759433962264151, "VL_hits1": 0.22065727699530516, "TR_hits10": 0.28537735849056606, "VL_hits10": 0.24413145539906103}