{"TR_hits1": 0.8207547169811321, "VL_hits1": 0.8537735849056604, "TR_hits10": 0.525, "VL_hits10": 0.79375}