{"TR_hits1": 0.7727910238429172, "VL_hits1": 0.7769985974754559, "TR_hits10": 0.5307262569832403, "VL_hits10": 0.5977653631284916}