{"TR_hits1": 0.8653576437587658, "VL_hits1": 0.8877980364656382, "TR_hits10": 0.6480446927374302, "VL_hits10": 0.8715083798882681}