{"TR_hits1": 0.5137130801687764, "VL_hits1": 0.42857142857142855, "TR_hits10": 0.520042194092827, "VL_hits10": 0.49159663865546216}