{"TR_hits1": 0.31170336037079954, "VL_hits1": 0.26851851851851855, "TR_hits10": 0.34762456546929316, "VL_hits10": 0.3101851851851852}