{"TR_hits1": 0.20242424242424242, "VL_hits1": 0.14492753623188406, "TR_hits10": 0.2496969696969697, "VL_hits10": 0.21256038647342995}