{"TR_hits1": 0.7071992976294995, "VL_hits1": 0.7199297629499561, "TR_hits10": 0.6192982456140351, "VL_hits10": 0.6912280701754386}