{"TR_hits1": 0.7846410684474123, "VL_hits1": 0.7896494156928213, "TR_hits10": 0.4866666666666667, "VL_hits10": 0.7866666666666666}