{"TR_hits1": 0.8096828046744574, "VL_hits1": 0.8113522537562604, "TR_hits10": 0.4533333333333333, "VL_hits10": 0.74}