{"TR_hits1": 0.6940298507462687, "VL_hits1": 0.7058823529411765, "TR_hits10": 0.6578947368421053, "VL_hits10": 0.6912280701754386}