{"TR_hits1": 0.5465320456540825, "VL_hits1": 0.5566286215978928, "TR_hits10": 0.49473684210526314, "VL_hits10": 0.5228070175438596}