{"TR_hits1": 0.43977591036414565, "VL_hits1": 0.44397759103641454, "TR_hits10": 0.3743016759776536, "VL_hits10": 0.4022346368715084}