{"TR_hits1": 0.17476851851851852, "VL_hits1": 0.1527777777777778, "TR_hits10": 0.2199074074074074, "VL_hits10": 0.18055555555555555}