{"TR_hits1": 0.9315525876460768, "VL_hits1": 0.9432387312186978, "TR_hits10": 0.6266666666666667, "VL_hits10": 0.92}