{"TR_hits1": 0.7154088050314465, "VL_hits1": 0.8191823899371069, "TR_hits10": 0.5031446540880503, "VL_hits10": 0.7924528301886793}