{"TR_hits1": 0.5849056603773585, "VL_hits1": 0.5539906103286385, "TR_hits10": 0.6025943396226415, "VL_hits10": 0.6619718309859155}