{"TR_hits1": 0.927170868347339, "VL_hits1": 0.9509803921568627, "TR_hits10": 0.6871508379888268, "VL_hits10": 0.8603351955307262}