{"TR_hits1": 0.5342237061769616, "VL_hits1": 0.5676126878130217, "TR_hits10": 0.4266666666666667, "VL_hits10": 0.49333333333333335}