{"TR_hits1": 0.8380503144654088, "VL_hits1": 0.8742138364779874, "TR_hits10": 0.55, "VL_hits10": 0.81875}