{"TR_hits1": 0.21368948247078465, "VL_hits1": 0.24040066777963273, "TR_hits10": 0.19333333333333333, "VL_hits10": 0.24666666666666667}