{"TR_hits1": 0.6498599439775911, "VL_hits1": 0.6918767507002801, "TR_hits10": 0.6145251396648045, "VL_hits10": 0.664804469273743}