{"TR_hits1": 0.6120448179271709, "VL_hits1": 0.5363128491620112, "TR_hits10": 0.696078431372549, "VL_hits10": 0.6256983240223464}