{"TR_hits1": 0.45675105485232065, "VL_hits1": 0.3907563025210084, "TR_hits10": 0.4820675105485232, "VL_hits10": 0.4411764705882353}