{"TR_hits1": 0.8946540880503144, "VL_hits1": 0.9150943396226415, "TR_hits10": 0.6, "VL_hits10": 0.91875}