{"TR_hits1": 0.7310924369747899, "VL_hits1": 0.6680672268907563, "TR_hits10": 0.759453781512605, "VL_hits10": 0.726890756302521}