{"TR_hits1": 0.6089588377723971, "VL_hits1": 0.5265700483091788, "TR_hits10": 0.6452784503631961, "VL_hits10": 0.6183574879227053}