{"TR_hits1": 0.9747899159663865, "VL_hits1": 0.9789915966386554, "TR_hits10": 0.6983240223463687, "VL_hits10": 0.8491620111731844}