{"TR_hits1": 0.8109854604200323, "VL_hits1": 0.8352180936995154, "TR_hits10": 0.535483870967742, "VL_hits10": 0.8064516129032258}