{"TR_hits1": 0.9425770308123249, "VL_hits1": 0.9495798319327731, "TR_hits10": 0.7206703910614525, "VL_hits10": 0.9553072625698324}