{"TR_hits1": 0.9047410008779632, "VL_hits1": 0.9438103599648815, "TR_hits10": 0.7929824561403509, "VL_hits10": 0.9368421052631579}