{"TR_hits1": 0.16666666666666666, "VL_hits1": 0.13, "TR_hits10": 0.19674185463659147, "VL_hits10": 0.17}