{"TR_hits1": 0.44039270687237025, "VL_hits1": 0.4586255259467041, "TR_hits10": 0.39106145251396646, "VL_hits10": 0.40782122905027934}