{"TR_hits1": 0.8304263565891473, "TS_hits1": 0.33670863784450117, "TR_hits10": 0.9108527131782945, "TS_hits10": 0.6056176807255437}