{"TR_hits1": 0.4090150250417362, "VL_hits1": 0.42237061769616024, "TR_hits10": 0.38, "VL_hits10": 0.41333333333333333}