{"TR_hits1": 0.5508474576271186, "VL_hits1": 0.45893719806763283, "TR_hits10": 0.5907990314769975, "VL_hits10": 0.5217391304347826}