{"TR_hits1": 0.5596072931276297, "VL_hits1": 0.5652173913043478, "TR_hits10": 0.5363128491620112, "VL_hits10": 0.553072625698324}