{"TR_hits1": 0.354577056778679, "VL_hits1": 0.3888888888888889, "TR_hits10": 0.44148319814600234, "VL_hits10": 0.44907407407407407}