{"TR_hits1": 0.5525210084033614, "VL_hits1": 0.6092436974789915, "TR_hits10": 0.6008403361344538, "VL_hits10": 0.6512605042016807}