{"TR_hits1": 0.938655462184874, "TS_hits1": 0.6267288148544357, "TR_hits10": 0.9789915966386554, "TS_hits10": 0.861694811645144}