{"TR_hits1": 0.3973288814691152, "VL_hits1": 0.4006677796327212, "TR_hits10": 0.22666666666666666, "VL_hits10": 0.23333333333333334}