{"TR_hits1": 0.46469968387776606, "VL_hits1": 0.40756302521008403, "TR_hits10": 0.46891464699683877, "VL_hits10": 0.4369747899159664}