{"TR_hits1": 0.6360601001669449, "VL_hits1": 0.7412353923205343, "TR_hits10": 0.43333333333333335, "VL_hits10": 0.7}