{"TR_hits1": 0.3772954924874791, "VL_hits1": 0.46243739565943237, "TR_hits10": 0.36666666666666664, "VL_hits10": 0.42}