{"TR_hits1": 0.2971698113207547, "VL_hits1": 0.24413145539906103, "TR_hits10": 0.3266509433962264, "VL_hits10": 0.2863849765258216}