{"TR_hits1": 0.8144654088050315, "VL_hits1": 0.889937106918239, "TR_hits10": 0.6, "VL_hits10": 0.80625}