{"TR_hits1": 0.8151016456921588, "TS_hits1": 0.4882000704473406, "TR_hits10": 0.9031945788964182, "TS_hits10": 0.6065516026769989}