{"TR_hits1": 0.5871848739495799, "VL_hits1": 0.5462184873949579, "TR_hits10": 0.6008403361344538, "VL_hits10": 0.5798319327731093}