{"TR_hits1": 0.5258166491043204, "VL_hits1": 0.4957983193277311, "TR_hits10": 0.5426765015806112, "VL_hits10": 0.5210084033613446}