{"TR_hits1": 0.26783479349186484, "VL_hits1": 0.23, "TR_hits10": 0.28410513141426785, "VL_hits10": 0.275}