{"TR_hits1": 0.19272727272727272, "VL_hits1": 0.19806763285024154, "TR_hits10": 0.21454545454545454, "VL_hits10": 0.2222222222222222}