{"TR_hits1": 0.9429323968393327, "VL_hits1": 0.9446883230904302, "TR_hits10": 0.7894736842105263, "VL_hits10": 0.9508771929824561}