{"TR_hits1": 0.8425925925925926, "VL_hits1": 0.8472222222222222, "TR_hits10": 0.5802469135802469, "VL_hits10": 0.7777777777777778}