{"TR_hits1": 0.936375603334796, "VL_hits1": 0.9552435278630979, "TR_hits10": 0.8508771929824561, "VL_hits10": 0.9701754385964912}