{"TR_hits1": 0.2542372881355932, "VL_hits1": 0.17391304347826086, "TR_hits10": 0.2917675544794189, "VL_hits10": 0.24154589371980675}