{"TR_hits1": 0.32387312186978295, "VL_hits1": 0.332220367278798, "TR_hits10": 0.32, "VL_hits10": 0.32666666666666666}