{"TR_hits1": 0.48807854137447404, "VL_hits1": 0.4964936886395512, "TR_hits10": 0.41899441340782123, "VL_hits10": 0.44692737430167595}