{"TR_hits1": 0.37218045112781956, "VL_hits1": 0.305, "TR_hits10": 0.41729323308270677, "VL_hits10": 0.38}