{"TR_hits1": 0.694327731092437, "VL_hits1": 0.6890756302521008, "TR_hits10": 0.7142857142857143, "VL_hits10": 0.7352941176470589}