{"TR_hits1": 0.38731218697829717, "VL_hits1": 0.44741235392320533, "TR_hits10": 0.26666666666666666, "VL_hits10": 0.3333333333333333}