{"TR_hits1": 0.21777221526908636, "VL_hits1": 0.235, "TR_hits10": 0.23654568210262827, "VL_hits10": 0.255}