{"TR_hits1": 0.6501210653753027, "VL_hits1": 0.5265700483091788, "TR_hits10": 0.6779661016949152, "VL_hits10": 0.6135265700483091}