{"TR_hits1": 0.5666199158485273, "VL_hits1": 0.6213183730715287, "TR_hits10": 0.4692737430167598, "VL_hits10": 0.5083798882681564}