{"TR_hits1": 0.5125786163522013, "VL_hits1": 0.575, "TR_hits10": 0.5833333333333334, "VL_hits10": 0.675}