{"TR_hits1": 0.922752808988764, "VL_hits1": 0.9241573033707865, "TR_hits10": 0.6348314606741573, "VL_hits10": 0.8820224719101124}