{"TR_hits1": 0.8380503144654088, "VL_hits1": 0.8522012578616353, "TR_hits10": 0.4625, "VL_hits10": 0.83125}