{"TR_hits1": 0.4929762949956102, "VL_hits1": 0.5184372256365233, "TR_hits10": 0.42105263157894735, "VL_hits10": 0.47017543859649125}