{"TR_hits1": 0.5557506584723442, "VL_hits1": 0.5667251975417033, "TR_hits10": 0.5842105263157895, "VL_hits10": 0.6}