{"TR_hits1": 0.9266900790166813, "VL_hits1": 0.9486391571553995, "TR_hits10": 0.7684210526315789, "VL_hits10": 0.9298245614035088}