{"TR_hits1": 0.5882352941176471, "VL_hits1": 0.46368715083798884, "TR_hits10": 0.6442577030812325, "VL_hits10": 0.5418994413407822}