{"TR_hits1": 0.3795518207282913, "VL_hits1": 0.39355742296918766, "TR_hits10": 0.39106145251396646, "VL_hits10": 0.44692737430167595}