{"TR_hits1": 0.675, "TS_hits1": 0.5617949149688499, "TR_hits10": 0.7203703703703703, "TS_hits10": 0.6555817477689847}