{"TR_hits1": 0.9508426966292135, "VL_hits1": 0.9536516853932584, "TR_hits10": 0.7865168539325843, "VL_hits10": 0.9382022471910112}