{"TR_hits1": 0.7175925925925926, "VL_hits1": 0.7962962962962963, "TR_hits10": 0.5617283950617284, "VL_hits10": 0.7839506172839507}