{"TR_hits1": 0.7959814528593508, "VL_hits1": 0.8129829984544049, "TR_hits10": 0.48148148148148145, "VL_hits10": 0.7839506172839507}