{"TR_hits1": 0.3717146433041302, "VL_hits1": 0.405, "TR_hits10": 0.3992490613266583, "VL_hits10": 0.455}