{"TR_hits1": 0.8052550231839258, "VL_hits1": 0.8562596599690881, "TR_hits10": 0.5185185185185185, "VL_hits10": 0.8271604938271605}