{"TR_hits1": 0.6270293988591488, "VL_hits1": 0.6362439666520404, "TR_hits10": 0.5982456140350877, "VL_hits10": 0.6087719298245614}