{"TR_hits1": 0.808641975308642, "VL_hits1": 0.8101851851851852, "TR_hits10": 0.5185185185185185, "VL_hits10": 0.7901234567901234}