{"TR_hits1": 0.7366720516962844, "VL_hits1": 0.7657512116316639, "TR_hits10": 0.3870967741935484, "VL_hits10": 0.632258064516129}