{"TR_hits1": 0.9455662862159789, "VL_hits1": 0.9486391571553995, "TR_hits10": 0.7701754385964912, "VL_hits10": 0.9333333333333333}