{"TR_hits1": 0.6360842844600527, "VL_hits1": 0.6575943810359964, "TR_hits10": 0.6385964912280702, "VL_hits10": 0.6771929824561403}