{"TR_hits1": 0.6316526610644257, "VL_hits1": 0.6596638655462185, "TR_hits10": 0.5418994413407822, "VL_hits10": 0.5810055865921788}