{"TR_hits1": 0.45023148148148145, "VL_hits1": 0.1527777777777778, "TR_hits10": 0.4895833333333333, "VL_hits10": 0.37037037037037035}