{"TR_hits1": 0.682258064516129, "VL_hits1": 0.7516129032258064, "TR_hits10": 0.5225806451612903, "VL_hits10": 0.7354838709677419}