{"TR_hits1": 0.1564310544611819, "VL_hits1": 0.14814814814814814, "TR_hits10": 0.19351100811123986, "VL_hits10": 0.2361111111111111}