{"TR_hits1": 0.5242070116861436, "VL_hits1": 0.5325542570951586, "TR_hits10": 0.43333333333333335, "VL_hits10": 0.47333333333333333}