{"TR_hits1": 0.35472154963680386, "VL_hits1": 0.3526570048309179, "TR_hits10": 0.400726392251816, "VL_hits10": 0.391304347826087}