{"TR_hits1": 0.2604340567612688, "VL_hits1": 0.28046744574290483, "TR_hits10": 0.2866666666666667, "VL_hits10": 0.30666666666666664}