{"TR_hits1": 0.6694701429772918, "TS_hits1": 0.46118581907090467, "TR_hits10": 0.7645079899074853, "TS_hits10": 0.7040036674816625}