{"TR_hits1": 0.7382875605815832, "VL_hits1": 0.7512116316639742, "TR_hits10": 0.38064516129032255, "VL_hits10": 0.6387096774193548}