{"TR_hits1": 0.45521601685985247, "VL_hits1": 0.3487394957983193, "TR_hits10": 0.5258166491043204, "VL_hits10": 0.4789915966386555}