{"avg_TR_hits1": 0.73240625394934, "std_TR_hits1": 0.15918030725049223, "avg_TS_hits1": 0.45483183605886013, "std_TS_hits1": 0.05848337387906244, "avg_TR_hits10": 0.7914760117498929, "std_TR_hits10": 0.17911159648411207, "avg_TS_hits10": 0.564640140006407, "std_TS_hits10": 0.0683907076071129}