{"TR_hits1": 0.16026711185308848, "VL_hits1": 0.06666666666666667, "TR_hits10": 0.1669449081803005, "VL_hits10": 0.12}