{"TR_hits1": 0.7662771285475793, "VL_hits1": 0.7863105175292153, "TR_hits10": 0.44, "VL_hits10": 0.7266666666666667}