{"TR_hits1": 0.8596774193548387, "VL_hits1": 0.9048387096774193, "TR_hits10": 0.5935483870967742, "VL_hits10": 0.8580645161290322}