{"TR_hits1": 0.5025041736227045, "VL_hits1": 0.5358931552587646, "TR_hits10": 0.38666666666666666, "VL_hits10": 0.47333333333333333}