{"TR_hits1": 0.8888888888888888, "VL_hits1": 0.8950617283950617, "TR_hits10": 0.6049382716049383, "VL_hits10": 0.8580246913580247}