{"TR_hits1": 0.875, "VL_hits1": 0.9311797752808989, "TR_hits10": 0.6685393258426966, "VL_hits10": 0.9101123595505618}