{"TR_hits1": 0.39351851851851855, "VL_hits1": 0.3472222222222222, "TR_hits10": 0.4722222222222222, "VL_hits10": 0.4305555555555556}