{"TR_hits1": 0.5808823529411765, "VL_hits1": 0.6092436974789915, "TR_hits10": 0.6407563025210085, "VL_hits10": 0.6722689075630253}