{"TR_hits1": 0.34557595993322204, "VL_hits1": 0.34724540901502504, "TR_hits10": 0.32, "VL_hits10": 0.3333333333333333}