{"TR_hits1": 0.4981481481481482, "TS_hits1": 0.34037716787337935, "TR_hits10": 0.5666666666666667, "TS_hits10": 0.46750294662401076}