{"TR_hits1": 0.6207759699624531, "VL_hits1": 0.375, "TR_hits10": 0.7309136420525657, "VL_hits10": 0.685}