{"TR_hits1": 0.541374474053296, "VL_hits1": 0.5483870967741935, "TR_hits10": 0.39106145251396646, "VL_hits10": 0.45251396648044695}