{"TR_hits1": 0.24030037546933666, "VL_hits1": 0.165, "TR_hits10": 0.25406758448060074, "VL_hits10": 0.22}