{"TR_hits1": 0.5175757575757576, "VL_hits1": 0.42028985507246375, "TR_hits10": 0.5430303030303031, "VL_hits10": 0.5024154589371981}