{"TR_hits1": 0.4363207547169811, "VL_hits1": 0.3004694835680751, "TR_hits10": 0.4363207547169811, "VL_hits10": 0.3568075117370892}