{"TR_hits1": 0.4991652754590985, "VL_hits1": 0.5125208681135225, "TR_hits10": 0.47333333333333333, "VL_hits10": 0.5066666666666667}