{"TR_hits1": 0.23365617433414043, "VL_hits1": 0.18840579710144928, "TR_hits10": 0.2687651331719128, "VL_hits10": 0.2318840579710145}