{"TR_hits1": 0.5649692712906058, "VL_hits1": 0.6356453028972783, "TR_hits10": 0.5350877192982456, "VL_hits10": 0.6070175438596491}