{"TR_hits1": 0.6802244039270687, "VL_hits1": 0.6886395511921458, "TR_hits10": 0.5195530726256983, "VL_hits10": 0.5698324022346368}