{"TR_hits1": 0.2784503631961259, "VL_hits1": 0.23671497584541062, "TR_hits10": 0.3075060532687651, "VL_hits10": 0.27053140096618356}