{"TR_hits1": 0.7222222222222222, "VL_hits1": 0.7638888888888888, "TR_hits10": 0.4691358024691358, "VL_hits10": 0.7469135802469136}