{"TR_hits1": 0.7521008403361344, "VL_hits1": 0.7745098039215687, "TR_hits10": 0.6759776536312849, "VL_hits10": 0.7374301675977654}