{"TR_hits1": 0.6400560224089635, "VL_hits1": 0.6033519553072626, "TR_hits10": 0.7394957983193278, "VL_hits10": 0.6983240223463687}