{"TR_hits1": 0.9182530795072789, "TS_hits1": 0.42431261207411836, "TR_hits10": 0.9596864501679732, "TS_hits10": 0.7225791990436342}