{"TR_hits1": 0.975363941769317, "TS_hits1": 0.9899216125419933, "TR_hits10": 0.7057680812910938, "TS_hits10": 0.9067543335325762}