{"TR_hits1": 0.2046004842615012, "VL_hits1": 0.17391304347826086, "TR_hits10": 0.24455205811138014, "VL_hits10": 0.24154589371980675}