{"TR_hits1": 0.33543638275499477, "VL_hits1": 0.2773109243697479, "TR_hits10": 0.3638275499474238, "VL_hits10": 0.33613445378151263}