{"TR_hits1": 0.5079030558482613, "VL_hits1": 0.42857142857142855, "TR_hits10": 0.5089567966280295, "VL_hits10": 0.4579831932773109}