{"TR_hits1": 0.8946925021061499, "TS_hits1": 0.4443082580052091, "TR_hits10": 0.9502948609941028, "TS_hits10": 0.7521832388539911}