{"TR_hits1": 0.20149253731343283, "VL_hits1": 0.2607550482879719, "TR_hits10": 0.19473684210526315, "VL_hits10": 0.24561403508771928}