{"TR_hits1": 0.7629499561018437, "VL_hits1": 0.7739244951712028, "TR_hits10": 0.6771929824561403, "VL_hits10": 0.7315789473684211}