{"TR_hits1": 0.39767932489451474, "VL_hits1": 0.3697478991596639, "TR_hits10": 0.41877637130801687, "VL_hits10": 0.4117647058823529}