{"TR_hits1": 0.7330246913580247, "VL_hits1": 0.7839506172839507, "TR_hits10": 0.4506172839506173, "VL_hits10": 0.7592592592592593}