{"TR_hits1": 0.8346213292117465, "VL_hits1": 0.8686244204018547, "TR_hits10": 0.5555555555555556, "VL_hits10": 0.845679012345679}