{"TR_hits1": 0.95129442738043, "VL_hits1": 0.9657744624835454, "TR_hits10": 0.8070175438596491, "VL_hits10": 0.956140350877193}