{"TR_hits1": 0.747585601404741, "VL_hits1": 0.7510974539069359, "TR_hits10": 0.6929824561403509, "VL_hits10": 0.7298245614035088}