{"TR_hits1": 0.8806179775280899, "VL_hits1": 0.949438202247191, "TR_hits10": 0.659217877094972, "VL_hits10": 0.8938547486033519}