{"TR_hits1": 0.38397328881469117, "VL_hits1": 0.3989983305509182, "TR_hits10": 0.3466666666666667, "VL_hits10": 0.4}