{"TR_hits1": 0.4373956594323873, "VL_hits1": 0.4540901502504174, "TR_hits10": 0.32666666666666666, "VL_hits10": 0.35333333333333333}