{"TR_hits1": 0.2687651331719128, "VL_hits1": 0.22705314009661837, "TR_hits10": 0.29055690072639223, "VL_hits10": 0.30434782608695654}