{"TR_hits1": 0.6199158485273493, "VL_hits1": 0.6269284712482468, "TR_hits10": 0.5083798882681564, "VL_hits10": 0.5418994413407822}