{"TR_hits1": 0.8092436974789916, "TS_hits1": 0.6061740658668908, "TR_hits10": 0.8252100840336134, "TS_hits10": 0.6855658286849545}