{"TR_hits1": 0.2838063439065108, "VL_hits1": 0.337228714524207, "TR_hits10": 0.2733333333333333, "VL_hits10": 0.3333333333333333}