{"TR_hits1": 0.4726890756302521, "VL_hits1": 0.4831932773109244, "TR_hits10": 0.4957983193277311, "VL_hits10": 0.5504201680672269}