{"TR_hits1": 0.42164781906300486, "VL_hits1": 0.41935483870967744, "TR_hits10": 0.4975767366720517, "VL_hits10": 0.49032258064516127}