{"TR_hits1": 0.052521008403361345, "VL_hits1": 0.025210084033613446, "TR_hits10": 0.08403361344537816, "VL_hits10": 0.07142857142857142}