{"TR_hits1": 0.2903225806451613, "VL_hits1": 0.33520336605890605, "TR_hits10": 0.2122905027932961, "VL_hits10": 0.26256983240223464}