{"TR_hits1": 0.18632075471698112, "VL_hits1": 0.13615023474178403, "TR_hits10": 0.22169811320754718, "VL_hits10": 0.16901408450704225}