{"TR_hits1": 0.0110062893081761, "VL_hits1": 0.04245283018867924, "TR_hits10": 0.0, "VL_hits10": 0.05}