{"TR_hits1": 0.8688271604938271, "VL_hits1": 0.904320987654321, "TR_hits10": 0.5185185185185185, "VL_hits10": 0.7962962962962963}