{"TR_hits1": 0.31095406360424027, "VL_hits1": 0.2347417840375587, "TR_hits10": 0.3250883392226148, "VL_hits10": 0.29107981220657275}