{"TR_hits1": 0.8614357262103506, "VL_hits1": 0.8764607679465777, "TR_hits10": 0.58, "VL_hits10": 0.7933333333333333}