{"TR_hits1": 0.9117647058823529, "VL_hits1": 0.9467787114845938, "TR_hits10": 0.8100558659217877, "VL_hits10": 0.9273743016759777}