{"TR_hits1": 0.9442493415276558, "VL_hits1": 0.956540825285338, "TR_hits10": 0.8210526315789474, "VL_hits10": 0.9280701754385965}