{"TR_hits1": 0.33192834562697576, "VL_hits1": 0.29411764705882354, "TR_hits10": 0.35511064278187565, "VL_hits10": 0.31092436974789917}