{"TR_hits1": 0.6944151738672286, "VL_hits1": 0.680672268907563, "TR_hits10": 0.7007376185458377, "VL_hits10": 0.7100840336134454}