{"TR_hits1": 0.24207011686143573, "VL_hits1": 0.25208681135225375, "TR_hits10": 0.22666666666666666, "VL_hits10": 0.22666666666666666}