{"TR_hits1": 0.47530864197530864, "VL_hits1": 0.5200617283950617, "TR_hits10": 0.4506172839506173, "VL_hits10": 0.5493827160493827}