{"TR_hits1": 0.4693548387096774, "VL_hits1": 0.47096774193548385, "TR_hits10": 0.5612903225806452, "VL_hits10": 0.5290322580645161}