{"TR_hits1": 0.1875, "VL_hits1": 0.15023474178403756, "TR_hits10": 0.2240566037735849, "VL_hits10": 0.2300469483568075}