{"TR_hits1": 0.3806343906510851, "VL_hits1": 0.3806343906510851, "TR_hits10": 0.35333333333333333, "VL_hits10": 0.36}