{"TR_hits1": 0.4958315050460728, "VL_hits1": 0.5278630978499341, "TR_hits10": 0.49473684210526314, "VL_hits10": 0.512280701754386}