{"TR_hits1": 0.42476851851851855, "VL_hits1": 0.30092592592592593, "TR_hits10": 0.4270833333333333, "VL_hits10": 0.3425925925925926}