{"TR_hits1": 0.4047410008779631, "VL_hits1": 0.4174714661984197, "TR_hits10": 0.41403508771929826, "VL_hits10": 0.43333333333333335}