{"TR_hits1": 0.4716981132075472, "VL_hits1": 0.46875, "TR_hits10": 0.5880503144654088, "VL_hits10": 0.60625}