{"TR_hits1": 0.07303370786516854, "VL_hits1": 0.0449438202247191, "TR_hits10": 0.08286516853932584, "VL_hits10": 0.07303370786516854}