{"TR_hits1": 0.8960674157303371, "VL_hits1": 0.9129213483146067, "TR_hits10": 0.7303370786516854, "VL_hits10": 0.898876404494382}