{"TR_hits1": 0.495171202809482, "VL_hits1": 0.5030728709394205, "TR_hits10": 0.4631578947368421, "VL_hits10": 0.48771929824561405}