{"TR_hits1": 0.7020623080298376, "VL_hits1": 0.7108380868802107, "TR_hits10": 0.5666666666666667, "VL_hits10": 0.6263157894736842}