{"TR_hits1": 0.3650057937427578, "VL_hits1": 0.4074074074074074, "TR_hits10": 0.4519119351100811, "VL_hits10": 0.4861111111111111}