{"TR_hits1": 0.7124824684431977, "VL_hits1": 0.7279102384291725, "TR_hits10": 0.5810055865921788, "VL_hits10": 0.6256983240223464}