{"TR_hits1": 0.3927272727272727, "VL_hits1": 0.3671497584541063, "TR_hits10": 0.42787878787878786, "VL_hits10": 0.4057971014492754}