{"TR_hits1": 0.4957983193277311, "VL_hits1": 0.5588235294117647, "TR_hits10": 0.48044692737430167, "VL_hits10": 0.5307262569832403}