{"TR_hits1": 0.7168568920105356, "VL_hits1": 0.718612818261633, "TR_hits10": 0.631578947368421, "VL_hits10": 0.656140350877193}