{"TR_hits1": 0.6510500807754442, "VL_hits1": 0.7027463651050081, "TR_hits10": 0.47096774193548385, "VL_hits10": 0.6967741935483871}