{"TR_hits1": 0.7846410684474123, "VL_hits1": 0.7879799666110183, "TR_hits10": 0.5466666666666666, "VL_hits10": 0.8066666666666666}