{"TR_hits1": 0.3020833333333333, "VL_hits1": 0.27314814814814814, "TR_hits10": 0.33912037037037035, "VL_hits10": 0.3194444444444444}