{"TR_hits1": 0.7729549248747913, "VL_hits1": 0.7879799666110183, "TR_hits10": 0.4866666666666667, "VL_hits10": 0.78}