{"TR_hits1": 0.40726817042606517, "VL_hits1": 0.46, "TR_hits10": 0.46365914786967416, "VL_hits10": 0.5}