{"TR_hits1": 0.3590462833099579, "VL_hits1": 0.3744740532959327, "TR_hits10": 0.2849162011173184, "VL_hits10": 0.31843575418994413}