{"TR_hits1": 0.3424657534246575, "VL_hits1": 0.22268907563025211, "TR_hits10": 0.35511064278187565, "VL_hits10": 0.2605042016806723}