{"TR_hits1": 0.4386792452830189, "VL_hits1": 0.44654088050314467, "TR_hits10": 0.5283018867924528, "VL_hits10": 0.5408805031446541}