{"TR_hits1": 0.2353923205342237, "VL_hits1": 0.24207011686143573, "TR_hits10": 0.18666666666666668, "VL_hits10": 0.20666666666666667}