{"TR_hits1": 0.20534223706176963, "VL_hits1": 0.24040066777963273, "TR_hits10": 0.18, "VL_hits10": 0.21333333333333335}