{"TR_hits1": 0.5575842696629213, "VL_hits1": 0.5955056179775281, "TR_hits10": 0.6179775280898876, "VL_hits10": 0.6741573033707865}