{"TR_hits1": 0.9112359550561798, "TS_hits1": 0.43442438768631564, "TR_hits10": 0.9550561797752809, "TS_hits10": 0.7487079619504157}