{"TR_hits1": 0.9842696629213483, "TS_hits1": 0.9943820224719101, "TR_hits10": 0.7979926597258632, "TS_hits10": 0.9469702643996705}