{"TR_hits1": 0.5838454784899034, "VL_hits1": 0.6334503950834065, "TR_hits10": 0.5385964912280702, "VL_hits10": 0.6087719298245614}