{"TR_hits1": 0.18196994991652754, "VL_hits1": 0.2003338898163606, "TR_hits10": 0.2, "VL_hits10": 0.22666666666666666}