{"TR_hits1": 0.8191823899371069, "VL_hits1": 0.839622641509434, "TR_hits10": 0.54375, "VL_hits10": 0.8125}