{"TR_hits1": 0.9284712482468443, "VL_hits1": 0.9312762973352033, "TR_hits10": 0.659217877094972, "VL_hits10": 0.8938547486033519}