{"TR_hits1": 0.40606060606060607, "VL_hits1": 0.3864734299516908, "TR_hits10": 0.4509090909090909, "VL_hits10": 0.4396135265700483}