{"TR_hits1": 0.18055555555555555, "VL_hits1": 0.1574074074074074, "TR_hits10": 0.19328703703703703, "VL_hits10": 0.18055555555555555}