{"TR_hits1": 0.5284810126582279, "VL_hits1": 0.4831932773109244, "TR_hits10": 0.5421940928270043, "VL_hits10": 0.5336134453781513}