{"TR_hits1": 0.7334410339256866, "VL_hits1": 0.7560581583198708, "TR_hits10": 0.38064516129032255, "VL_hits10": 0.6516129032258065}