{"TR_hits1": 0.5859766277128547, "VL_hits1": 0.5976627712854758, "TR_hits10": 0.4866666666666667, "VL_hits10": 0.56}