{"TR_hits1": 0.6786654960491659, "VL_hits1": 0.6975417032484635, "TR_hits10": 0.6175438596491228, "VL_hits10": 0.6543859649122807}