{"TR_hits1": 0.7433414043583535, "VL_hits1": 0.42995169082125606, "TR_hits10": 0.7723970944309927, "VL_hits10": 0.7198067632850241}