{"TR_hits1": 0.47515151515151516, "VL_hits1": 0.41545893719806765, "TR_hits10": 0.526060606060606, "VL_hits10": 0.46859903381642515}