{"TR_hits1": 0.5472689075630253, "VL_hits1": 0.5882352941176471, "TR_hits10": 0.6081932773109243, "VL_hits10": 0.6554621848739496}