{"TR_hits1": 0.8639551192145862, "VL_hits1": 0.8990182328190743, "TR_hits10": 0.6759776536312849, "VL_hits10": 0.8770949720670391}