{"TR_hits1": 0.5700280112044818, "VL_hits1": 0.5700280112044818, "TR_hits10": 0.5307262569832403, "VL_hits10": 0.5642458100558659}