{"TR_hits1": 0.8126009693053312, "VL_hits1": 0.8174474959612278, "TR_hits10": 0.44516129032258067, "VL_hits10": 0.7483870967741936}