{"TR_hits1": 0.42924528301886794, "VL_hits1": 0.45, "TR_hits10": 0.5204402515723271, "VL_hits10": 0.51875}