{"TR_hits1": 0.7822651448639157, "VL_hits1": 0.7870939420544337, "TR_hits10": 0.7280701754385965, "VL_hits10": 0.7771929824561403}