{"TR_hits1": 0.733099209833187, "VL_hits1": 0.7506584723441615, "TR_hits10": 0.6842105263157895, "VL_hits10": 0.7228070175438597}