{"TR_hits1": 0.327212020033389, "VL_hits1": 0.3622704507512521, "TR_hits10": 0.30666666666666664, "VL_hits10": 0.38666666666666666}