{"TR_hits1": 0.335559265442404, "VL_hits1": 0.335559265442404, "TR_hits10": 0.26666666666666666, "VL_hits10": 0.2733333333333333}