{"TR_hits1": 0.5988779803646563, "VL_hits1": 0.6157082748948106, "TR_hits10": 0.6089385474860335, "VL_hits10": 0.6145251396648045}