{"TR_hits1": 0.5632133450395084, "VL_hits1": 0.641352063213345, "TR_hits10": 0.5017543859649123, "VL_hits10": 0.6052631578947368}