{"TR_hits1": 0.8195785776997366, "VL_hits1": 0.8226514486391572, "TR_hits10": 0.7280701754385965, "VL_hits10": 0.7842105263157895}