{"TR_hits1": 0.6909569798068481, "VL_hits1": 0.7067603160667252, "TR_hits10": 0.5929824561403508, "VL_hits10": 0.6789473684210526}