{"TR_hits1": 0.3555926544240401, "VL_hits1": 0.3589315525876461, "TR_hits10": 0.3466666666666667, "VL_hits10": 0.38}