{"TR_hits1": 0.3472222222222222, "VL_hits1": 0.2962962962962963, "TR_hits10": 0.3738425925925926, "VL_hits10": 0.35648148148148145}