{"TR_hits1": 0.41569282136894825, "VL_hits1": 0.4791318864774624, "TR_hits10": 0.3933333333333333, "VL_hits10": 0.4266666666666667}