{"TR_hits1": 0.5377524143985952, "VL_hits1": 0.5425812115891132, "TR_hits10": 0.5017543859649123, "VL_hits10": 0.5157894736842106}