{"TR_hits1": 0.36995153473344106, "VL_hits1": 0.36129032258064514, "TR_hits10": 0.4588045234248788, "VL_hits10": 0.44516129032258067}