{"TR_hits1": 0.5862552594670407, "VL_hits1": 0.6661991584852734, "TR_hits10": 0.6312849162011173, "VL_hits10": 0.7039106145251397}