{"TR_hits1": 0.4893867924528302, "VL_hits1": 0.45539906103286387, "TR_hits10": 0.5176886792452831, "VL_hits10": 0.49295774647887325}