{"TR_hits1": 0.5168539325842697, "VL_hits1": 0.5898876404494382, "TR_hits10": 0.601123595505618, "VL_hits10": 0.6292134831460674}