{"TR_hits1": 0.9126426690079017, "VL_hits1": 0.9455662862159789, "TR_hits10": 0.7719298245614035, "VL_hits10": 0.9438596491228071}