{"TR_hits1": 0.45168067226890757, "VL_hits1": 0.3487394957983193, "TR_hits10": 0.45903361344537813, "VL_hits10": 0.3949579831932773}