{"TR_hits1": 0.038580246913580245, "VL_hits1": 0.024691358024691357, "TR_hits10": 0.040123456790123455, "VL_hits10": 0.05555555555555555}