{"TR_hits1": 0.7731481481481481, "VL_hits1": 0.7731481481481481, "TR_hits10": 0.5123456790123457, "VL_hits10": 0.7592592592592593}