{"TR_hits1": 0.9125395152792413, "VL_hits1": 0.6680672268907563, "TR_hits10": 0.9357218124341412, "VL_hits10": 0.8781512605042017}