{"TR_hits1": 0.6562774363476734, "VL_hits1": 0.659350307287094, "TR_hits10": 0.6017543859649123, "VL_hits10": 0.6228070175438597}