{"TR_hits1": 0.3091364205256571, "VL_hits1": 0.265, "TR_hits10": 0.3404255319148936, "VL_hits10": 0.295}