{"TR_hits1": 0.8121158911325724, "VL_hits1": 0.8160667251975418, "TR_hits10": 0.743859649122807, "VL_hits10": 0.8}