{"TR_hits1": 0.9407634927599825, "VL_hits1": 0.958753839403247, "TR_hits10": 0.8228070175438597, "VL_hits10": 0.9456140350877194}