{"TR_hits1": 0.3283208020050125, "VL_hits1": 0.195, "TR_hits10": 0.3483709273182957, "VL_hits10": 0.235}