{"TR_hits1": 0.6322444678609063, "VL_hits1": 0.6512605042016807, "TR_hits10": 0.6628029504741834, "VL_hits10": 0.6890756302521008}