{"TR_hits1": 0.7064501974550241, "VL_hits1": 0.7209302325581395, "TR_hits10": 0.5947368421052631, "VL_hits10": 0.6421052631578947}