{"TR_hits1": 0.9578577699736611, "VL_hits1": 0.9719051799824407, "TR_hits10": 0.8596491228070176, "VL_hits10": 0.9701754385964912}