{"TR_hits1": 0.879382889200561, "VL_hits1": 0.8976157082748948, "TR_hits10": 0.7318435754189944, "VL_hits10": 0.9050279329608939}