{"ts_hits1": 0.006207237074134161, "ts_hits10": 0.025322705791070044, "tr_hits1": 0.05, "tr_hits10": 0.06}