{"ts_hits1": 0.4821189250193976, "ts_hits10": 0.5499753121252733, "tr_hits1": 0.63, "tr_hits10": 0.65}