{"ts_hits1": 0.5075827043803344, "ts_hits10": 0.5783310996684771, "tr_hits1": 0.78, "tr_hits10": 0.79}