{"ts_hits1": 0.4579248077872611, "ts_hits10": 0.5195034210340692, "tr_hits1": 0.63, "tr_hits10": 0.64}