{"ts_hits1": 0.001340198913733512, "ts_hits10": 0.010721591309868096, "tr_hits1": 0.01, "tr_hits10": 0.02}