{"ts_hits1": 0.4802849686111307, "ts_hits10": 0.5506101431896734, "tr_hits1": 0.72, "tr_hits10": 0.72}