{"ts_hits1": 0.001622346053466883, "ts_hits10": 0.009875149890667984, "tr_hits1": 0.04, "tr_hits10": 0.04}