{"ts_hits1": 0.4543274317556606, "ts_hits10": 0.5191507371094025, "tr_hits1": 0.67, "tr_hits10": 0.68}