{"ts_hits1": 0.0009875149890667984, "ts_hits10": 0.005078648515200677, "tr_hits1": 0.0, "tr_hits10": 0.0}