{"ts_hits1": 0.5037737179939339, "ts_hits10": 0.57501587077661, "tr_hits1": 0.73, "tr_hits10": 0.75}