{"ts_hits1": 0.5010933201664668, "ts_hits10": 0.5703604429710094, "tr_hits1": 0.65, "tr_hits10": 0.67}