{"ts_hits1": 0.0003526839246667137, "ts_hits10": 0.0023982506877336532, "tr_hits1": 0.0, "tr_hits10": 0.04}