{"ts_hits1": 0.4819073146645976, "ts_hits10": 0.5508217535444735, "tr_hits1": 0.7, "tr_hits10": 0.72}