{"ts_hits1": 0.003950059956267194, "ts_hits10": 0.02962544967200395, "tr_hits1": 0.07, "tr_hits10": 0.1}