{"ts_hits1": 0.4618043309585949, "ts_hits10": 0.5266981730972702, "tr_hits1": 0.74, "tr_hits10": 0.74}