{"ts_hits1": 0.0004232207096000564, "ts_hits10": 0.0031741553220004234, "tr_hits1": 0.0, "tr_hits10": 0.0}