{"ts_hits1": 0.45446850532552724, "ts_hits10": 0.5192212738943359, "tr_hits1": 0.79, "tr_hits10": 0.79}