{"ts_hits1": 0.0009169782041334556, "ts_hits10": 0.011497495944134866, "tr_hits1": 0.01, "tr_hits10": 0.02}