{"ts_hits1": 0.47069196586019607, "ts_hits10": 0.5372081540523383, "tr_hits1": 0.72, "tr_hits10": 0.73}