{"ts_hits1": 0.0033857656768004514, "ts_hits10": 0.012978768427735064, "tr_hits1": 0.02, "tr_hits10": 0.04}