{"ts_hits1": 0.5008111730267334, "ts_hits10": 0.5697256119066093, "tr_hits1": 0.65, "tr_hits10": 0.65}