{"ts_hits1": 0.002116103548000282, "ts_hits10": 0.015941313394935458, "tr_hits1": 0.03, "tr_hits10": 0.05}