{"ts_hits1": 0.4464978486280595, "ts_hits10": 0.5058898215419341, "tr_hits1": 0.71, "tr_hits10": 0.71}