{"ts_hits1": 0.0005642942794667419, "ts_hits10": 0.003456302461733794, "tr_hits1": 0.0, "tr_hits10": 0.0}