{"ts_hits1": 0.49559145094166607, "ts_hits10": 0.5717006418847429, "tr_hits1": 0.75, "tr_hits10": 0.78}