{"ts_hits1": 0.0009169782041334556, "ts_hits10": 0.00437328066586725, "tr_hits1": 0.0, "tr_hits10": 0.01}