{"ts_hits1": 0.4538336742611272, "ts_hits10": 0.5104041757776681, "tr_hits1": 0.76, "tr_hits10": 0.76}