{"ts_hits1": 0.004937574945333992, "ts_hits10": 0.021231572264936164, "tr_hits1": 0.05, "tr_hits10": 0.07}