{"ts_hits1": 0.4667419059039289, "ts_hits10": 0.5331170205262045, "tr_hits1": 0.61, "tr_hits10": 0.62}