{"ts_hits1": 0.0008464414192001129, "ts_hits10": 0.0033857656768004514, "tr_hits1": 0.0, "tr_hits10": 0.0}