{"ts_hits1": 0.45326937998166045, "ts_hits10": 0.5232418706355364, "tr_hits1": 0.77, "tr_hits10": 0.79}