{"ts_hits1": 0.0009875149890667984, "ts_hits10": 0.00359737603160048, "tr_hits1": 0.0, "tr_hits10": 0.01}