{"ts_hits1": 0.44804965789659307, "ts_hits10": 0.5060308951118008, "tr_hits1": 0.63, "tr_hits10": 0.63}