{"ts_hits1": 0.0003526839246667137, "ts_hits10": 0.0025393242576003386, "tr_hits1": 0.0, "tr_hits10": 0.0}