{"ts_hits1": 0.45051844536926006, "ts_hits10": 0.5124497425407349, "tr_hits1": 0.75, "tr_hits10": 0.76}