{"ts_hits1": 0.0011991253438668266, "ts_hits10": 0.00902870847146787, "tr_hits1": 0.02, "tr_hits10": 0.02}