{"ts_hits1": 0.4814135571700642, "ts_hits10": 0.5485645764266065, "tr_hits1": 0.71, "tr_hits10": 0.72}