{"TR_hits1": 0.6274681878016674, "VL_hits1": 0.6358051777095217, "TR_hits10": 0.6070175438596491, "VL_hits10": 0.6192982456140351}