{"TR_hits1": 0.9166666666666666, "VL_hits1": 0.9245283018867925, "TR_hits10": 0.63125, "VL_hits10": 0.89375}