{"TR_hits1": 0.3394109396914446, "VL_hits1": 0.3436185133239832, "TR_hits10": 0.3463687150837989, "VL_hits10": 0.3463687150837989}