{"TR_hits1": 0.7468553459119497, "VL_hits1": 0.7987421383647799, "TR_hits10": 0.425, "VL_hits10": 0.7625}