{"TR_hits1": 0.0047169811320754715, "VL_hits1": 0.026729559748427674, "TR_hits10": 0.0, "VL_hits10": 0.0375}