{"TR_hits1": 0.22899159663865545, "VL_hits1": 0.22268907563025211, "TR_hits10": 0.27310924369747897, "VL_hits10": 0.25630252100840334}