{"TR_hits1": 0.5960729312762973, "VL_hits1": 0.6549789621318373, "TR_hits10": 0.5307262569832403, "VL_hits10": 0.5810055865921788}