{"TR_hits1": 0.001053740779768177, "VL_hits1": 0.0, "TR_hits10": 0.003161222339304531, "VL_hits10": 0.004201680672268907}