{"TR_hits1": 0.9187675070028011, "VL_hits1": 0.938375350140056, "TR_hits10": 0.664804469273743, "VL_hits10": 0.8659217877094972}