{"TR_hits1": 0.4733893557422969, "VL_hits1": 0.484593837535014, "TR_hits10": 0.4748603351955307, "VL_hits10": 0.4860335195530726}