{"TR_hits1": 0.6633011413520632, "VL_hits1": 0.6887620719929763, "TR_hits10": 0.6140350877192983, "VL_hits10": 0.6578947368421053}