{"TR_hits1": 0.607550482879719, "VL_hits1": 0.6128182616330115, "TR_hits10": 0.5578947368421052, "VL_hits10": 0.5736842105263158}