{"TR_hits1": 0.9369747899159664, "VL_hits1": 0.9411764705882353, "TR_hits10": 0.6368715083798883, "VL_hits10": 0.8156424581005587}