{"TR_hits1": 0.3814866760168303, "VL_hits1": 0.4684431977559607, "TR_hits10": 0.3240223463687151, "VL_hits10": 0.3687150837988827}