{"TR_hits1": 0.13074204946996468, "VL_hits1": 0.13615023474178403, "TR_hits10": 0.16607773851590105, "VL_hits10": 0.1643192488262911}