{"TR_hits1": 0.18530884808013356, "VL_hits1": 0.21702838063439064, "TR_hits10": 0.18, "VL_hits10": 0.24666666666666667}