{"TR_hits1": 0.4027777777777778, "VL_hits1": 0.30246913580246915, "TR_hits10": 0.5108024691358025, "VL_hits10": 0.43209876543209874}