{"TR_hits1": 0.7492096944151738, "VL_hits1": 0.6260504201680672, "TR_hits10": 0.7513171759747103, "VL_hits10": 0.6848739495798319}