{"TR_hits1": 0.32387312186978295, "VL_hits1": 0.333889816360601, "TR_hits10": 0.36, "VL_hits10": 0.36666666666666664}