{"TR_hits1": 0.7940251572327044, "VL_hits1": 0.8238993710691824, "TR_hits10": 0.50625, "VL_hits10": 0.8}