{"TR_hits1": 0.22181818181818183, "VL_hits1": 0.21739130434782608, "TR_hits10": 0.24727272727272728, "VL_hits10": 0.25120772946859904}