{"TR_hits1": 0.757243195785777, "VL_hits1": 0.7726075504828798, "TR_hits10": 0.6350877192982456, "VL_hits10": 0.6824561403508772}