{"TR_hits1": 0.9341527655838455, "VL_hits1": 0.9464442493415277, "TR_hits10": 0.7807017543859649, "VL_hits10": 0.9298245614035088}