{"TR_hits1": 0.9098497495826378, "VL_hits1": 0.9332220367278798, "TR_hits10": 0.6666666666666666, "VL_hits10": 0.9266666666666666}