{"TR_hits1": 0.9241573033707865, "VL_hits1": 0.9438202247191011, "TR_hits10": 0.7415730337078652, "VL_hits10": 0.9213483146067416}