{"TR_hits1": 0.6330532212885154, "VL_hits1": 0.6414565826330533, "TR_hits10": 0.5921787709497207, "VL_hits10": 0.6201117318435754}