{"TR_hits1": 0.24868282402528977, "VL_hits1": 0.21428571428571427, "TR_hits10": 0.28872497365648053, "VL_hits10": 0.25210084033613445}