{"TR_hits1": 0.3121869782971619, "VL_hits1": 0.3555926544240401, "TR_hits10": 0.3466666666666667, "VL_hits10": 0.38}