{"TR_hits1": 0.16020025031289112, "VL_hits1": 0.15, "TR_hits10": 0.2327909887359199, "VL_hits10": 0.23}