{"TR_hits1": 0.8490566037735849, "VL_hits1": 0.8757861635220126, "TR_hits10": 0.65, "VL_hits10": 0.925}