{"TR_hits1": 0.40392706872370265, "VL_hits1": 0.4670406732117812, "TR_hits10": 0.36312849162011174, "VL_hits10": 0.4748603351955307}