{"TR_hits1": 0.3709090909090909, "VL_hits1": 0.3140096618357488, "TR_hits10": 0.45696969696969697, "VL_hits10": 0.3961352657004831}