{"TR_hits1": 0.4539951573849879, "VL_hits1": 0.40096618357487923, "TR_hits10": 0.5157384987893463, "VL_hits10": 0.45410628019323673}