{"TR_hits1": 0.3487833140208575, "VL_hits1": 0.3425925925925926, "TR_hits10": 0.42526071842410196, "VL_hits10": 0.4166666666666667}