{"TR_hits1": 0.295369211514393, "VL_hits1": 0.135, "TR_hits10": 0.30037546933667086, "VL_hits10": 0.24}