{"TR_hits1": 0.38181818181818183, "VL_hits1": 0.4057971014492754, "TR_hits10": 0.4496969696969697, "VL_hits10": 0.45893719806763283}