{"TR_hits1": 0.7408963585434174, "VL_hits1": 0.7478991596638656, "TR_hits10": 0.6759776536312849, "VL_hits10": 0.6983240223463687}