{"TR_hits1": 0.44741235392320533, "VL_hits1": 0.4691151919866444, "TR_hits10": 0.4266666666666667, "VL_hits10": 0.46}