{"TR_hits1": 0.34056761268781305, "VL_hits1": 0.34390651085141904, "TR_hits10": 0.24, "VL_hits10": 0.2733333333333333}