{"TR_hits1": 0.3635405690200211, "VL_hits1": 0.2815126050420168, "TR_hits10": 0.40990516332982085, "VL_hits10": 0.35294117647058826}