{"TR_hits1": 0.5469336670838548, "VL_hits1": 0.59, "TR_hits10": 0.6007509386733417, "VL_hits10": 0.66}