{"TR_hits1": 0.49841938883034775, "VL_hits1": 0.37815126050420167, "TR_hits10": 0.5036880927291886, "VL_hits10": 0.42857142857142855}