{"TR_hits1": 0.20754716981132076, "VL_hits1": 0.15492957746478872, "TR_hits10": 0.23820754716981132, "VL_hits10": 0.18309859154929578}