{"TR_hits1": 0.49818181818181817, "VL_hits1": 0.46859903381642515, "TR_hits10": 0.526060606060606, "VL_hits10": 0.5217391304347826}