{"TR_hits1": 0.7722685388328214, "VL_hits1": 0.7893813075910487, "TR_hits10": 0.6684210526315789, "VL_hits10": 0.7210526315789474}