{"TR_hits1": 0.8778089887640449, "VL_hits1": 0.9185393258426966, "TR_hits10": 0.6797752808988764, "VL_hits10": 0.8932584269662921}