{"TR_hits1": 0.4968553459119497, "VL_hits1": 0.43125, "TR_hits10": 0.559748427672956, "VL_hits10": 0.49375}