{"TR_hits1": 0.5770308123249299, "VL_hits1": 0.5910364145658263, "TR_hits10": 0.45251396648044695, "VL_hits10": 0.4860335195530726}