{"TR_hits1": 0.0, "VL_hits1": 0.017741935483870968, "TR_hits10": 0.0064516129032258064, "VL_hits10": 0.0064516129032258064}