{"TR_hits1": 0.8861959957850368, "VL_hits1": 0.5966386554621849, "TR_hits10": 0.9062170706006323, "VL_hits10": 0.9033613445378151}