{"ts_hits1": 0.0004909868836361086, "ts_hits10": 0.003577190152205934, "tr_hits1": 0.0, "tr_hits10": 0.0}