{"ts_hits1": 0.5324402048116714, "ts_hits10": 0.6093147225924107, "tr_hits1": 0.85, "tr_hits10": 0.9}