{"ts_hits1": 0.0009819737672722172, "ts_hits10": 0.003507049168829347, "tr_hits1": 0.0, "tr_hits10": 0.05}