{"ts_hits1": 0.5045240934277898, "ts_hits10": 0.5771200112225573, "tr_hits1": 0.65, "tr_hits10": 0.7}