{"ts_hits1": 0.0007715508171424563, "ts_hits10": 0.011643403240513432, "tr_hits1": 0.0, "tr_hits10": 0.1}