{"ts_hits1": 0.4451848214911973, "ts_hits10": 0.5059269130953216, "tr_hits1": 0.7, "tr_hits10": 0.7}