{"ts_hits1": 0.0003507049168829347, "ts_hits10": 0.0028757803184400643, "tr_hits1": 0.0, "tr_hits10": 0.0}