{"ts_hits1": 0.5142736901171354, "ts_hits10": 0.5895349652802132, "tr_hits1": 0.75, "tr_hits10": 0.75}