{"ts_hits1": 0.5073297327628533, "ts_hits10": 0.5781721259732061, "tr_hits1": 0.45, "tr_hits10": 0.45}