{"ts_hits1": 0.5374202146314091, "ts_hits10": 0.6182927684646139, "tr_hits1": 0.8, "tr_hits10": 0.8}