{"ts_hits1": 0.0016132426176614996, "ts_hits10": 0.012344813074279301, "tr_hits1": 0.05, "tr_hits10": 0.25}