{"ts_hits1": 0.5689836571508733, "ts_hits10": 0.6457880339482359, "tr_hits1": 0.65, "tr_hits10": 0.7}