{"ts_hits1": 0.5330013326786841, "ts_hits10": 0.6093848635757874, "tr_hits1": 0.85, "tr_hits10": 0.85}