{"ts_hits1": 0.0009118327838956302, "ts_hits10": 0.00505015080311426, "tr_hits1": 0.0, "tr_hits10": 0.0}