{"ts_hits1": 0.5205162376376516, "ts_hits10": 0.596198358700989, "tr_hits1": 0.7, "tr_hits10": 0.7}