{"ts_hits1": 0.0007715508171424563, "ts_hits10": 0.004559163919478151, "tr_hits1": 0.0, "tr_hits10": 0.0}