{"ts_hits1": 0.5186224310864839, "ts_hits10": 0.5950761029669636, "tr_hits1": 0.65, "tr_hits10": 0.65}