{"ts_hits1": 0.0007715508171424563, "ts_hits10": 0.009749596689345585, "tr_hits1": 0.0, "tr_hits10": 0.1}