{"ts_hits1": 0.4864277197166304, "ts_hits10": 0.5563582801430876, "tr_hits1": 0.8, "tr_hits10": 0.8}