{"ts_hits1": 0.0007715508171424563, "ts_hits10": 0.004909868836361086, "tr_hits1": 0.0, "tr_hits10": 0.05}