{"ts_hits1": 0.5623202637300975, "ts_hits10": 0.6535035421196606, "tr_hits1": 0.9, "tr_hits10": 0.9}