{"ts_hits1": 0.0004909868836361086, "ts_hits10": 0.004418881952724977, "tr_hits1": 0.1, "tr_hits10": 0.1}