{"ts_hits1": 0.5680718243669777, "ts_hits10": 0.6553973486708283, "tr_hits1": 0.7, "tr_hits10": 0.8}