{"ts_hits1": 0.4983516868906502, "ts_hits10": 0.5755769095882725, "tr_hits1": 0.5, "tr_hits10": 0.5}