{"ts_hits1": 0.0006312688503892825, "ts_hits10": 0.0038577540857122816, "tr_hits1": 0.0, "tr_hits10": 0.1}