{"ts_hits1": 0.4774496738444273, "ts_hits10": 0.5573402539103598, "tr_hits1": 0.65, "tr_hits10": 0.65}