{"ts_hits1": 0.0007715508171424563, "ts_hits10": 0.0037174721189591076, "tr_hits1": 0.0, "tr_hits10": 0.0}