{"ts_hits1": 0.5708073227186645, "ts_hits10": 0.6542049519534264, "tr_hits1": 0.7, "tr_hits10": 0.7}