{"ts_hits1": 0.0009819737672722172, "ts_hits10": 0.004769586869607912, "tr_hits1": 0.0, "tr_hits10": 0.0}