{"ts_hits1": 0.5644244932313951, "ts_hits10": 0.6448060601809638, "tr_hits1": 0.65, "tr_hits10": 0.65}