{"ts_hits1": 0.0003507049168829347, "ts_hits10": 0.004769586869607912, "tr_hits1": 0.0, "tr_hits10": 0.0}