{"ts_hits1": 0.48474433611559237, "ts_hits10": 0.5593042014449042, "tr_hits1": 0.65, "tr_hits10": 0.65}