{"ts_hits1": 0.5034719786771411, "ts_hits10": 0.5698954899347689, "tr_hits1": 0.75, "tr_hits10": 0.75}