{"ts_hits1": 0.001262537700778565, "ts_hits10": 0.005891842603633303, "tr_hits1": 0.05, "tr_hits10": 0.05}