{"ts_hits1": 0.5010871852423371, "ts_hits10": 0.5738233850038578, "tr_hits1": 0.55, "tr_hits10": 0.55}