{"TR_hits1": 0.503030303030303, "VL_hits1": 0.2995169082125604, "TR_hits10": 0.5793939393939394, "VL_hits10": 0.5410628019323671}