{"TR_hits1": 0.8130841121495327, "TS_hits1": 0.8931909212283045, "TR_hits10": 0.5645362293038989, "TS_hits10": 0.6524835321345914}