{"TR_hits1": 0.6261682242990654, "TS_hits1": 0.5209186398433328, "TR_hits10": 0.7476635514018691, "TS_hits10": 0.6234644828200107}