{"TR_hits1": 0.7948303715670436, "VL_hits1": 0.8061389337641357, "TR_hits10": 0.43870967741935485, "VL_hits10": 0.7677419354838709}