{"TR_hits1": 0.8209677419354838, "VL_hits1": 0.8241935483870968, "TR_hits10": 0.5225806451612903, "VL_hits10": 0.7354838709677419}