{"TR_hits1": 0.605890603085554, "VL_hits1": 0.6507713884992987, "TR_hits10": 0.5251396648044693, "VL_hits10": 0.5865921787709497}