{"TR_hits1": 0.8415147265077139, "VL_hits1": 0.8709677419354839, "TR_hits10": 0.6312849162011173, "VL_hits10": 0.8770949720670391}