{"TR_hits1": 0.6680672268907563, "VL_hits1": 0.6386554621848739, "TR_hits10": 0.6701680672268907, "VL_hits10": 0.6890756302521008}