{"TR_hits1": 0.47058823529411764, "VL_hits1": 0.485, "TR_hits10": 0.5043804755944932, "VL_hits10": 0.535}