{"TR_hits1": 0.5063113604488079, "VL_hits1": 0.5245441795231417, "TR_hits10": 0.48044692737430167, "VL_hits10": 0.5027932960893855}