{"TR_hits1": 0.9302019315188762, "VL_hits1": 0.9416154521510096, "TR_hits10": 0.7614035087719299, "VL_hits10": 0.9315789473684211}