{"TR_hits1": 0.6796218487394958, "VL_hits1": 0.47478991596638653, "TR_hits10": 0.7752100840336135, "VL_hits10": 0.7310924369747899}