{"TR_hits1": 0.5133239831697055, "VL_hits1": 0.5189340813464236, "TR_hits10": 0.4581005586592179, "VL_hits10": 0.4692737430167598}