{"TR_hits1": 0.4123422159887798, "VL_hits1": 0.4628330995792426, "TR_hits10": 0.329608938547486, "VL_hits10": 0.41899441340782123}