{"TR_hits1": 0.4317226890756303, "VL_hits1": 0.4831932773109244, "TR_hits10": 0.47689075630252103, "VL_hits10": 0.5210084033613446}