{"TR_hits1": 0.3688639551192146, "VL_hits1": 0.38288920056100983, "TR_hits10": 0.3575418994413408, "VL_hits10": 0.3854748603351955}