{"TR_hits1": 0.3977172958735733, "VL_hits1": 0.4161545215100966, "TR_hits10": 0.387719298245614, "VL_hits10": 0.4052631578947368}