{"TR_hits1": 0.5838454784899034, "VL_hits1": 0.6602282704126426, "TR_hits10": 0.5245614035087719, "VL_hits10": 0.6017543859649123}