{"TR_hits1": 0.29662077596996245, "VL_hits1": 0.285, "TR_hits10": 0.3241551939924906, "VL_hits10": 0.365}