{"TR_hits1": 0.3487654320987654, "VL_hits1": 0.35185185185185186, "TR_hits10": 0.45987654320987653, "VL_hits10": 0.4876543209876543}