{"TR_hits1": 0.8820224719101124, "VL_hits1": 0.9396067415730337, "TR_hits10": 0.7359550561797753, "VL_hits10": 0.9101123595505618}