{"TR_hits1": 0.3714622641509434, "VL_hits1": 0.3051643192488263, "TR_hits10": 0.4068396226415094, "VL_hits10": 0.3568075117370892}