{"TR_hits1": 0.9398595258999122, "VL_hits1": 0.9477611940298507, "TR_hits10": 0.7578947368421053, "VL_hits10": 0.9438596491228071}