{"TR_hits1": 0.7612988152698552, "VL_hits1": 0.766564282580079, "TR_hits10": 0.7052631578947368, "VL_hits10": 0.7385964912280701}