{"TR_hits1": 0.591747146619842, "VL_hits1": 0.5970149253731343, "TR_hits10": 0.5508771929824562, "VL_hits10": 0.5666666666666667}