{"TR_hits1": 0.2637729549248748, "VL_hits1": 0.333889816360601, "TR_hits10": 0.23333333333333334, "VL_hits10": 0.3}