{"TR_hits1": 0.7212885154061625, "VL_hits1": 0.7226890756302521, "TR_hits10": 0.6033519553072626, "VL_hits10": 0.6815642458100558}