{"TR_hits1": 0.6260504201680672, "VL_hits1": 0.6050420168067226, "TR_hits10": 0.6869747899159664, "VL_hits10": 0.6554621848739496}