{"TR_hits1": 0.2838063439065108, "VL_hits1": 0.2854757929883139, "TR_hits10": 0.26666666666666666, "VL_hits10": 0.28}