{"TR_hits1": 0.800351031154015, "VL_hits1": 0.8183413777972796, "TR_hits10": 0.743859649122807, "VL_hits10": 0.7736842105263158}