{"TR_hits1": 0.3380084151472651, "VL_hits1": 0.34642356241234223, "TR_hits10": 0.35195530726256985, "VL_hits10": 0.36312849162011174}