{"TR_hits1": 0.5092186128182616, "VL_hits1": 0.5162423178226514, "TR_hits10": 0.48947368421052634, "VL_hits10": 0.49473684210526314}