{"TR_hits1": 0.5287406757349715, "VL_hits1": 0.5331285651601579, "TR_hits10": 0.531578947368421, "VL_hits10": 0.5368421052631579}