{"TR_hits1": 0.6190476190476191, "VL_hits1": 0.659217877094972, "TR_hits10": 0.6988795518207283, "VL_hits10": 0.7262569832402235}