{"TR_hits1": 0.7717086834733894, "VL_hits1": 0.7941176470588235, "TR_hits10": 0.659217877094972, "VL_hits10": 0.7206703910614525}