{"TR_hits1": 0.4868282402528978, "VL_hits1": 0.3739495798319328, "TR_hits10": 0.4931506849315068, "VL_hits10": 0.3949579831932773}