{"TR_hits1": 0.337228714524207, "VL_hits1": 0.3672787979966611, "TR_hits10": 0.29333333333333333, "VL_hits10": 0.32}