{"TR_hits1": 0.7935483870967742, "VL_hits1": 0.8016129032258065, "TR_hits10": 0.5741935483870968, "VL_hits10": 0.7483870967741936}