{"TR_hits1": 0.5806111696522656, "VL_hits1": 0.4831932773109244, "TR_hits10": 0.5816649104320337, "VL_hits10": 0.49159663865546216}