{"TR_hits1": 0.27378964941569284, "VL_hits1": 0.31719532554257096, "TR_hits10": 0.36, "VL_hits10": 0.4}