{"TR_hits1": 0.6790266512166859, "VL_hits1": 0.3888888888888889, "TR_hits10": 0.7184241019698725, "VL_hits10": 0.6388888888888888}