{"TR_hits1": 0.8341377797279509, "VL_hits1": 0.8394032470381746, "TR_hits10": 0.7350877192982456, "VL_hits10": 0.7947368421052632}