{"TR_hits1": 0.9635645302897279, "VL_hits1": 0.9701492537313433, "TR_hits10": 0.8228070175438597, "VL_hits10": 0.9508771929824561}