{"TR_hits1": 0.6193820224719101, "VL_hits1": 0.5977653631284916, "TR_hits10": 0.6769662921348315, "VL_hits10": 0.6815642458100558}