{"TR_hits1": 0.5168067226890757, "VL_hits1": 0.4831932773109244, "TR_hits10": 0.5588235294117647, "VL_hits10": 0.5210084033613446}