{"TR_hits1": 0.906030855539972, "VL_hits1": 0.9102384291725105, "TR_hits10": 0.7318435754189944, "VL_hits10": 0.8994413407821229}