{"TR_hits1": 0.012622720897615708, "VL_hits1": 0.0223463687150838, "TR_hits10": 0.04488078541374474, "VL_hits10": 0.0446927374301676}