{"TR_hits1": 0.6549636803874092, "VL_hits1": 0.42028985507246375, "TR_hits10": 0.7469733656174334, "VL_hits10": 0.748792270531401}