{"TR_hits1": 0.4040066777963272, "VL_hits1": 0.4674457429048414, "TR_hits10": 0.37333333333333335, "VL_hits10": 0.4066666666666667}