{"TR_hits1": 0.9587357330992098, "VL_hits1": 0.9754170324846356, "TR_hits10": 0.843859649122807, "VL_hits10": 0.9526315789473684}