{"TR_hits1": 0.3792016806722689, "VL_hits1": 0.31092436974789917, "TR_hits10": 0.3918067226890756, "VL_hits10": 0.3403361344537815}