{"TR_hits1": 0.4950911640953717, "VL_hits1": 0.605890603085554, "TR_hits10": 0.4972067039106145, "VL_hits10": 0.5754189944134078}