{"TR_hits1": 0.9170324846356454, "VL_hits1": 0.9438103599648815, "TR_hits10": 0.7649122807017544, "VL_hits10": 0.9192982456140351}