{"TR_hits1": 0.7124394184168013, "VL_hits1": 0.7140549273021002, "TR_hits10": 0.3935483870967742, "VL_hits10": 0.6258064516129033}