{"TR_hits1": 0.4023372287145242, "VL_hits1": 0.41068447412353926, "TR_hits10": 0.36666666666666664, "VL_hits10": 0.3933333333333333}