{"TR_hits1": 0.7258064516129032, "VL_hits1": 0.7935483870967742, "TR_hits10": 0.567741935483871, "VL_hits10": 0.7806451612903226}