{"TR_hits1": 0.4011220196353436, "VL_hits1": 0.40813464235624125, "TR_hits10": 0.3240223463687151, "VL_hits10": 0.3463687150837989}