{"TR_hits1": 0.4012605042016807, "VL_hits1": 0.40756302521008403, "TR_hits10": 0.42857142857142855, "VL_hits10": 0.44537815126050423}