{"TR_hits1": 0.8148148148148148, "VL_hits1": 0.8302469135802469, "TR_hits10": 0.5308641975308642, "VL_hits10": 0.808641975308642}