{"TR_hits1": 0.7515364354697103, "VL_hits1": 0.7633889376646181, "TR_hits10": 0.6947368421052632, "VL_hits10": 0.7368421052631579}