{"TR_hits1": 0.45883777239709445, "VL_hits1": 0.3719806763285024, "TR_hits10": 0.5387409200968523, "VL_hits10": 0.4251207729468599}