{"TR_hits1": 0.7532923617208077, "VL_hits1": 0.7642669007901668, "TR_hits10": 0.6771929824561403, "VL_hits10": 0.7192982456140351}