{"TR_hits1": 0.4992987377279102, "VL_hits1": 0.5091164095371669, "TR_hits10": 0.4692737430167598, "VL_hits10": 0.48044692737430167}