{"TR_hits1": 0.9397759103641457, "VL_hits1": 0.9607843137254902, "TR_hits10": 0.7262569832402235, "VL_hits10": 0.9050279329608939}