{"TR_hits1": 0.1423611111111111, "VL_hits1": 0.1388888888888889, "TR_hits10": 0.20717592592592593, "VL_hits10": 0.19907407407407407}