{"TR_hits1": 0.5448113207547169, "VL_hits1": 0.5258215962441315, "TR_hits10": 0.5636792452830188, "VL_hits10": 0.596244131455399}