{"TR_hits1": 0.7011847301448003, "VL_hits1": 0.7200526546731022, "TR_hits10": 0.6228070175438597, "VL_hits10": 0.6684210526315789}