{"TR_hits1": 0.6919354838709677, "VL_hits1": 0.7467741935483871, "TR_hits10": 0.5096774193548387, "VL_hits10": 0.7419354838709677}