{"TR_hits1": 0.6788218793828892, "VL_hits1": 0.6830294530154277, "TR_hits10": 0.6256983240223464, "VL_hits10": 0.664804469273743}