{"TR_hits1": 0.27784730913642053, "VL_hits1": 0.245, "TR_hits10": 0.31038798498122655, "VL_hits10": 0.3}