{"TR_hits1": 0.9575471698113207, "VL_hits1": 0.9716981132075472, "TR_hits10": 0.68125, "VL_hits10": 0.90625}