{"TR_hits1": 0.3506311360448808, "VL_hits1": 0.3590462833099579, "TR_hits10": 0.36312849162011174, "VL_hits10": 0.3743016759776536}