{"TR_hits1": 0.2786540483701367, "VL_hits1": 0.2184873949579832, "TR_hits10": 0.3017875920084122, "VL_hits10": 0.2857142857142857}