{"TR_hits1": 0.48366701791359323, "VL_hits1": 0.22268907563025211, "TR_hits10": 0.5869336143308747, "VL_hits10": 0.5462184873949579}