{"TR_hits1": 0.6342592592592593, "VL_hits1": 0.3888888888888889, "TR_hits10": 0.6817129629629629, "VL_hits10": 0.6666666666666666}