{"TR_hits1": 0.8191395961369623, "VL_hits1": 0.8222124670763828, "TR_hits10": 0.7596491228070176, "VL_hits10": 0.8245614035087719}