{"TR_hits1": 0.8497495826377296, "VL_hits1": 0.8697829716193656, "TR_hits10": 0.4866666666666667, "VL_hits10": 0.84}