{"TR_hits1": 0.4691151919866444, "VL_hits1": 0.5642737896494157, "TR_hits10": 0.4533333333333333, "VL_hits10": 0.5133333333333333}