{"TR_hits1": 0.5373134328358209, "VL_hits1": 0.6106233538191396, "TR_hits10": 0.5508771929824562, "VL_hits10": 0.6070175438596491}