{"TR_hits1": 0.4212962962962963, "VL_hits1": 0.3611111111111111, "TR_hits10": 0.4895833333333333, "VL_hits10": 0.42592592592592593}