{"TR_hits1": 0.9534679543459175, "VL_hits1": 0.961369622475856, "TR_hits10": 0.7859649122807018, "VL_hits10": 0.9508771929824561}