{"avg_TR_hits1": 0.7061269139082126, "std_TR_hits1": 0.2832452030905102, "avg_TS_hits1": 0.27008299981156353, "std_TS_hits1": 0.11119097897258173, "avg_TR_hits10": 0.7568076473781241, "std_TR_hits10": 0.3062553606029665, "avg_TS_hits10": 0.5017286785631923, "std_TS_hits10": 0.19233577271069843}