{"TR_hits1": 0.22203672787979967, "VL_hits1": 0.2587646076794658, "TR_hits10": 0.2, "VL_hits10": 0.26}