{"TR_hits1": 0.6736672051696284, "VL_hits1": 0.7172859450726979, "TR_hits10": 0.36774193548387096, "VL_hits10": 0.632258064516129}