{"TR_hits1": 0.8929173693086003, "TS_hits1": 0.675526618153964, "TR_hits10": 0.9097807757166948, "TS_hits10": 0.9064726158559939}