{"TR_hits1": 0.6078431372549019, "VL_hits1": 0.547486033519553, "TR_hits10": 0.6778711484593838, "VL_hits10": 0.6312849162011173}