{"TR_hits1": 0.47198879551820727, "VL_hits1": 0.530812324929972, "TR_hits10": 0.4581005586592179, "VL_hits10": 0.547486033519553}