{"TR_hits1": 0.571127502634352, "VL_hits1": 0.5504201680672269, "TR_hits10": 0.5763962065331928, "VL_hits10": 0.5546218487394958}