{"TR_hits1": 0.8271604938271605, "VL_hits1": 0.8425925925925926, "TR_hits10": 0.5555555555555556, "VL_hits10": 0.8271604938271605}