{"TR_hits1": 0.6330532212885154, "VL_hits1": 0.6428571428571429, "TR_hits10": 0.547486033519553, "VL_hits10": 0.5586592178770949}