{"TR_hits1": 0.21412037037037038, "VL_hits1": 0.19907407407407407, "TR_hits10": 0.2337962962962963, "VL_hits10": 0.25}