{"TR_hits1": 0.3555926544240401, "VL_hits1": 0.3806343906510851, "TR_hits10": 0.34, "VL_hits10": 0.37333333333333335}