{"TR_hits1": 0.9157155399473222, "VL_hits1": 0.9424934152765584, "TR_hits10": 0.7807017543859649, "VL_hits10": 0.9403508771929825}