{"TR_hits1": 0.4307178631051753, "VL_hits1": 0.4791318864774624, "TR_hits10": 0.38, "VL_hits10": 0.43333333333333335}