{"TR_hits1": 0.4724540901502504, "VL_hits1": 0.38666666666666666, "TR_hits10": 0.4958263772954925, "VL_hits10": 0.42}