{"TR_hits1": 0.9530289727831431, "VL_hits1": 0.9552238805970149, "TR_hits10": 0.7649122807017544, "VL_hits10": 0.9192982456140351}