{"TR_hits1": 0.23983169705469845, "VL_hits1": 0.2861150070126227, "TR_hits10": 0.21787709497206703, "VL_hits10": 0.2849162011173184}