{"TR_hits1": 0.9104938271604939, "VL_hits1": 0.9475308641975309, "TR_hits10": 0.5987654320987654, "VL_hits10": 0.8580246913580247}