{"TR_hits1": 0.8345021037868162, "VL_hits1": 0.879382889200561, "TR_hits10": 0.659217877094972, "VL_hits10": 0.8659217877094972}