{"TR_hits1": 0.7657407407407407, "TS_hits1": 0.4334062973564573, "TR_hits10": 0.8722222222222222, "TS_hits10": 0.5773699275972386}