{"TR_hits1": 0.4984567901234568, "VL_hits1": 0.42592592592592593, "TR_hits10": 0.5416666666666666, "VL_hits10": 0.5246913580246914}