{"TR_hits1": 0.7194950911640954, "VL_hits1": 0.7251051893408135, "TR_hits10": 0.6312849162011173, "VL_hits10": 0.6759776536312849}