{"TR_hits1": 0.1633835457705678, "VL_hits1": 0.17592592592592593, "TR_hits10": 0.17844727694090382, "VL_hits10": 0.21296296296296297}