{"TR_hits1": 0.3739565943238731, "VL_hits1": 0.38564273789649417, "TR_hits10": 0.30666666666666664, "VL_hits10": 0.34}