{"TR_hits1": 0.7808641975308642, "VL_hits1": 0.8055555555555556, "TR_hits10": 0.5308641975308642, "VL_hits10": 0.7530864197530864}