{"TR_hits1": 0.9451273046532046, "VL_hits1": 0.9640035118525022, "TR_hits10": 0.8421052631578947, "VL_hits10": 0.9543859649122807}