{"TR_hits1": 0.5273492286115007, "VL_hits1": 0.5722300140252454, "TR_hits10": 0.4748603351955307, "VL_hits10": 0.5307262569832403}