{"TR_hits1": 0.8333333333333334, "VL_hits1": 0.8805031446540881, "TR_hits10": 0.6375, "VL_hits10": 0.8875}