{"TR_hits1": 0.6997366110623354, "VL_hits1": 0.7102721685689201, "TR_hits10": 0.5736842105263158, "VL_hits10": 0.631578947368421}