{"TR_hits1": 0.5862552594670407, "VL_hits1": 0.5988779803646563, "TR_hits10": 0.5307262569832403, "VL_hits10": 0.553072625698324}