{"TR_hits1": 0.2804621848739496, "VL_hits1": 0.25210084033613445, "TR_hits10": 0.34138655462184875, "VL_hits10": 0.3067226890756303}