{"TR_hits1": 0.31092436974789917, "VL_hits1": 0.3403361344537815, "TR_hits10": 0.3865546218487395, "VL_hits10": 0.40756302521008403}