{"TR_hits1": 0.5021037868162693, "VL_hits1": 0.5021037868162693, "TR_hits10": 0.4245810055865922, "VL_hits10": 0.441340782122905}