{"TR_hits1": 0.5158597662771286, "VL_hits1": 0.5308848080133556, "TR_hits10": 0.49333333333333335, "VL_hits10": 0.5333333333333333}