{"TR_hits1": 0.3997194950911641, "VL_hits1": 0.40953716690042075, "TR_hits10": 0.3743016759776536, "VL_hits10": 0.3854748603351955}