{"TR_hits1": 0.5596072931276297, "VL_hits1": 0.5694249649368864, "TR_hits10": 0.4692737430167598, "VL_hits10": 0.4972067039106145}