{"TR_hits1": 0.8030050083472454, "VL_hits1": 0.8146911519198664, "TR_hits10": 0.46, "VL_hits10": 0.74}