{"TR_hits1": 0.27712854757929883, "VL_hits1": 0.330550918196995, "TR_hits10": 0.30666666666666664, "VL_hits10": 0.35333333333333333}