{"TR_hits1": 0.36259877085162423, "VL_hits1": 0.39640035118525024, "TR_hits10": 0.3929824561403509, "VL_hits10": 0.44035087719298244}