{"TR_hits1": 0.49764150943396224, "VL_hits1": 0.3755868544600939, "TR_hits10": 0.5094339622641509, "VL_hits10": 0.4225352112676056}