{"TR_hits1": 0.36202830188679247, "VL_hits1": 0.30985915492957744, "TR_hits10": 0.36556603773584906, "VL_hits10": 0.3333333333333333}