{"TR_hits1": 0.922739244951712, "VL_hits1": 0.9486391571553995, "TR_hits10": 0.7649122807017544, "VL_hits10": 0.9315789473684211}