{"TR_hits1": 0.4669811320754717, "VL_hits1": 0.4875, "TR_hits10": 0.559748427672956, "VL_hits10": 0.575}