{"TR_hits1": 0.5373134328358209, "VL_hits1": 0.5377524143985952, "TR_hits10": 0.5105263157894737, "VL_hits10": 0.5210526315789473}