{"TR_hits1": 0.25333333333333335, "VL_hits1": 0.178743961352657, "TR_hits10": 0.2787878787878788, "VL_hits10": 0.24154589371980675}