{"TR_hits1": 0.9353932584269663, "VL_hits1": 0.9606741573033708, "TR_hits10": 0.8033707865168539, "VL_hits10": 0.9438202247191011}