{"TR_hits1": 0.8555750658472344, "VL_hits1": 0.8599648814749781, "TR_hits10": 0.7982456140350878, "VL_hits10": 0.8508771929824561}