{"TR_hits1": 0.7019315188762072, "VL_hits1": 0.7120280948200176, "TR_hits10": 0.6087719298245614, "VL_hits10": 0.6614035087719298}