{"TR_hits1": 0.8797996661101837, "VL_hits1": 0.9165275459098498, "TR_hits10": 0.6, "VL_hits10": 0.88}