{"TR_hits1": 0.4507512520868113, "VL_hits1": 0.4557595993322204, "TR_hits10": 0.34, "VL_hits10": 0.38}