{"TR_hits1": 0.8635366388767003, "VL_hits1": 0.8688021061869241, "TR_hits10": 0.7912280701754386, "VL_hits10": 0.8543859649122807}