{"TR_hits1": 0.7778753292361721, "VL_hits1": 0.786215978928885, "TR_hits10": 0.712280701754386, "VL_hits10": 0.7526315789473684}