{"TR_hits1": 0.8007898200965335, "VL_hits1": 0.8038613426941641, "TR_hits10": 0.6877192982456141, "VL_hits10": 0.7315789473684211}