{"TR_hits1": 0.3541927409261577, "VL_hits1": 0.275, "TR_hits10": 0.3591989987484355, "VL_hits10": 0.31}