{"TR_hits1": 0.9372256365232661, "VL_hits1": 0.9604916593503073, "TR_hits10": 0.8175438596491228, "VL_hits10": 0.9491228070175438}