{"TR_hits1": 0.52414398595259, "VL_hits1": 0.5294117647058824, "TR_hits10": 0.5263157894736842, "VL_hits10": 0.5385964912280702}