{"TR_hits1": 0.41068447412353926, "VL_hits1": 0.4958263772954925, "TR_hits10": 0.4, "VL_hits10": 0.47333333333333333}