{"TR_hits1": 0.296969696969697, "VL_hits1": 0.26570048309178745, "TR_hits10": 0.32727272727272727, "VL_hits10": 0.3526570048309179}