{"TR_hits1": 0.5436320754716981, "VL_hits1": 0.5492957746478874, "TR_hits10": 0.5566037735849056, "VL_hits10": 0.6244131455399061}