{"TR_hits1": 0.25782227784730916, "VL_hits1": 0.25, "TR_hits10": 0.27784730913642053, "VL_hits10": 0.285}