{"TR_hits1": 0.8797718297498903, "VL_hits1": 0.8832821412900395, "TR_hits10": 0.7543859649122807, "VL_hits10": 0.8245614035087719}