{"TR_hits1": 0.3071786310517529, "VL_hits1": 0.37061769616026713, "TR_hits10": 0.31333333333333335, "VL_hits10": 0.3333333333333333}