{"TR_hits1": 0.7036874451273046, "VL_hits1": 0.728270412642669, "TR_hits10": 0.6421052631578947, "VL_hits10": 0.6824561403508772}