{"TR_hits1": 0.2703030303030303, "VL_hits1": 0.24154589371980675, "TR_hits10": 0.29333333333333333, "VL_hits10": 0.2946859903381642}