{"TR_hits1": 0.7463651050080775, "VL_hits1": 0.7560581583198708, "TR_hits10": 0.432258064516129, "VL_hits10": 0.6838709677419355}