{"TR_hits1": 0.33101851851851855, "VL_hits1": 0.38425925925925924, "TR_hits10": 0.41782407407407407, "VL_hits10": 0.46296296296296297}