{"TR_hits1": 0.6708615682478218, "TS_hits1": 0.5513384994716449, "TR_hits10": 0.7812197483059051, "TS_hits10": 0.6564811553363861}