{"TR_hits1": 0.8773584905660378, "VL_hits1": 0.9056603773584906, "TR_hits10": 0.6037735849056604, "VL_hits10": 0.8553459119496856}