{"TR_hits1": 0.5913865546218487, "VL_hits1": 0.5084033613445378, "TR_hits10": 0.6050420168067226, "VL_hits10": 0.5336134453781513}