{"TR_hits1": 0.44073455759599334, "VL_hits1": 0.5559265442404007, "TR_hits10": 0.47333333333333333, "VL_hits10": 0.5466666666666666}