{"TR_hits1": 0.22685185185185186, "VL_hits1": 0.1712962962962963, "TR_hits10": 0.25810185185185186, "VL_hits10": 0.19444444444444445}