{"TR_hits1": 0.568922305764411, "VL_hits1": 0.425, "TR_hits10": 0.575187969924812, "VL_hits10": 0.47}