{"TR_hits1": 0.44240400667779634, "VL_hits1": 0.4707846410684474, "TR_hits10": 0.3933333333333333, "VL_hits10": 0.44}