{"TR_hits1": 0.752414398595259, "VL_hits1": 0.7585601404741001, "TR_hits10": 0.6719298245614035, "VL_hits10": 0.7087719298245614}