{"TR_hits1": 0.3946731234866828, "VL_hits1": 0.391304347826087, "TR_hits10": 0.45036319612590797, "VL_hits10": 0.42995169082125606}