{"TR_hits1": 0.3867334167709637, "VL_hits1": 0.405, "TR_hits10": 0.44806007509386736, "VL_hits10": 0.455}