{"TR_hits1": 0.4715151515151515, "VL_hits1": 0.3719806763285024, "TR_hits10": 0.5175757575757576, "VL_hits10": 0.4444444444444444}