{"TR_hits1": 0.3579474342928661, "VL_hits1": 0.295, "TR_hits10": 0.4267834793491865, "VL_hits10": 0.365}