{"TR_hits1": 0.6305397103992979, "VL_hits1": 0.6318560772268539, "TR_hits10": 0.5982456140350877, "VL_hits10": 0.6157894736842106}