{"TR_hits1": 0.3884992987377279, "VL_hits1": 0.394109396914446, "TR_hits10": 0.3128491620111732, "VL_hits10": 0.3854748603351955}