{"TR_hits1": 0.3617208077260755, "VL_hits1": 0.3691834942932397, "TR_hits10": 0.3736842105263158, "VL_hits10": 0.38421052631578945}