{"TR_hits1": 0.3870967741935484, "VL_hits1": 0.46143057503506313, "TR_hits10": 0.3575418994413408, "VL_hits10": 0.45251396648044695}