{"TR_hits1": 0.8161764705882353, "VL_hits1": 0.5798319327731093, "TR_hits10": 0.8508403361344538, "VL_hits10": 0.7857142857142857}