{"TR_hits1": 0.17570754716981132, "VL_hits1": 0.16901408450704225, "TR_hits10": 0.2429245283018868, "VL_hits10": 0.2347417840375587}