{"TR_hits1": 0.7140549273021002, "VL_hits1": 0.7625201938610663, "TR_hits10": 0.4838709677419355, "VL_hits10": 0.7161290322580646}