{"TR_hits1": 0.3672787979966611, "VL_hits1": 0.3806343906510851, "TR_hits10": 0.26, "VL_hits10": 0.32666666666666666}