{"TR_hits1": 0.8160377358490566, "VL_hits1": 0.839622641509434, "TR_hits10": 0.5, "VL_hits10": 0.78125}