{"TR_hits1": 0.3259493670886076, "VL_hits1": 0.28991596638655465, "TR_hits10": 0.33860759493670883, "VL_hits10": 0.33613445378151263}