{"TR_hits1": 0.6376404494382022, "VL_hits1": 0.5786516853932584, "TR_hits10": 0.6952247191011236, "VL_hits10": 0.6179775280898876}