{"TR_hits1": 0.7284848484848485, "VL_hits1": 0.463768115942029, "TR_hits10": 0.7527272727272727, "VL_hits10": 0.7294685990338164}