{"TR_hits1": 0.8670469504168495, "VL_hits1": 0.8731899956121105, "TR_hits10": 0.7719298245614035, "VL_hits10": 0.8157894736842105}