{"TR_hits1": 0.8380634390651085, "VL_hits1": 0.8514190317195326, "TR_hits10": 0.6, "VL_hits10": 0.82}