{"avg_TR_hits1": 0.7377686637873678, "std_TR_hits1": 0.11469543643297506, "avg_TS_hits1": 0.5668843402848108, "std_TS_hits1": 0.032285388532298155, "avg_TR_hits10": 0.8016792677781321, "std_TR_hits10": 0.12951665930520248, "avg_TS_hits10": 0.6502003369157636, "std_TS_hits10": 0.041310095261729525}