{"TR_hits1": 0.8101851851851852, "VL_hits1": 0.8842592592592593, "TR_hits10": 0.6358024691358025, "VL_hits10": 0.8518518518518519}