{"TR_hits1": 0.7326602282704127, "VL_hits1": 0.7352941176470589, "TR_hits10": 0.6578947368421053, "VL_hits10": 0.6807017543859649}