{"TR_hits1": 0.6791044776119403, "VL_hits1": 0.6874451273046532, "TR_hits10": 0.531578947368421, "VL_hits10": 0.5894736842105263}