{"TR_hits1": 0.3392029657089898, "TS_hits1": 0.2527990571596936, "TR_hits10": 0.37349397590361444, "TS_hits10": 0.3380755955888543}