{"TR_hits1": 0.504828797190518, "VL_hits1": 0.5803336259877085, "TR_hits10": 0.47192982456140353, "VL_hits10": 0.5157894736842106}