{"TR_hits1": 0.5246913580246914, "VL_hits1": 0.4012345679012346, "TR_hits10": 0.5833333333333334, "VL_hits10": 0.5061728395061729}