{"TR_hits1": 0.45168067226890757, "VL_hits1": 0.4579831932773109, "TR_hits10": 0.453781512605042, "VL_hits10": 0.46218487394957986}