{"TR_hits1": 0.36077481840193704, "VL_hits1": 0.178743961352657, "TR_hits10": 0.4430992736077482, "VL_hits10": 0.4396135265700483}