{"TR_hits1": 0.9297752808988764, "VL_hits1": 0.9424157303370787, "TR_hits10": 0.7191011235955056, "VL_hits10": 0.9101123595505618}