{"TR_hits1": 0.6094778411584028, "VL_hits1": 0.6134269416410707, "TR_hits10": 0.5649122807017544, "VL_hits10": 0.5842105263157895}