{"TR_hits1": 0.9382022471910112, "VL_hits1": 0.9564606741573034, "TR_hits10": 0.6871508379888268, "VL_hits10": 0.8994413407821229}