{"TR_hits1": 0.6821773485513608, "VL_hits1": 0.694468832309043, "TR_hits10": 0.6298245614035087, "VL_hits10": 0.6771929824561403}