{"TR_hits1": 0.49056603773584906, "VL_hits1": 0.44375, "TR_hits10": 0.5518867924528302, "VL_hits10": 0.51875}