{"TR_hits1": 0.714516129032258, "VL_hits1": 0.7516129032258064, "TR_hits10": 0.5161290322580645, "VL_hits10": 0.7419354838709677}