{"TR_hits1": 0.9684071961386573, "VL_hits1": 0.9741114523913997, "TR_hits10": 0.8491228070175438, "VL_hits10": 0.9719298245614035}