{"TR_hits1": 0.2756183745583039, "VL_hits1": 0.1784037558685446, "TR_hits10": 0.287396937573616, "VL_hits10": 0.20187793427230047}