{"TR_hits1": 0.514726507713885, "VL_hits1": 0.5217391304347826, "TR_hits10": 0.45251396648044695, "VL_hits10": 0.48044692737430167}