{"TR_hits1": 0.5793901156677181, "VL_hits1": 0.4327731092436975, "TR_hits10": 0.7066246056782335, "VL_hits10": 0.6512605042016807}