{"TR_hits1": 0.5939420544337137, "VL_hits1": 0.6071115013169447, "TR_hits10": 0.5877192982456141, "VL_hits10": 0.6175438596491228}