{"TR_hits1": 0.9258064516129032, "VL_hits1": 0.9290322580645162, "TR_hits10": 0.5806451612903226, "VL_hits10": 0.8709677419354839}