{"TR_hits1": 0.6403301886792453, "VL_hits1": 0.3333333333333333, "TR_hits10": 0.6686320754716981, "VL_hits10": 0.6384976525821596}