{"TR_hits1": 0.6325385694249649, "VL_hits1": 0.638148667601683, "TR_hits10": 0.5642458100558659, "VL_hits10": 0.5921787709497207}