{"TR_hits1": 0.48261327713382507, "VL_hits1": 0.5336134453781513, "TR_hits10": 0.5289778714436248, "VL_hits10": 0.5756302521008403}