{"TR_hits1": 0.7222222222222222, "VL_hits1": 0.44907407407407407, "TR_hits10": 0.7546296296296297, "VL_hits10": 0.7175925925925926}