{"TR_hits1": 0.6743697478991597, "VL_hits1": 0.6260504201680672, "TR_hits10": 0.6817226890756303, "VL_hits10": 0.6638655462184874}