{"TR_hits1": 0.46218487394957986, "VL_hits1": 0.5196078431372549, "TR_hits10": 0.41899441340782123, "VL_hits10": 0.4581005586592179}