{"TR_hits1": 0.6469907407407407, "VL_hits1": 0.4675925925925926, "TR_hits10": 0.7384259259259259, "VL_hits10": 0.7407407407407407}