{"TR_hits1": 0.38397328881469117, "VL_hits1": 0.4323873121869783, "TR_hits10": 0.26, "VL_hits10": 0.30666666666666664}