{"TR_hits1": 0.8480801335559266, "VL_hits1": 0.8664440734557596, "TR_hits10": 0.56, "VL_hits10": 0.8466666666666667}