{"TR_hits1": 0.7497805092186128, "VL_hits1": 0.7708516242317822, "TR_hits10": 0.6842105263157895, "VL_hits10": 0.7333333333333333}