{"TR_hits1": 0.7978395061728395, "VL_hits1": 0.8256172839506173, "TR_hits10": 0.5802469135802469, "VL_hits10": 0.8209876543209876}