{"TR_hits1": 0.48419666374012293, "VL_hits1": 0.49122036874451275, "TR_hits10": 0.49122807017543857, "VL_hits10": 0.5052631578947369}