{"TR_hits1": 0.8244073748902546, "VL_hits1": 0.8314310798946444, "TR_hits10": 0.7368421052631579, "VL_hits10": 0.7771929824561403}