{"TR_hits1": 0.3943217665615142, "VL_hits1": 0.40756302521008403, "TR_hits10": 0.41430073606729756, "VL_hits10": 0.41596638655462187}