{"TR_hits1": 0.8920056100981767, "VL_hits1": 0.9046283309957924, "TR_hits10": 0.6815642458100558, "VL_hits10": 0.8938547486033519}