{"TR_hits1": 0.9446883230904302, "VL_hits1": 0.9482001755926251, "TR_hits10": 0.7631578947368421, "VL_hits10": 0.9280701754385965}