{"TR_hits1": 0.2426367461430575, "VL_hits1": 0.2861150070126227, "TR_hits10": 0.20670391061452514, "VL_hits10": 0.25139664804469275}