{"TR_hits1": 0.3021702838063439, "VL_hits1": 0.3555926544240401, "TR_hits10": 0.30666666666666664, "VL_hits10": 0.3333333333333333}