{"TR_hits1": 0.577260755048288, "VL_hits1": 0.5877963125548727, "TR_hits10": 0.5543859649122806, "VL_hits10": 0.5824561403508772}