{"TR_hits1": 0.809748427672956, "VL_hits1": 0.8490566037735849, "TR_hits10": 0.525, "VL_hits10": 0.85625}