{"TR_hits1": 0.7223001402524544, "VL_hits1": 0.7223001402524544, "TR_hits10": 0.6033519553072626, "VL_hits10": 0.6759776536312849}