{"TR_hits1": 0.9298737727910238, "VL_hits1": 0.9312762973352033, "TR_hits10": 0.7486033519553073, "VL_hits10": 0.9106145251396648}