{"TR_hits1": 0.5321390937829295, "VL_hits1": 0.4831932773109244, "TR_hits10": 0.5489989462592202, "VL_hits10": 0.5}