{"TR_hits1": 0.44806007509386736, "VL_hits1": 0.35, "TR_hits10": 0.45056320400500627, "VL_hits10": 0.44}