{"TR_hits1": 0.45590171127687584, "VL_hits1": 0.46687143483984206, "TR_hits10": 0.4263157894736842, "VL_hits10": 0.45964912280701753}