{"TR_hits1": 0.7146433041301627, "VL_hits1": 0.42, "TR_hits10": 0.7359198998748435, "VL_hits10": 0.74}