{"TR_hits1": 0.27502634351949423, "VL_hits1": 0.19747899159663865, "TR_hits10": 0.3087460484720759, "VL_hits10": 0.25630252100840334}