{"TR_hits1": 0.4524207011686144, "VL_hits1": 0.47333333333333333, "TR_hits10": 0.5609348914858097, "VL_hits10": 0.56}