{"TR_hits1": 0.4691151919866444, "VL_hits1": 0.5659432387312187, "TR_hits10": 0.48, "VL_hits10": 0.5733333333333334}