{"TR_hits1": 0.528972783143108, "VL_hits1": 0.5395083406496927, "TR_hits10": 0.5157894736842106, "VL_hits10": 0.5245614035087719}