{"TR_hits1": 0.6962843295638126, "VL_hits1": 0.7269789983844911, "TR_hits10": 0.5096774193548387, "VL_hits10": 0.7612903225806451}