{"TR_hits1": 0.06623586429725363, "VL_hits1": 0.03870967741935484, "TR_hits10": 0.07108239095315025, "VL_hits10": 0.08387096774193549}