{"TR_hits1": 0.5342237061769616, "VL_hits1": 0.5425709515859767, "TR_hits10": 0.38666666666666666, "VL_hits10": 0.42}