{"TR_hits1": 0.051470588235294115, "VL_hits1": 0.029411764705882353, "TR_hits10": 0.07142857142857142, "VL_hits10": 0.06722689075630252}