{"TR_hits1": 0.6330532212885154, "VL_hits1": 0.6498599439775911, "TR_hits10": 0.5698324022346368, "VL_hits10": 0.5921787709497207}