{"TR_hits1": 0.7629499561018437, "VL_hits1": 0.7796312554872695, "TR_hits10": 0.6894736842105263, "VL_hits10": 0.7315789473684211}