{"TR_hits1": 0.8319870759289176, "VL_hits1": 0.8465266558966075, "TR_hits10": 0.5741935483870968, "VL_hits10": 0.8451612903225807}