{"TR_hits1": 0.4660493827160494, "VL_hits1": 0.46296296296296297, "TR_hits10": 0.6033950617283951, "VL_hits10": 0.5679012345679012}