{"TR_hits1": 0.5679012345679012, "VL_hits1": 0.6111111111111112, "TR_hits10": 0.48148148148148145, "VL_hits10": 0.5925925925925926}