{"TR_hits1": 0.5927272727272728, "VL_hits1": 0.5314009661835749, "TR_hits10": 0.6533333333333333, "VL_hits10": 0.7101449275362319}