{"TR_hits1": 0.7534006143045195, "VL_hits1": 0.7683194383501536, "TR_hits10": 0.6807017543859649, "VL_hits10": 0.7175438596491228}