{"TR_hits1": 0.5254629629629629, "VL_hits1": 0.3425925925925926, "TR_hits10": 0.5358796296296297, "VL_hits10": 0.4351851851851852}