{"TR_hits1": 0.3572621035058431, "VL_hits1": 0.44741235392320533, "TR_hits10": 0.3, "VL_hits10": 0.3933333333333333}