{"TR_hits1": 0.4375, "VL_hits1": 0.3194444444444444, "TR_hits10": 0.46064814814814814, "VL_hits10": 0.3888888888888889}