{"TR_hits1": 0.4607679465776294, "VL_hits1": 0.5008347245409015, "TR_hits10": 0.3933333333333333, "VL_hits10": 0.4533333333333333}