{"TR_hits1": 0.7001755926251098, "VL_hits1": 0.7199297629499561, "TR_hits10": 0.5964912280701754, "VL_hits10": 0.643859649122807}