{"TR_hits1": 0.6498599439775911, "VL_hits1": 0.6512605042016807, "TR_hits10": 0.6089385474860335, "VL_hits10": 0.6256983240223464}