{"TR_hits1": 0.9166666666666666, "VL_hits1": 0.9323899371069182, "TR_hits10": 0.525, "VL_hits10": 0.8875}