{"TR_hits1": 0.4027777777777778, "VL_hits1": 0.2824074074074074, "TR_hits10": 0.4201388888888889, "VL_hits10": 0.3194444444444444}