{"TR_hits1": 0.6156208863536639, "VL_hits1": 0.6331724440544099, "TR_hits10": 0.6052631578947368, "VL_hits10": 0.6175438596491228}