{"TR_hits1": 0.7762345679012346, "VL_hits1": 0.8225308641975309, "TR_hits10": 0.6172839506172839, "VL_hits10": 0.8271604938271605}