{"TR_hits1": 0.9401853411962932, "TS_hits1": 0.61237934732649, "TR_hits10": 0.9730412805391744, "TS_hits10": 0.8770491803278688}