{"TR_hits1": 0.8827160493827161, "VL_hits1": 0.8996913580246914, "TR_hits10": 0.5679012345679012, "VL_hits10": 0.8395061728395061}