{"TR_hits1": 0.6259877085162423, "VL_hits1": 0.6299385425812116, "TR_hits10": 0.6052631578947368, "VL_hits10": 0.6298245614035087}