{"TR_hits1": 0.5245441795231417, "VL_hits1": 0.5946704067321178, "TR_hits10": 0.4245810055865922, "VL_hits10": 0.4860335195530726}