{"TR_hits1": 0.9478991596638655, "TS_hits1": 0.6543134408191335, "TR_hits10": 0.984873949579832, "TS_hits10": 0.886452204477726}