{"TR_hits1": 0.8547579298831386, "VL_hits1": 0.8547579298831386, "TR_hits10": 0.5333333333333333, "VL_hits10": 0.7466666666666667}