{"TR_hits1": 0.9486391571553995, "VL_hits1": 0.9648814749780509, "TR_hits10": 0.8315789473684211, "VL_hits10": 0.9508771929824561}