{"TR_hits1": 0.5405690200210748, "VL_hits1": 0.4789915966386555, "TR_hits10": 0.5405690200210748, "VL_hits10": 0.49159663865546216}