{"TR_hits1": 0.8647798742138365, "VL_hits1": 0.9088050314465409, "TR_hits10": 0.575, "VL_hits10": 0.88125}