{"TR_hits1": 0.8616352201257862, "VL_hits1": 0.9072327044025157, "TR_hits10": 0.5625, "VL_hits10": 0.85}