{"TR_hits1": 0.5021037868162693, "VL_hits1": 0.5063113604488079, "TR_hits10": 0.41899441340782123, "VL_hits10": 0.46368715083798884}