{"TR_hits1": 0.9354697102721685, "VL_hits1": 0.9556628621597892, "TR_hits10": 0.7842105263157895, "VL_hits10": 0.9421052631578948}