{"TR_hits1": 0.882258064516129, "VL_hits1": 0.9096774193548387, "TR_hits10": 0.6129032258064516, "VL_hits10": 0.9096774193548387}