{"TR_hits1": 0.8580645161290322, "VL_hits1": 0.9, "TR_hits10": 0.5806451612903226, "VL_hits10": 0.864516129032258}