{"TR_hits1": 0.3813559322033898, "VL_hits1": 0.30917874396135264, "TR_hits10": 0.4067796610169492, "VL_hits10": 0.3671497584541063}