{"TR_hits1": 0.48247078464106846, "VL_hits1": 0.48414023372287146, "TR_hits10": 0.4533333333333333, "VL_hits10": 0.4866666666666667}