{"TR_hits1": 0.6975417032484635, "VL_hits1": 0.7054433713784021, "TR_hits10": 0.6298245614035087, "VL_hits10": 0.7}