{"TR_hits1": 0.7798036465638148, "VL_hits1": 0.8709677419354839, "TR_hits10": 0.6368715083798883, "VL_hits10": 0.8938547486033519}