{"TR_hits1": 0.8238993710691824, "VL_hits1": 0.8742138364779874, "TR_hits10": 0.48125, "VL_hits10": 0.775}