{"TR_hits1": 0.9723879723879724, "TS_hits1": 0.9906399906399906, "TR_hits10": 0.8290613295880149, "TS_hits10": 0.9564314138576778}