{"TR_hits1": 0.41575757575757577, "VL_hits1": 0.34782608695652173, "TR_hits10": 0.49575757575757573, "VL_hits10": 0.42995169082125606}