{"TR_hits1": 0.8206785137318255, "VL_hits1": 0.8206785137318255, "TR_hits10": 0.4064516129032258, "VL_hits10": 0.6774193548387096}