{"TR_hits1": 0.0063025210084033615, "VL_hits1": 0.012605042016806723, "TR_hits10": 0.01050420168067227, "VL_hits10": 0.01680672268907563}