{"TR_hits1": 0.4072727272727273, "VL_hits1": 0.34299516908212563, "TR_hits10": 0.4824242424242424, "VL_hits10": 0.3864734299516908}