{"TR_hits1": 0.9064516129032258, "VL_hits1": 0.9080645161290323, "TR_hits10": 0.5096774193548387, "VL_hits10": 0.8064516129032258}