{"TR_hits1": 0.7645161290322581, "VL_hits1": 0.7725806451612903, "TR_hits10": 0.5612903225806452, "VL_hits10": 0.7225806451612903}