{"TR_hits1": 0.043548387096774194, "VL_hits1": 0.012903225806451613, "TR_hits10": 0.05, "VL_hits10": 0.01935483870967742}