{"TR_hits1": 0.659350307287094, "VL_hits1": 0.6755926251097454, "TR_hits10": 0.5666666666666667, "VL_hits10": 0.6210526315789474}