{"TR_hits1": 0.5756302521008403, "VL_hits1": 0.5252100840336135, "TR_hits10": 0.5850840336134454, "VL_hits10": 0.5630252100840336}