{"TR_hits1": 0.4664351851851852, "VL_hits1": 0.4675925925925926, "TR_hits10": 0.5196759259259259, "VL_hits10": 0.5648148148148148}