{"TR_hits1": 0.9359359359359359, "TS_hits1": 0.4934450109249818, "TR_hits10": 0.9769769769769769, "TS_hits10": 0.7689366351056082}