{"TR_hits1": 0.44328703703703703, "VL_hits1": 0.42592592592592593, "TR_hits10": 0.4930555555555556, "VL_hits10": 0.49537037037037035}