{"TR_hits1": 0.6918349429323969, "VL_hits1": 0.7093942054433714, "TR_hits10": 0.6175438596491228, "VL_hits10": 0.7017543859649122}