{"TR_hits1": 0.5876460767946577, "VL_hits1": 0.5909849749582637, "TR_hits10": 0.5266666666666666, "VL_hits10": 0.5466666666666666}