{"TR_hits1": 0.39065108514190316, "VL_hits1": 0.42237061769616024, "TR_hits10": 0.36, "VL_hits10": 0.4266666666666667}