{"TR_hits1": 0.07759699624530664, "VL_hits1": 0.015, "TR_hits10": 0.08635794743429287, "VL_hits10": 0.055}