{"TR_hits1": 0.1840277777777778, "VL_hits1": 0.16203703703703703, "TR_hits10": 0.2361111111111111, "VL_hits10": 0.18518518518518517}