{"TR_hits1": 0.8397328881469115, "VL_hits1": 0.8480801335559266, "TR_hits10": 0.5133333333333333, "VL_hits10": 0.8066666666666666}