{"TR_hits1": 0.3103030303030303, "VL_hits1": 0.2560386473429952, "TR_hits10": 0.3393939393939394, "VL_hits10": 0.30434782608695654}