{"TR_hits1": 0.6719409282700421, "VL_hits1": 0.5504201680672269, "TR_hits10": 0.6751054852320675, "VL_hits10": 0.6176470588235294}