{"TR_hits1": 0.7746243739565943, "VL_hits1": 0.8080133555926544, "TR_hits10": 0.4533333333333333, "VL_hits10": 0.7466666666666667}