{"TR_hits1": 0.2743055555555556, "VL_hits1": 0.24074074074074073, "TR_hits10": 0.29398148148148145, "VL_hits10": 0.3101851851851852}