{"TR_hits1": 0.24882075471698112, "VL_hits1": 0.1267605633802817, "TR_hits10": 0.2617924528301887, "VL_hits10": 0.1643192488262911}