{"TR_hits1": 0.8564516129032258, "VL_hits1": 0.8806451612903226, "TR_hits10": 0.5741935483870968, "VL_hits10": 0.8258064516129032}