{"TR_hits1": 0.9166666666666666, "VL_hits1": 0.9308176100628931, "TR_hits10": 0.6, "VL_hits10": 0.86875}