{"TR_hits1": 0.4142678347934919, "VL_hits1": 0.46, "TR_hits10": 0.4643304130162703, "VL_hits10": 0.53}