{"TR_hits1": 0.34953703703703703, "VL_hits1": 0.2962962962962963, "TR_hits10": 0.35185185185185186, "VL_hits10": 0.3101851851851852}