{"TR_hits1": 0.18648310387984982, "VL_hits1": 0.1, "TR_hits10": 0.1964956195244055, "VL_hits10": 0.11}