{"TR_hits1": 0.8191823899371069, "VL_hits1": 0.8427672955974843, "TR_hits10": 0.5625, "VL_hits10": 0.7875}