{"TR_hits1": 0.9348914858096828, "VL_hits1": 0.9398998330550918, "TR_hits10": 0.58, "VL_hits10": 0.8733333333333333}