{"TR_hits1": 0.5337552742616034, "VL_hits1": 0.5168067226890757, "TR_hits10": 0.5516877637130801, "VL_hits10": 0.5294117647058824}