{"TR_hits1": 0.6961602671118531, "VL_hits1": 0.7896494156928213, "TR_hits10": 0.4866666666666667, "VL_hits10": 0.72}