{"TR_hits1": 0.7682177348551361, "VL_hits1": 0.7748024582967515, "TR_hits10": 0.7140350877192982, "VL_hits10": 0.7491228070175439}