{"TR_hits1": 0.9596314172882844, "VL_hits1": 0.9688459850811759, "TR_hits10": 0.8526315789473684, "VL_hits10": 0.9631578947368421}