{"TR_hits1": 0.4261501210653753, "VL_hits1": 0.3864734299516908, "TR_hits10": 0.4576271186440678, "VL_hits10": 0.42028985507246375}