{"TR_hits1": 0.8632075471698113, "VL_hits1": 0.8679245283018868, "TR_hits10": 0.54375, "VL_hits10": 0.85625}