{"TR_hits1": 0.17592592592592593, "VL_hits1": 0.12037037037037036, "TR_hits10": 0.2175925925925926, "VL_hits10": 0.16203703703703703}