{"TR_hits1": 0.5046296296296297, "VL_hits1": 0.4212962962962963, "TR_hits10": 0.5752314814814815, "VL_hits10": 0.5277777777777778}