{"TR_hits1": 0.9095697980684812, "VL_hits1": 0.9490781387181738, "TR_hits10": 0.8175438596491228, "VL_hits10": 0.9456140350877194}