{"TR_hits1": 0.4268867924528302, "VL_hits1": 0.20657276995305165, "TR_hits10": 0.42924528301886794, "VL_hits10": 0.2347417840375587}