{"TR_hits1": 0.6010016694490818, "VL_hits1": 0.6160267111853088, "TR_hits10": 0.5333333333333333, "VL_hits10": 0.6066666666666667}