{"TR_hits1": 0.9297752808988764, "VL_hits1": 0.9550561797752809, "TR_hits10": 0.6480446927374302, "VL_hits10": 0.8938547486033519}