{"TR_hits1": 0.45990566037735847, "VL_hits1": 0.38967136150234744, "TR_hits10": 0.45990566037735847, "VL_hits10": 0.4413145539906103}