{"TR_hits1": 0.6817129629629629, "VL_hits1": 0.39814814814814814, "TR_hits10": 0.7222222222222222, "VL_hits10": 0.6388888888888888}