{"TR_hits1": 0.4524207011686144, "VL_hits1": 0.4674457429048414, "TR_hits10": 0.47333333333333333, "VL_hits10": 0.47333333333333333}