{"TR_hits1": 0.5876577840112202, "VL_hits1": 0.5960729312762973, "TR_hits10": 0.49162011173184356, "VL_hits10": 0.5418994413407822}