{"TR_hits1": 0.619348054679285, "VL_hits1": 0.5588235294117647, "TR_hits10": 0.6403785488958991, "VL_hits10": 0.6176470588235294}