{"TR_hits1": 0.19693396226415094, "VL_hits1": 0.1596244131455399, "TR_hits10": 0.2169811320754717, "VL_hits10": 0.20187793427230047}