{"TR_hits1": 0.4006677796327212, "VL_hits1": 0.4707846410684474, "TR_hits10": 0.3933333333333333, "VL_hits10": 0.44}