{"TR_hits1": 0.4043583535108959, "VL_hits1": 0.3864734299516908, "TR_hits10": 0.46731234866828086, "VL_hits10": 0.47342995169082125}