{"TR_hits1": 0.5169491525423728, "VL_hits1": 0.4251207729468599, "TR_hits10": 0.549636803874092, "VL_hits10": 0.4927536231884058}