{"TR_hits1": 0.6123949579831933, "VL_hits1": 0.5378151260504201, "TR_hits10": 0.6144957983193278, "VL_hits10": 0.5882352941176471}