{"TR_hits1": 0.0050062578222778474, "VL_hits1": 0.025, "TR_hits10": 0.010012515644555695, "VL_hits10": 0.045}