{"TR_hits1": 0.7857142857142857, "VL_hits1": 0.5966386554621849, "TR_hits10": 0.8718487394957983, "VL_hits10": 0.8697478991596639}