{"TR_hits1": 0.7993827160493827, "VL_hits1": 0.8148148148148148, "TR_hits10": 0.5308641975308642, "VL_hits10": 0.7962962962962963}