{"TR_hits1": 0.514726507713885, "VL_hits1": 0.5231416549789621, "TR_hits10": 0.46368715083798884, "VL_hits10": 0.5139664804469274}