{"TR_hits1": 0.8951612903225806, "VL_hits1": 0.9129032258064517, "TR_hits10": 0.5935483870967742, "VL_hits10": 0.8774193548387097}