{"TR_hits1": 0.6537530266343826, "VL_hits1": 0.4396135265700483, "TR_hits10": 0.7397094430992736, "VL_hits10": 0.7246376811594203}