{"TR_hits1": 0.8906030855539971, "VL_hits1": 0.9130434782608695, "TR_hits10": 0.7206703910614525, "VL_hits10": 0.8994413407821229}