{"TR_hits1": 0.6638655462184874, "VL_hits1": 0.6218487394957983, "TR_hits10": 0.6680672268907563, "VL_hits10": 0.6512605042016807}