{"TR_hits1": 0.6056201550387597, "TS_hits1": 0.3550233336268381, "TR_hits10": 0.6492248062015504, "TS_hits10": 0.6455049749053448}