{"TR_hits1": 0.42493946731234866, "VL_hits1": 0.3671497584541063, "TR_hits10": 0.46246973365617433, "VL_hits10": 0.42995169082125606}