{"TR_hits1": 0.5509181969949917, "VL_hits1": 0.56, "TR_hits10": 0.5909849749582637, "VL_hits10": 0.5733333333333334}