{"TR_hits1": 0.5575959933222037, "VL_hits1": 0.5959933222036727, "TR_hits10": 0.47333333333333333, "VL_hits10": 0.58}