{"TR_hits1": 0.6479663394109397, "VL_hits1": 0.6942496493688639, "TR_hits10": 0.6312849162011173, "VL_hits10": 0.6759776536312849}