{"TR_hits1": 0.7646076794657763, "VL_hits1": 0.8280467445742905, "TR_hits10": 0.5, "VL_hits10": 0.8}