{"TR_hits1": 0.8090430201931519, "VL_hits1": 0.8112379280070237, "TR_hits10": 0.7263157894736842, "VL_hits10": 0.756140350877193}