{"TR_hits1": 0.6859852476290832, "VL_hits1": 0.6638655462184874, "TR_hits10": 0.7091675447839831, "VL_hits10": 0.6932773109243697}