{"TR_hits1": 0.3333333333333333, "VL_hits1": 0.26570048309178745, "TR_hits10": 0.37333333333333335, "VL_hits10": 0.2995169082125604}