{"TR_hits1": 0.6439859525899913, "VL_hits1": 0.6589113257243195, "TR_hits10": 0.612280701754386, "VL_hits10": 0.6280701754385964}