{"TR_hits1": 0.704126426690079, "VL_hits1": 0.7273924495171202, "TR_hits10": 0.5877192982456141, "VL_hits10": 0.6526315789473685}