{"TR_hits1": 0.6343283582089553, "VL_hits1": 0.6356453028972783, "TR_hits10": 0.6263157894736842, "VL_hits10": 0.6385964912280702}