{"TR_hits1": 0.7435483870967742, "VL_hits1": 0.7516129032258064, "TR_hits10": 0.4838709677419355, "VL_hits10": 0.7032258064516129}