{"TR_hits1": 0.4774193548387097, "VL_hits1": 0.23225806451612904, "TR_hits10": 0.5112903225806451, "VL_hits10": 0.5032258064516129}