{"TR_hits1": 0.5184404636459431, "VL_hits1": 0.40756302521008403, "TR_hits10": 0.5194942044257113, "VL_hits10": 0.42436974789915966}