{"TR_hits1": 0.5579455662862159, "VL_hits1": 0.567603160667252, "TR_hits10": 0.49122807017543857, "VL_hits10": 0.519298245614035}