{"TR_hits1": 0.5238095238095238, "VL_hits1": 0.5238095238095238, "TR_hits10": 0.4860335195530726, "VL_hits10": 0.5083798882681564}