{"TR_hits1": 0.24868282402528977, "VL_hits1": 0.23529411764705882, "TR_hits10": 0.30453108535300316, "VL_hits10": 0.33613445378151263}