{"TR_hits1": 0.85062893081761, "VL_hits1": 0.8679245283018868, "TR_hits10": 0.5125, "VL_hits10": 0.78125}