{"TR_hits1": 0.7114197530864198, "VL_hits1": 0.7361111111111112, "TR_hits10": 0.5, "VL_hits10": 0.6790123456790124}