{"TR_hits1": 0.952610794207986, "VL_hits1": 0.9631417288284335, "TR_hits10": 0.8228070175438597, "VL_hits10": 0.9578947368421052}