{"TR_hits1": 0.9490781387181738, "VL_hits1": 0.956540825285338, "TR_hits10": 0.756140350877193, "VL_hits10": 0.9385964912280702}