{"TR_hits1": 0.7930672268907563, "VL_hits1": 0.5546218487394958, "TR_hits10": 0.8287815126050421, "VL_hits10": 0.7983193277310925}