{"TR_hits1": 0.8101851851851852, "VL_hits1": 0.8179012345679012, "TR_hits10": 0.49382716049382713, "VL_hits10": 0.7901234567901234}