{"TR_hits1": 0.2704507512520868, "VL_hits1": 0.332220367278798, "TR_hits10": 0.26666666666666666, "VL_hits10": 0.3}