{"TR_hits1": 0.7295873573309921, "VL_hits1": 0.7322212467076383, "TR_hits10": 0.6385964912280702, "VL_hits10": 0.6614035087719298}