{"TR_hits1": 0.8794435857805255, "VL_hits1": 0.8871715610510046, "TR_hits10": 0.5864197530864198, "VL_hits10": 0.8518518518518519}