{"TR_hits1": 0.9477611940298507, "VL_hits1": 0.9648814749780509, "TR_hits10": 0.8245614035087719, "VL_hits10": 0.9526315789473684}