{"TR_hits1": 0.7924528301886793, "VL_hits1": 0.8050314465408805, "TR_hits10": 0.48125, "VL_hits10": 0.76875}