{"TR_hits1": 0.21069182389937108, "VL_hits1": 0.08125, "TR_hits10": 0.32861635220125784, "VL_hits10": 0.29375}