{"TR_hits1": 0.4373956594323873, "VL_hits1": 0.46, "TR_hits10": 0.5041736227045075, "VL_hits10": 0.5333333333333333}