{"TR_hits1": 0.3121869782971619, "VL_hits1": 0.328881469115192, "TR_hits10": 0.20666666666666667, "VL_hits10": 0.28}