{"TR_hits1": 0.40064620355411956, "VL_hits1": 0.44516129032258067, "TR_hits10": 0.5201938610662359, "VL_hits10": 0.535483870967742}