{"TR_hits1": 0.4385425812115891, "VL_hits1": 0.44644424934152765, "TR_hits10": 0.45087719298245615, "VL_hits10": 0.4649122807017544}