{"TR_hits1": 0.564091308165057, "VL_hits1": 0.5715539947322212, "TR_hits10": 0.5140350877192983, "VL_hits10": 0.5596491228070175}