{"TR_hits1": 0.4976851851851852, "VL_hits1": 0.4351851851851852, "TR_hits10": 0.5150462962962963, "VL_hits10": 0.4861111111111111}