{"TR_hits1": 0.9293549802544976, "VL_hits1": 0.9605089951733217, "TR_hits10": 0.8035087719298246, "VL_hits10": 0.9578947368421052}