{"TR_hits1": 0.36830553116769094, "VL_hits1": 0.45302897278314314, "TR_hits10": 0.35964912280701755, "VL_hits10": 0.44035087719298244}