{"TR_hits1": 0.6610644257703081, "VL_hits1": 0.6480446927374302, "TR_hits10": 0.7156862745098039, "VL_hits10": 0.7094972067039106}