{"TR_hits1": 0.7184873949579832, "VL_hits1": 0.7464985994397759, "TR_hits10": 0.6201117318435754, "VL_hits10": 0.6927374301675978}