{"TR_hits1": 0.3813559322033898, "VL_hits1": 0.3719806763285024, "TR_hits10": 0.42857142857142855, "VL_hits10": 0.43478260869565216}