{"TR_hits1": 0.48914858096828046, "VL_hits1": 0.5025041736227045, "TR_hits10": 0.4666666666666667, "VL_hits10": 0.4866666666666667}