{"TR_hits1": 0.41736227045075125, "VL_hits1": 0.4, "TR_hits10": 0.48747913188647746, "VL_hits10": 0.5133333333333333}