{"TR_hits1": 0.4691151919866444, "VL_hits1": 0.5025041736227045, "TR_hits10": 0.41333333333333333, "VL_hits10": 0.4666666666666667}