{"TR_hits1": 0.41550925925925924, "VL_hits1": 0.30092592592592593, "TR_hits10": 0.44212962962962965, "VL_hits10": 0.3611111111111111}