{"TR_hits1": 0.728270412642669, "VL_hits1": 0.7423178226514486, "TR_hits10": 0.6578947368421053, "VL_hits10": 0.7052631578947368}