{"TR_hits1": 0.5500526870389885, "VL_hits1": 0.47478991596638653, "TR_hits10": 0.5542676501580611, "VL_hits10": 0.47478991596638653}