{"avg_TR_hits1": 0.8327275177539143, "std_TR_hits1": 0.10276237560628203, "avg_TS_hits1": 0.4633183999486226, "std_TS_hits1": 0.027262607266838147, "avg_TR_hits10": 0.8850277721495557, "std_TR_hits10": 0.11549940131133118, "avg_TS_hits10": 0.7226702748520436, "std_TS_hits10": 0.019951225738093728}