{"TR_hits1": 0.6107445805843544, "TS_hits1": 0.4236271738199263, "TR_hits10": 0.6437323279924599, "TS_hits10": 0.5196607555898227}