{"TR_hits1": 0.32983193277310924, "VL_hits1": 0.31092436974789917, "TR_hits10": 0.3949579831932773, "VL_hits10": 0.3697478991596639}