{"TR_hits1": 0.27545909849749584, "VL_hits1": 0.28213689482470783, "TR_hits10": 0.15333333333333332, "VL_hits10": 0.18666666666666668}