{"TR_hits1": 0.9297629499561019, "VL_hits1": 0.9512730465320457, "TR_hits10": 0.8105263157894737, "VL_hits10": 0.9438596491228071}