{"TR_hits1": 0.5105042016806722, "VL_hits1": 0.44537815126050423, "TR_hits10": 0.5472689075630253, "VL_hits10": 0.5294117647058824}