{"TR_hits1": 0.7629499561018437, "VL_hits1": 0.7756804214223003, "TR_hits10": 0.6859649122807018, "VL_hits10": 0.7526315789473684}