{"TR_hits1": 0.8174474959612278, "VL_hits1": 0.8206785137318255, "TR_hits10": 0.41935483870967744, "VL_hits10": 0.7354838709677419}