{"TR_hits1": 0.6119402985074627, "VL_hits1": 0.6150131694468832, "TR_hits10": 0.5701754385964912, "VL_hits10": 0.5894736842105263}