{"TR_hits1": 0.9574374725756911, "VL_hits1": 0.976305397103993, "TR_hits10": 0.843859649122807, "VL_hits10": 0.9649122807017544}