{"TR_hits1": 0.3490909090909091, "VL_hits1": 0.30434782608695654, "TR_hits10": 0.39636363636363636, "VL_hits10": 0.34299516908212563}