{"TR_hits1": 0.3761574074074074, "VL_hits1": 0.2962962962962963, "TR_hits10": 0.3912037037037037, "VL_hits10": 0.37037037037037035}