{"TR_hits1": 0.5421422300263389, "VL_hits1": 0.5452151009657594, "TR_hits10": 0.5052631578947369, "VL_hits10": 0.5245614035087719}