{"TR_hits1": 0.8781302170283807, "VL_hits1": 0.9181969949916527, "TR_hits10": 0.5933333333333334, "VL_hits10": 0.84}