{"TR_hits1": 0.1285475792988314, "VL_hits1": 0.03333333333333333, "TR_hits10": 0.15859766277128548, "VL_hits10": 0.12}