{"TR_hits1": 0.8447412353923205, "VL_hits1": 0.8781302170283807, "TR_hits10": 0.58, "VL_hits10": 0.8666666666666667}