{"TR_hits1": 0.42355889724310775, "VL_hits1": 0.235, "TR_hits10": 0.43107769423558895, "VL_hits10": 0.35}