{"TR_hits1": 0.6106442577030813, "VL_hits1": 0.6148459383753502, "TR_hits10": 0.5754189944134078, "VL_hits10": 0.5810055865921788}