{"TR_hits1": 0.7502194907813872, "VL_hits1": 0.7664618086040387, "TR_hits10": 0.6368421052631579, "VL_hits10": 0.6964912280701754}