{"TR_hits1": 0.6540825285338016, "VL_hits1": 0.6580333625987709, "TR_hits10": 0.5368421052631579, "VL_hits10": 0.5631578947368421}