{"TR_hits1": 0.5976627712854758, "VL_hits1": 0.6043405676126878, "TR_hits10": 0.47333333333333333, "VL_hits10": 0.54}