{"TR_hits1": 0.006172839506172839, "VL_hits1": 0.030864197530864196, "TR_hits10": 0.012345679012345678, "VL_hits10": 0.08641975308641975}