{"TR_hits1": 0.49421296296296297, "VL_hits1": 0.4212962962962963, "TR_hits10": 0.5428240740740741, "VL_hits10": 0.5138888888888888}