{"TR_hits1": 0.034722222222222224, "VL_hits1": 0.023148148148148147, "TR_hits10": 0.04398148148148148, "VL_hits10": 0.05555555555555555}