{"TR_hits1": 0.8015803336259877, "VL_hits1": 0.8059701492537313, "TR_hits10": 0.7280701754385965, "VL_hits10": 0.7719298245614035}