{"TR_hits1": 0.918918918918919, "TS_hits1": 0.5707392571012382, "TR_hits10": 0.9719719719719719, "TS_hits10": 0.8326656955571741}