{"TR_hits1": 0.11185308848080133, "VL_hits1": 0.04, "TR_hits10": 0.15191986644407346, "VL_hits10": 0.13333333333333333}