{"TR_hits1": 0.7813021702838063, "VL_hits1": 0.7979966611018364, "TR_hits10": 0.49333333333333335, "VL_hits10": 0.76}