{"TR_hits1": 0.41627358490566035, "VL_hits1": 0.38028169014084506, "TR_hits10": 0.4516509433962264, "VL_hits10": 0.4460093896713615}