{"TR_hits1": 0.8584905660377359, "VL_hits1": 0.9040880503144654, "TR_hits10": 0.69375, "VL_hits10": 0.91875}