{"TR_hits1": 0.8117283950617284, "VL_hits1": 0.8333333333333334, "TR_hits10": 0.6172839506172839, "VL_hits10": 0.8333333333333334}