{"TR_hits1": 0.9402985074626866, "VL_hits1": 0.9438103599648815, "TR_hits10": 0.7421052631578947, "VL_hits10": 0.9175438596491228}