{"TR_hits1": 0.32060185185185186, "VL_hits1": 0.2916666666666667, "TR_hits10": 0.34953703703703703, "VL_hits10": 0.3148148148148148}