{"TR_hits1": 0.8541374474053296, "VL_hits1": 0.8863955119214586, "TR_hits10": 0.6871508379888268, "VL_hits10": 0.88268156424581}