{"TR_hits1": 0.9367866549604916, "VL_hits1": 0.9508340649692713, "TR_hits10": 0.7824561403508772, "VL_hits10": 0.9315789473684211}