{"TR_hits1": 0.816358024691358, "VL_hits1": 0.8256172839506173, "TR_hits10": 0.5740740740740741, "VL_hits10": 0.8209876543209876}