{"TR_hits1": 0.4784437434279706, "VL_hits1": 0.4789915966386555, "TR_hits10": 0.5478443743427971, "VL_hits10": 0.5336134453781513}