{"TR_hits1": 0.19444444444444445, "VL_hits1": 0.1388888888888889, "TR_hits10": 0.22337962962962962, "VL_hits10": 0.17592592592592593}