{"TR_hits1": 0.39223057644110276, "VL_hits1": 0.485, "TR_hits10": 0.4523809523809524, "VL_hits10": 0.525}