{"TR_hits1": 0.5294117647058824, "VL_hits1": 0.5351185250219491, "TR_hits10": 0.5368421052631579, "VL_hits10": 0.5456140350877193}