{"TR_hits1": 0.44560185185185186, "VL_hits1": 0.35648148148148145, "TR_hits10": 0.45949074074074076, "VL_hits10": 0.42592592592592593}