{"TR_hits1": 0.808641975308642, "VL_hits1": 0.8148148148148148, "TR_hits10": 0.5493827160493827, "VL_hits10": 0.7283950617283951}