{"TR_hits1": 0.9261006289308176, "VL_hits1": 0.9323899371069182, "TR_hits10": 0.59375, "VL_hits10": 0.81875}