{"TR_hits1": 0.5290482076637825, "TS_hits1": 0.46958597415425135, "TR_hits10": 0.6069221260815822, "TS_hits10": 0.5840809943205202}