{"TR_hits1": 0.005787037037037037, "VL_hits1": 0.004629629629629629, "TR_hits10": 0.010416666666666666, "VL_hits10": 0.013888888888888888}