{"TR_hits1": 0.601890756302521, "VL_hits1": 0.6428571428571429, "TR_hits10": 0.6228991596638656, "VL_hits10": 0.6848739495798319}