{"TR_hits1": 0.3688639551192146, "VL_hits1": 0.3702664796633941, "TR_hits10": 0.329608938547486, "VL_hits10": 0.3463687150837989}