{"TR_hits1": 0.790258885476086, "VL_hits1": 0.7920140412461606, "TR_hits10": 0.7070175438596491, "VL_hits10": 0.7385964912280701}