{"TR_hits1": 0.22233930453108536, "VL_hits1": 0.25630252100840334, "TR_hits10": 0.25395152792413067, "VL_hits10": 0.27310924369747897}