{"TR_hits1": 0.39398998330550916, "VL_hits1": 0.4691151919866444, "TR_hits10": 0.36, "VL_hits10": 0.3933333333333333}