{"TR_hits1": 0.4978902953586498, "VL_hits1": 0.46638655462184875, "TR_hits10": 0.5084388185654009, "VL_hits10": 0.48739495798319327}