{"TR_hits1": 0.9631255487269534, "VL_hits1": 0.9723441615452151, "TR_hits10": 0.8280701754385965, "VL_hits10": 0.9596491228070175}