{"TR_hits1": 0.43776371308016876, "VL_hits1": 0.5126050420168067, "TR_hits10": 0.4810126582278481, "VL_hits10": 0.5336134453781513}