{"TR_hits1": 0.5447690857681433, "TS_hits1": 0.47365715754304805, "TR_hits10": 0.589066918001885, "TS_hits10": 0.5523858476826865}