{"TR_hits1": 0.7111853088480802, "VL_hits1": 0.7495826377295493, "TR_hits10": 0.47333333333333333, "VL_hits10": 0.76}