{"TR_hits1": 0.7040673211781207, "VL_hits1": 0.7096774193548387, "TR_hits10": 0.547486033519553, "VL_hits10": 0.5921787709497207}