{"TR_hits1": 0.5455820476858345, "VL_hits1": 0.5568022440392707, "TR_hits10": 0.4692737430167598, "VL_hits10": 0.4860335195530726}