{"TR_hits1": 0.5442404006677797, "VL_hits1": 0.5525876460767947, "TR_hits10": 0.3933333333333333, "VL_hits10": 0.4533333333333333}