{"TR_hits1": 0.9145161290322581, "VL_hits1": 0.9209677419354839, "TR_hits10": 0.5806451612903226, "VL_hits10": 0.8709677419354839}