{"TR_hits1": 0.8472222222222222, "VL_hits1": 0.8595679012345679, "TR_hits10": 0.5617283950617284, "VL_hits10": 0.7962962962962963}