{"TR_hits1": 0.49122036874451275, "VL_hits1": 0.49824407374890256, "TR_hits10": 0.45614035087719296, "VL_hits10": 0.47543859649122805}