{"TR_hits1": 0.2360774818401937, "VL_hits1": 0.21739130434782608, "TR_hits10": 0.2602905569007264, "VL_hits10": 0.27053140096618356}