{"TR_hits1": 0.8385256691531373, "VL_hits1": 0.8459850811759544, "TR_hits10": 0.7385964912280701, "VL_hits10": 0.7736842105263158}