{"TR_hits1": 0.53125, "VL_hits1": 0.46296296296296297, "TR_hits10": 0.6053240740740741, "VL_hits10": 0.5462962962962963}