{"TR_hits1": 0.938375350140056, "VL_hits1": 0.9537815126050421, "TR_hits10": 0.7262569832402235, "VL_hits10": 0.9497206703910615}