{"TR_hits1": 0.07647740440324449, "VL_hits1": 0.027777777777777776, "TR_hits10": 0.08690614136732329, "VL_hits10": 0.05555555555555555}