{"TR_hits1": 0.4117647058823529, "VL_hits1": 0.3319327731092437, "TR_hits10": 0.4369747899159664, "VL_hits10": 0.42857142857142855}