{"TR_hits1": 0.5648584905660378, "VL_hits1": 0.460093896713615, "TR_hits10": 0.5825471698113207, "VL_hits10": 0.5023474178403756}