{"TR_hits1": 0.5284848484848484, "VL_hits1": 0.4106280193236715, "TR_hits10": 0.5406060606060606, "VL_hits10": 0.4782608695652174}