{"TR_hits1": 0.11393939393939394, "VL_hits1": 0.12077294685990338, "TR_hits10": 0.13575757575757577, "VL_hits10": 0.12560386473429952}