{"TR_hits1": 0.5884831460674157, "VL_hits1": 0.5898876404494382, "TR_hits10": 0.6629213483146067, "VL_hits10": 0.6797752808988764}