{"TR_hits1": 0.8639551192145862, "VL_hits1": 0.8877980364656382, "TR_hits10": 0.6927374301675978, "VL_hits10": 0.8938547486033519}