{"TR_hits1": 0.8368336025848142, "VL_hits1": 0.8384491114701131, "TR_hits10": 0.5096774193548387, "VL_hits10": 0.8129032258064516}