{"avg_TR_hits1": 0.8471444591293203, "std_TR_hits1": 0.10942598629220592, "avg_TS_hits1": 0.4323330972090173, "std_TS_hits1": 0.0432044526421946, "avg_TR_hits10": 0.8935108946858811, "std_TR_hits10": 0.10738327087767129, "avg_TS_hits10": 0.731913907266828, "std_TS_hits10": 0.035111266208257184}