{"TR_hits1": 0.9578577699736611, "VL_hits1": 0.9644424934152765, "TR_hits10": 0.8631578947368421, "VL_hits10": 0.9526315789473684}