{"TR_hits1": 0.39831401475237094, "VL_hits1": 0.3025210084033613, "TR_hits10": 0.4214963119072708, "VL_hits10": 0.36134453781512604}