{"TR_hits1": 0.4012345679012346, "VL_hits1": 0.4027777777777778, "TR_hits10": 0.3395061728395062, "VL_hits10": 0.3888888888888889}