{"TR_hits1": 0.0011792452830188679, "VL_hits1": 0.004694835680751174, "TR_hits10": 0.0023584905660377358, "VL_hits10": 0.009389671361502348}