{"TR_hits1": 0.8573309920983319, "VL_hits1": 0.858647936786655, "TR_hits10": 0.7842105263157895, "VL_hits10": 0.8263157894736842}