{"TR_hits1": 0.45949074074074076, "VL_hits1": 0.4398148148148148, "TR_hits10": 0.5173611111111112, "VL_hits10": 0.5324074074074074}