{"TR_hits1": 0.8780166739798158, "VL_hits1": 0.8815269855199649, "TR_hits10": 0.7649122807017544, "VL_hits10": 0.8280701754385965}