{"TR_hits1": 0.38731218697829717, "VL_hits1": 0.4090150250417362, "TR_hits10": 0.42, "VL_hits10": 0.47333333333333333}