{"TR_hits1": 0.9135206321334504, "VL_hits1": 0.9530289727831431, "TR_hits10": 0.8368421052631579, "VL_hits10": 0.9473684210526315}