{"TR_hits1": 0.5960729312762973, "VL_hits1": 0.6002805049088359, "TR_hits10": 0.5921787709497207, "VL_hits10": 0.5921787709497207}