{"TR_hits1": 0.1957547169811321, "VL_hits1": 0.22535211267605634, "TR_hits10": 0.25707547169811323, "VL_hits10": 0.28169014084507044}