{"TR_hits1": 0.43859649122807015, "VL_hits1": 0.39, "TR_hits10": 0.4924812030075188, "VL_hits10": 0.475}