{"TR_hits1": 0.20280948200175591, "VL_hits1": 0.2559262510974539, "TR_hits10": 0.22982456140350876, "VL_hits10": 0.2807017543859649}