{"TR_hits1": 0.8025449758666081, "VL_hits1": 0.8078104431768319, "TR_hits10": 0.7298245614035088, "VL_hits10": 0.7631578947368421}