{"TR_hits1": 0.8207547169811321, "VL_hits1": 0.8270440251572327, "TR_hits10": 0.50625, "VL_hits10": 0.81875}