{"TR_hits1": 0.26032540675844806, "VL_hits1": 0.21, "TR_hits10": 0.2715894868585732, "VL_hits10": 0.275}