{"TR_hits1": 0.05092592592592592, "VL_hits1": 0.043209876543209874, "TR_hits10": 0.06790123456790123, "VL_hits10": 0.06172839506172839}