{"TR_hits1": 0.7777777777777778, "VL_hits1": 0.8024691358024691, "TR_hits10": 0.4444444444444444, "VL_hits10": 0.7592592592592593}