{"TR_hits1": 0.1518578352180937, "VL_hits1": 0.06451612903225806, "TR_hits10": 0.18739903069466882, "VL_hits10": 0.18064516129032257}