{"TR_hits1": 0.7641357027463651, "VL_hits1": 0.7851373182552503, "TR_hits10": 0.5032258064516129, "VL_hits10": 0.7548387096774194}