{"TR_hits1": 0.8584905660377359, "VL_hits1": 0.8836477987421384, "TR_hits10": 0.63125, "VL_hits10": 0.8375}