{"TR_hits1": 0.41478696741854637, "VL_hits1": 0.345, "TR_hits10": 0.44611528822055135, "VL_hits10": 0.4}