{"TR_hits1": 0.9523809523809523, "VL_hits1": 0.957983193277311, "TR_hits10": 0.7877094972067039, "VL_hits10": 0.9385474860335196}