{"TR_hits1": 0.6400462962962963, "VL_hits1": 0.5833333333333334, "TR_hits10": 0.6967592592592593, "VL_hits10": 0.6342592592592593}