{"TR_hits1": 0.5708644142167617, "VL_hits1": 0.5792014041246161, "TR_hits10": 0.5491228070175439, "VL_hits10": 0.5561403508771929}