{"TR_hits1": 0.17167919799498746, "VL_hits1": 0.195, "TR_hits10": 0.23558897243107768, "VL_hits10": 0.255}