{"TR_hits1": 0.7805092186128183, "VL_hits1": 0.7822651448639157, "TR_hits10": 0.7105263157894737, "VL_hits10": 0.7368421052631579}