{"TR_hits1": 0.026343519494204427, "VL_hits1": 0.02100840336134454, "TR_hits10": 0.0410958904109589, "VL_hits10": 0.04201680672268908}