{"TR_hits1": 0.7462437395659433, "VL_hits1": 0.7929883138564274, "TR_hits10": 0.48, "VL_hits10": 0.7466666666666667}