{"TR_hits1": 0.40175219023779724, "VL_hits1": 0.375, "TR_hits10": 0.48685857321652065, "VL_hits10": 0.455}