{"TR_hits1": 0.5582047685834503, "VL_hits1": 0.3016759776536313, "TR_hits10": 0.6171107994389902, "VL_hits10": 0.6480446927374302}