{"TR_hits1": 0.8611500701262272, "VL_hits1": 0.876577840112202, "TR_hits10": 0.6145251396648045, "VL_hits10": 0.8379888268156425}