{"TR_hits1": 0.18055555555555555, "VL_hits1": 0.12037037037037036, "TR_hits10": 0.24768518518518517, "VL_hits10": 0.1574074074074074}