{"TR_hits1": 0.16416040100250626, "VL_hits1": 0.155, "TR_hits10": 0.17167919799498746, "VL_hits10": 0.19}