{"TR_hits1": 0.5268703898840885, "VL_hits1": 0.5462184873949579, "TR_hits10": 0.547945205479452, "VL_hits10": 0.5798319327731093}