{"TR_hits1": 0.9334456613310868, "TS_hits1": 0.6266278535314846, "TR_hits10": 0.9797809604043808, "TS_hits10": 0.8891527501149074}