{"TR_hits1": 0.28711484593837533, "VL_hits1": 0.3137254901960784, "TR_hits10": 0.3016759776536313, "VL_hits10": 0.39664804469273746}