{"TR_hits1": 0.7685185185185185, "VL_hits1": 0.8302469135802469, "TR_hits10": 0.5432098765432098, "VL_hits10": 0.7962962962962963}