{"TR_hits1": 0.6278787878787879, "VL_hits1": 0.5072463768115942, "TR_hits10": 0.6678787878787878, "VL_hits10": 0.7246376811594203}