{"TR_hits1": 0.6378402107111502, "VL_hits1": 0.6536435469710272, "TR_hits10": 0.5929824561403508, "VL_hits10": 0.6175438596491228}