{"TR_hits1": 0.9005602240896359, "VL_hits1": 0.9327731092436975, "TR_hits10": 0.6871508379888268, "VL_hits10": 0.9329608938547486}