{"TR_hits1": 0.29197994987468673, "VL_hits1": 0.26, "TR_hits10": 0.31453634085213034, "VL_hits10": 0.28}