{"TR_hits1": 0.5574229691876751, "VL_hits1": 0.6680672268907563, "TR_hits10": 0.5698324022346368, "VL_hits10": 0.6424581005586593}