{"TR_hits1": 0.5345454545454545, "VL_hits1": 0.3671497584541063, "TR_hits10": 0.6254545454545455, "VL_hits10": 0.6328502415458938}