{"TR_hits1": 0.47584033613445376, "VL_hits1": 0.42436974789915966, "TR_hits10": 0.5304621848739496, "VL_hits10": 0.48739495798319327}