{"TR_hits1": 0.7672955974842768, "VL_hits1": 0.8663522012578616, "TR_hits10": 0.55, "VL_hits10": 0.85}