{"TR_hits1": 0.6773378264532435, "TS_hits1": 0.5070476482304275, "TR_hits10": 0.7329401853411963, "TS_hits10": 0.6178948981155201}