{"TR_hits1": 0.3781818181818182, "VL_hits1": 0.22705314009661837, "TR_hits10": 0.38303030303030305, "VL_hits10": 0.28019323671497587}