{"TR_hits1": 0.5562565720294427, "VL_hits1": 0.5168067226890757, "TR_hits10": 0.6151419558359621, "VL_hits10": 0.5840336134453782}