{"TR_hits1": 0.9411764705882353, "VL_hits1": 0.9481792717086834, "TR_hits10": 0.7206703910614525, "VL_hits10": 0.9273743016759777}