{"TR_hits1": 0.80370942812983, "VL_hits1": 0.8253477588871716, "TR_hits10": 0.4876543209876543, "VL_hits10": 0.7592592592592593}