{"TR_hits1": 0.5688202247191011, "VL_hits1": 0.5955056179775281, "TR_hits10": 0.6348314606741573, "VL_hits10": 0.6685393258426966}