{"TR_hits1": 0.7033786748573936, "VL_hits1": 0.7349714787187362, "TR_hits10": 0.6859649122807018, "VL_hits10": 0.7368421052631579}