{"TR_hits1": 0.8013355592654424, "VL_hits1": 0.8430717863105175, "TR_hits10": 0.58, "VL_hits10": 0.8133333333333334}