{"TR_hits1": 0.860062893081761, "VL_hits1": 0.8915094339622641, "TR_hits10": 0.48125, "VL_hits10": 0.7625}