{"TR_hits1": 0.8612903225806452, "VL_hits1": 0.8629032258064516, "TR_hits10": 0.49032258064516127, "VL_hits10": 0.8}