{"TR_hits1": 0.3606010016694491, "VL_hits1": 0.38397328881469117, "TR_hits10": 0.32, "VL_hits10": 0.36}