{"TR_hits1": 0.5879629629629629, "VL_hits1": 0.46296296296296297, "TR_hits10": 0.59375, "VL_hits10": 0.5277777777777778}