{"TR_hits1": 0.5178571428571429, "VL_hits1": 0.46638655462184875, "TR_hits10": 0.5577731092436975, "VL_hits10": 0.5336134453781513}