{"TR_hits1": 0.9216512215669755, "TS_hits1": 0.6719779377968439, "TR_hits10": 0.9545071609098568, "TS_hits10": 0.7524130534702007}