{"TR_hits1": 0.7746243739565943, "VL_hits1": 0.8146911519198664, "TR_hits10": 0.5333333333333333, "VL_hits10": 0.8066666666666666}