{"TR_hits1": 0.2569444444444444, "VL_hits1": 0.21296296296296297, "TR_hits10": 0.2962962962962963, "VL_hits10": 0.2638888888888889}