{"TR_hits1": 0.908835904628331, "VL_hits1": 0.9172510518934082, "TR_hits10": 0.7094972067039106, "VL_hits10": 0.9162011173184358}