{"TR_hits1": 0.7674418604651163, "TS_hits1": 0.44404332129963897, "TR_hits10": 0.8013565891472868, "TS_hits10": 0.7084617416571277}