{"TR_hits1": 0.9723782771535582, "TS_hits1": 0.9916900749063671, "TR_hits10": 0.8423300857251529, "TS_hits10": 0.9623160420141023}