{"TR_hits1": 0.8096828046744574, "VL_hits1": 0.8180300500834724, "TR_hits10": 0.44666666666666666, "VL_hits10": 0.7733333333333333}