{"TR_hits1": 0.8485273492286115, "VL_hits1": 0.9018232819074333, "TR_hits10": 0.7094972067039106, "VL_hits10": 0.9050279329608939}