{"TR_hits1": 0.5579455662862159, "VL_hits1": 0.5618964003511853, "TR_hits10": 0.5140350877192983, "VL_hits10": 0.5263157894736842}