{"TR_hits1": 0.635343618513324, "VL_hits1": 0.6577840112201964, "TR_hits10": 0.5251396648044693, "VL_hits10": 0.5698324022346368}