{"TR_hits1": 0.3877221324717286, "VL_hits1": 0.432258064516129, "TR_hits10": 0.47495961227786754, "VL_hits10": 0.49032258064516127}