{"TR_hits1": 0.18295739348370926, "VL_hits1": 0.16, "TR_hits10": 0.21303258145363407, "VL_hits10": 0.185}