{"TR_hits1": 0.35162423178226515, "VL_hits1": 0.3617208077260755, "TR_hits10": 0.3350877192982456, "VL_hits10": 0.3456140350877193}