{"TR_hits1": 0.5975757575757575, "VL_hits1": 0.5120772946859904, "TR_hits10": 0.6606060606060606, "VL_hits10": 0.7439613526570048}