{"TR_hits1": 0.34223706176961605, "VL_hits1": 0.3589315525876461, "TR_hits10": 0.31333333333333335, "VL_hits10": 0.32}