{"TR_hits1": 0.835820895522388, "VL_hits1": 0.8380158033362599, "TR_hits10": 0.7350877192982456, "VL_hits10": 0.7964912280701755}