{"TR_hits1": 0.31234866828087166, "VL_hits1": 0.3333333333333333, "TR_hits10": 0.3486682808716707, "VL_hits10": 0.38164251207729466}