{"TR_hits1": 0.4691151919866444, "VL_hits1": 0.5208681135225376, "TR_hits10": 0.4066666666666667, "VL_hits10": 0.48}