{"TR_hits1": 0.6492537313432836, "VL_hits1": 0.6553994732221247, "TR_hits10": 0.6052631578947368, "VL_hits10": 0.6192982456140351}