{"TR_hits1": 0.3622704507512521, "VL_hits1": 0.3756260434056761, "TR_hits10": 0.28, "VL_hits10": 0.30666666666666664}