{"TR_hits1": 0.9345917471466199, "VL_hits1": 0.9499561018437226, "TR_hits10": 0.7824561403508772, "VL_hits10": 0.9368421052631579}