{"TR_hits1": 0.7268518518518519, "VL_hits1": 0.7808641975308642, "TR_hits10": 0.5185185185185185, "VL_hits10": 0.7654320987654321}