{"TR_hits1": 0.47327044025157233, "VL_hits1": 0.5375, "TR_hits10": 0.5581761006289309, "VL_hits10": 0.6}