{"TR_hits1": 0.3340358271865121, "VL_hits1": 0.29411764705882354, "TR_hits10": 0.3814541622760801, "VL_hits10": 0.3487394957983193}