{"TR_hits1": 0.4838709677419355, "VL_hits1": 0.4838709677419355, "TR_hits10": 0.5967741935483871, "VL_hits10": 0.6258064516129033}