{"TR_hits1": 0.0015432098765432098, "VL_hits1": 0.024691358024691357, "TR_hits10": 0.04938271604938271, "VL_hits10": 0.16666666666666666}