{"TR_hits1": 0.862037037037037, "TS_hits1": 0.591682101363866, "TR_hits10": 0.9259259259259259, "TS_hits10": 0.694729752483583}