{"TR_hits1": 0.9675795880149813, "TS_hits1": 0.9820926966292135, "TR_hits10": 0.7586529740483924, "TS_hits10": 0.8257994675092893}