{"TR_hits1": 0.5301542776998598, "VL_hits1": 0.5904628330995793, "TR_hits10": 0.5195530726256983, "VL_hits10": 0.6033519553072626}