{"TR_hits1": 0.7835820895522388, "VL_hits1": 0.7945566286215979, "TR_hits10": 0.7, "VL_hits10": 0.7385964912280701}