{"TR_hits1": 0.41273584905660377, "VL_hits1": 0.37089201877934275, "TR_hits10": 0.45990566037735847, "VL_hits10": 0.4225352112676056}