{"TR_hits1": 0.44693396226415094, "VL_hits1": 0.4507042253521127, "TR_hits10": 0.4846698113207547, "VL_hits10": 0.48826291079812206}