{"TR_hits1": 0.5052742616033755, "VL_hits1": 0.4957983193277311, "TR_hits10": 0.5189873417721519, "VL_hits10": 0.5168067226890757}