{"TR_hits1": 0.3077731092436975, "VL_hits1": 0.27310924369747897, "TR_hits10": 0.37184873949579833, "VL_hits10": 0.3487394957983193}