{"TR_hits1": 0.642967542503864, "VL_hits1": 0.7387944358578052, "TR_hits10": 0.4506172839506173, "VL_hits10": 0.7407407407407407}