{"TR_hits1": 0.8132716049382716, "VL_hits1": 0.8734567901234568, "TR_hits10": 0.5555555555555556, "VL_hits10": 0.8271604938271605}