{"TR_hits1": 0.5721812434141201, "VL_hits1": 0.4789915966386555, "TR_hits10": 0.5753424657534246, "VL_hits10": 0.5630252100840336}