{"TR_hits1": 0.3810359964881475, "VL_hits1": 0.4376646180860404, "TR_hits10": 0.36140350877192984, "VL_hits10": 0.4105263157894737}