{"TR_hits1": 0.8474842767295597, "VL_hits1": 0.8710691823899371, "TR_hits10": 0.61875, "VL_hits10": 0.8625}