{"TR_hits1": 0.38207547169811323, "VL_hits1": 0.36477987421383645, "TR_hits10": 0.48427672955974843, "VL_hits10": 0.4716981132075472}