{"TR_hits1": 0.3925686591276252, "VL_hits1": 0.38064516129032255, "TR_hits10": 0.4991922455573506, "VL_hits10": 0.4774193548387097}