{"TR_hits1": 0.046267087276550996, "VL_hits1": 0.0546218487394958, "TR_hits10": 0.10410094637223975, "VL_hits10": 0.12184873949579832}