{"TR_hits1": 0.6688206785137318, "VL_hits1": 0.7027463651050081, "TR_hits10": 0.4064516129032258, "VL_hits10": 0.6580645161290323}