{"TR_hits1": 0.9102384291725105, "VL_hits1": 0.9228611500701263, "TR_hits10": 0.7318435754189944, "VL_hits10": 0.9162011173184358}