{"TR_hits1": 0.46563814866760167, "VL_hits1": 0.5385694249649369, "TR_hits10": 0.44692737430167595, "VL_hits10": 0.547486033519553}