{"TR_hits1": 0.17452830188679244, "VL_hits1": 0.15492957746478872, "TR_hits10": 0.2028301886792453, "VL_hits10": 0.18309859154929578}