{"TR_hits1": 0.7932148626817448, "VL_hits1": 0.8206785137318255, "TR_hits10": 0.4774193548387097, "VL_hits10": 0.7870967741935484}