{"TR_hits1": 0.25021949078138717, "VL_hits1": 0.2897278314310799, "TR_hits10": 0.21403508771929824, "VL_hits10": 0.2649122807017544}