{"TR_hits1": 0.8018867924528302, "VL_hits1": 0.8349056603773585, "TR_hits10": 0.49375, "VL_hits10": 0.76875}