{"TR_hits1": 0.6386554621848739, "VL_hits1": 0.65406162464986, "TR_hits10": 0.6033519553072626, "VL_hits10": 0.6089385474860335}