{"TR_hits1": 0.17452830188679244, "VL_hits1": 0.12206572769953052, "TR_hits10": 0.19929245283018868, "VL_hits10": 0.16901408450704225}