{"TR_hits1": 0.3656093489148581, "VL_hits1": 0.4257095158597663, "TR_hits10": 0.36666666666666664, "VL_hits10": 0.4266666666666667}