{"TR_hits1": 0.8018867924528302, "VL_hits1": 0.8443396226415094, "TR_hits10": 0.6125, "VL_hits10": 0.85625}