{"TR_hits1": 0.009433962264150943, "VL_hits1": 0.0660377358490566, "TR_hits10": 0.0, "VL_hits10": 0.012578616352201259}