{"TR_hits1": 0.8915094339622641, "VL_hits1": 0.9072327044025157, "TR_hits10": 0.6, "VL_hits10": 0.86875}