{"TR_hits1": 0.536969696969697, "VL_hits1": 0.42995169082125606, "TR_hits10": 0.5648484848484848, "VL_hits10": 0.5314009661835749}