{"TR_hits1": 0.9122036874451273, "VL_hits1": 0.946883230904302, "TR_hits10": 0.775438596491228, "VL_hits10": 0.9280701754385965}