{"TR_hits1": 0.6311360448807855, "VL_hits1": 0.6661991584852734, "TR_hits10": 0.5139664804469274, "VL_hits10": 0.553072625698324}