{"TR_hits1": 0.9455901711276876, "VL_hits1": 0.9697235629662132, "TR_hits10": 0.8526315789473684, "VL_hits10": 0.9666666666666667}