{"TR_hits1": 0.5847457627118644, "VL_hits1": 0.5507246376811594, "TR_hits10": 0.6150121065375302, "VL_hits10": 0.6086956521739131}