{"TR_hits1": 0.9201053555750659, "VL_hits1": 0.9385425812115891, "TR_hits10": 0.7403508771929824, "VL_hits10": 0.9333333333333333}