{"TR_hits1": 0.884992987377279, "VL_hits1": 0.9102384291725105, "TR_hits10": 0.7206703910614525, "VL_hits10": 0.9162011173184358}