{"TR_hits1": 0.8020735155513666, "TS_hits1": 0.5769725006425084, "TR_hits10": 0.883129123468426, "TS_hits10": 0.6664096633256232}