{"TR_hits1": 0.8077260755048288, "VL_hits1": 0.8134328358208955, "TR_hits10": 0.7140350877192982, "VL_hits10": 0.7666666666666667}