{"TR_hits1": 0.21818181818181817, "VL_hits1": 0.18357487922705315, "TR_hits10": 0.24242424242424243, "VL_hits10": 0.2318840579710145}