{"TR_hits1": 0.9396067415730337, "VL_hits1": 0.9620786516853933, "TR_hits10": 0.8146067415730337, "VL_hits10": 0.9438202247191011}