{"TR_hits1": 0.523153942428035, "VL_hits1": 0.245, "TR_hits10": 0.6458072590738423, "VL_hits10": 0.545}