{"TR_hits1": 0.7480245829675154, "VL_hits1": 0.7519754170324846, "TR_hits10": 0.6754385964912281, "VL_hits10": 0.7017543859649122}