{"TR_hits1": 0.3992490613266583, "VL_hits1": 0.425, "TR_hits10": 0.4555694618272841, "VL_hits10": 0.485}