{"TR_hits1": 0.6624649859943977, "VL_hits1": 0.7521008403361344, "TR_hits10": 0.6480446927374302, "VL_hits10": 0.7094972067039106}