{"TR_hits1": 0.8924967090829311, "VL_hits1": 0.8955682316805617, "TR_hits10": 0.7859649122807018, "VL_hits10": 0.8368421052631579}