{"TR_hits1": 0.9313725490196079, "VL_hits1": 0.9467787114845938, "TR_hits10": 0.7653631284916201, "VL_hits10": 0.9608938547486033}