{"TR_hits1": 0.5577731092436975, "VL_hits1": 0.46218487394957986, "TR_hits10": 0.5598739495798319, "VL_hits10": 0.5126050420168067}