{"TR_hits1": 0.4831932773109244, "VL_hits1": 0.5042016806722689, "TR_hits10": 0.46368715083798884, "VL_hits10": 0.4972067039106145}