{"TR_hits1": 0.5294117647058824, "VL_hits1": 0.5350140056022409, "TR_hits10": 0.4581005586592179, "VL_hits10": 0.4692737430167598}