{"TR_hits1": 0.4540901502504174, "VL_hits1": 0.4607679465776294, "TR_hits10": 0.2866666666666667, "VL_hits10": 0.3333333333333333}