{"TR_hits1": 0.9311797752808989, "VL_hits1": 0.9452247191011236, "TR_hits10": 0.7808988764044944, "VL_hits10": 0.9438202247191011}