{"TR_hits1": 0.9495171202809481, "VL_hits1": 0.9574187884108868, "TR_hits10": 0.8280701754385965, "VL_hits10": 0.9526315789473684}