{"TR_hits1": 0.9062170706006323, "VL_hits1": 0.6218487394957983, "TR_hits10": 0.9209694415173867, "VL_hits10": 0.9369747899159664}