{"TR_hits1": 0.44908180300500833, "VL_hits1": 0.5091819699499165, "TR_hits10": 0.4266666666666667, "VL_hits10": 0.49333333333333335}