{"TR_hits1": 0.9591926283457657, "VL_hits1": 0.9697235629662132, "TR_hits10": 0.7982456140350878, "VL_hits10": 0.9456140350877194}