{"TR_hits1": 0.742756804214223, "VL_hits1": 0.762071992976295, "TR_hits10": 0.6508771929824562, "VL_hits10": 0.7035087719298245}