{"TR_hits1": 0.9101123595505618, "VL_hits1": 0.9353932584269663, "TR_hits10": 0.7078651685393258, "VL_hits10": 0.898876404494382}