{"TR_hits1": 0.776558384547849, "VL_hits1": 0.7870939420544337, "TR_hits10": 0.7210526315789474, "VL_hits10": 0.7631578947368421}