{"TR_hits1": 0.48914858096828046, "VL_hits1": 0.4866666666666667, "TR_hits10": 0.5425709515859767, "VL_hits10": 0.5533333333333333}