{"TR_hits1": 0.4323873121869783, "VL_hits1": 0.5292153589315526, "TR_hits10": 0.46, "VL_hits10": 0.5666666666666667}