{"TR_hits1": 0.15295480880648898, "VL_hits1": 0.19444444444444445, "TR_hits10": 0.19466975666280417, "VL_hits10": 0.2638888888888889}