{"TR_hits1": 0.41514726507713884, "VL_hits1": 0.426367461430575, "TR_hits10": 0.3743016759776536, "VL_hits10": 0.39664804469273746}