{"TR_hits1": 0.41235392320534225, "VL_hits1": 0.42070116861435725, "TR_hits10": 0.34, "VL_hits10": 0.36666666666666664}