{"TR_hits1": 0.43429286608260326, "VL_hits1": 0.475, "TR_hits10": 0.5081351689612015, "VL_hits10": 0.515}