{"TR_hits1": 0.4168012924071082, "VL_hits1": 0.45806451612903226, "TR_hits10": 0.4991922455573506, "VL_hits10": 0.5870967741935483}