{"TR_hits1": 0.32633053221288516, "VL_hits1": 0.3445378151260504, "TR_hits10": 0.2569832402234637, "VL_hits10": 0.3016759776536313}