{"TR_hits1": 0.8213689482470785, "VL_hits1": 0.8313856427378965, "TR_hits10": 0.47333333333333333, "VL_hits10": 0.78}