{"TR_hits1": 0.8077260755048288, "VL_hits1": 0.8129938542581212, "TR_hits10": 0.7228070175438597, "VL_hits10": 0.7684210526315789}