{"TR_hits1": 0.6053240740740741, "VL_hits1": 0.5231481481481481, "TR_hits10": 0.6284722222222222, "VL_hits10": 0.5694444444444444}