{"TR_hits1": 0.8714524207011686, "VL_hits1": 0.8747913188647746, "TR_hits10": 0.5933333333333334, "VL_hits10": 0.8666666666666667}