{"TR_hits1": 0.6580333625987709, "VL_hits1": 0.6707638279192274, "TR_hits10": 0.5719298245614035, "VL_hits10": 0.6017543859649123}