{"TR_hits1": 0.8694968553459119, "VL_hits1": 0.9166666666666666, "TR_hits10": 0.55625, "VL_hits10": 0.90625}