{"TR_hits1": 0.7933304080737166, "VL_hits1": 0.797718297498903, "TR_hits10": 0.6964912280701754, "VL_hits10": 0.7473684210526316}