{"TR_hits1": 0.9571428571428572, "TS_hits1": 0.7122335141743715, "TR_hits10": 0.9890756302521009, "TS_hits10": 0.9152594177427982}