{"TR_hits1": 0.804004214963119, "VL_hits1": 0.6302521008403361, "TR_hits10": 0.9009483667017913, "VL_hits10": 0.8907563025210085}