{"TR_hits1": 0.9596136962247586, "VL_hits1": 0.9675153643546971, "TR_hits10": 0.8350877192982457, "VL_hits10": 0.9508771929824561}