{"TR_hits1": 0.882258064516129, "VL_hits1": 0.896774193548387, "TR_hits10": 0.567741935483871, "VL_hits10": 0.8451612903225807}