{"TR_hits1": 0.9691011235955056, "VL_hits1": 0.976123595505618, "TR_hits10": 0.8426966292134831, "VL_hits10": 0.949438202247191}