{"TR_hits1": 0.9166666666666666, "VL_hits1": 0.9512578616352201, "TR_hits10": 0.68125, "VL_hits10": 0.90625}