{"TR_hits1": 0.15393518518518517, "VL_hits1": 0.10185185185185185, "TR_hits10": 0.20833333333333334, "VL_hits10": 0.1388888888888889}