{"TR_hits1": 0.3973288814691152, "VL_hits1": 0.48914858096828046, "TR_hits10": 0.41333333333333333, "VL_hits10": 0.46}