{"TR_hits1": 0.1802252816020025, "VL_hits1": 0.175, "TR_hits10": 0.21151439299123906, "VL_hits10": 0.255}