{"TR_hits1": 0.8328214129003949, "VL_hits1": 0.8358929354980255, "TR_hits10": 0.7578947368421053, "VL_hits10": 0.8087719298245614}