{"TR_hits1": 0.8916666666666667, "TS_hits1": 0.5655834315541337, "TR_hits10": 0.9657407407407408, "TS_hits10": 0.8237918841555818}