{"TR_hits1": 0.46243739565943237, "VL_hits1": 0.4691151919866444, "TR_hits10": 0.47333333333333333, "VL_hits10": 0.5}