{"TR_hits1": 0.5156431054461182, "VL_hits1": 0.5046296296296297, "TR_hits10": 0.5596755504055619, "VL_hits10": 0.5787037037037037}