{"TR_hits1": 0.9424934152765584, "VL_hits1": 0.9582967515364355, "TR_hits10": 0.7736842105263158, "VL_hits10": 0.9298245614035088}