{"TR_hits1": 0.4618055555555556, "VL_hits1": 0.4444444444444444, "TR_hits10": 0.5324074074074074, "VL_hits10": 0.5}