{"TR_hits1": 0.6666666666666666, "VL_hits1": 0.3611111111111111, "TR_hits10": 0.6886574074074074, "VL_hits10": 0.6759259259259259}