{"TR_hits1": 0.4993939393939394, "VL_hits1": 0.4782608695652174, "TR_hits10": 0.5466666666666666, "VL_hits10": 0.5169082125603864}