{"avg_TR_hits1": 0.6329520136122938, "std_TR_hits1": 0.07592414242655629, "avg_TS_hits1": 0.5301750330715534, "std_TS_hits1": 0.04629483453055273, "avg_TR_hits10": 0.744692426254025, "std_TR_hits10": 0.0963942749247128, "avg_TS_hits10": 0.6474153761833807, "std_TS_hits10": 0.049114162871904156}