{"TR_hits1": 0.18363939899833054, "VL_hits1": 0.21035058430717862, "TR_hits10": 0.16666666666666666, "VL_hits10": 0.2}