{"TR_hits1": 0.792361720807726, "VL_hits1": 0.7967515364354697, "TR_hits10": 0.712280701754386, "VL_hits10": 0.7508771929824561}