{"TR_hits1": 0.2604166666666667, "VL_hits1": 0.17592592592592593, "TR_hits10": 0.29282407407407407, "VL_hits10": 0.24074074074074073}