{"TR_hits1": 0.18303030303030304, "VL_hits1": 0.12077294685990338, "TR_hits10": 0.2387878787878788, "VL_hits10": 0.16908212560386474}