{"TR_hits1": 0.8088235294117647, "VL_hits1": 0.5378151260504201, "TR_hits10": 0.8539915966386554, "VL_hits10": 0.8151260504201681}