{"TR_hits1": 0.38279192273924495, "VL_hits1": 0.4688323090430202, "TR_hits10": 0.3543859649122807, "VL_hits10": 0.42105263157894735}