{"TR_hits1": 0.6659350307287094, "VL_hits1": 0.6988586479367866, "TR_hits10": 0.6385964912280702, "VL_hits10": 0.6929824561403509}