{"TR_hits1": 0.7951388888888888, "VL_hits1": 0.5, "TR_hits10": 0.8483796296296297, "VL_hits10": 0.7638888888888888}