{"TR_hits1": 0.47685834502103785, "VL_hits1": 0.4782608695652174, "TR_hits10": 0.43575418994413406, "VL_hits10": 0.43575418994413406}