{"TR_hits1": 0.5838454784899034, "VL_hits1": 0.5882352941176471, "TR_hits10": 0.5719298245614035, "VL_hits10": 0.5947368421052631}