{"TR_hits1": 0.8848314606741573, "VL_hits1": 0.925561797752809, "TR_hits10": 0.6966292134831461, "VL_hits10": 0.9101123595505618}