{"TR_hits1": 0.42857142857142855, "VL_hits1": 0.42, "TR_hits10": 0.5075187969924813, "VL_hits10": 0.495}