{"TR_hits1": 0.42887249736564803, "VL_hits1": 0.39915966386554624, "TR_hits10": 0.45310853530031614, "VL_hits10": 0.4369747899159664}