{"TR_hits1": 0.7251975417032485, "VL_hits1": 0.7484635645302897, "TR_hits10": 0.6491228070175439, "VL_hits10": 0.7035087719298245}