{"TR_hits1": 0.9173669467787114, "VL_hits1": 0.9187675070028011, "TR_hits10": 0.7374301675977654, "VL_hits10": 0.8659217877094972}