{"TR_hits1": 0.8268551236749117, "VL_hits1": 0.5352112676056338, "TR_hits10": 0.8492343934040048, "VL_hits10": 0.7981220657276995}