{"TR_hits1": 0.5199579831932774, "VL_hits1": 0.5294117647058824, "TR_hits10": 0.532563025210084, "VL_hits10": 0.5714285714285714}