{"TR_hits1": 0.1476846057571965, "VL_hits1": 0.18, "TR_hits10": 0.2002503128911139, "VL_hits10": 0.25}