{"TR_hits1": 0.40336134453781514, "VL_hits1": 0.37815126050420167, "TR_hits10": 0.44537815126050423, "VL_hits10": 0.4117647058823529}