{"TR_hits1": 0.9319578577699736, "VL_hits1": 0.9539069359086918, "TR_hits10": 0.7824561403508772, "VL_hits10": 0.9333333333333333}