{"TR_hits1": 0.4073455759599332, "VL_hits1": 0.44240400667779634, "TR_hits10": 0.3466666666666667, "VL_hits10": 0.43333333333333335}