{"TR_hits1": 0.8503072870939421, "VL_hits1": 0.8507462686567164, "TR_hits10": 0.7684210526315789, "VL_hits10": 0.8157894736842105}