{"TR_hits1": 0.778675282714055, "VL_hits1": 0.7883683360258481, "TR_hits10": 0.4774193548387097, "VL_hits10": 0.7419354838709677}