{"TR_hits1": 0.5267778753292361, "VL_hits1": 0.612379280070237, "TR_hits10": 0.5578947368421052, "VL_hits10": 0.6456140350877193}