{"TR_hits1": 0.7414398595258999, "VL_hits1": 0.7436347673397717, "TR_hits10": 0.6982456140350877, "VL_hits10": 0.7421052631578947}