{"TR_hits1": 0.9539069359086918, "VL_hits1": 0.9604916593503073, "TR_hits10": 0.7789473684210526, "VL_hits10": 0.9315789473684211}