{"TR_hits1": 0.7606516290726817, "VL_hits1": 0.46, "TR_hits10": 0.7781954887218046, "VL_hits10": 0.74}