{"TR_hits1": 0.15272727272727274, "VL_hits1": 0.1111111111111111, "TR_hits10": 0.2084848484848485, "VL_hits10": 0.16908212560386474}