{"TR_hits1": 0.8851540616246498, "VL_hits1": 0.9369747899159664, "TR_hits10": 0.6871508379888268, "VL_hits10": 0.8938547486033519}