{"TR_hits1": 0.8474842767295597, "VL_hits1": 0.8632075471698113, "TR_hits10": 0.5, "VL_hits10": 0.8}