{"TR_hits1": 0.9214586255259467, "VL_hits1": 0.938288920056101, "TR_hits10": 0.7374301675977654, "VL_hits10": 0.9050279329608939}