{"TR_hits1": 0.8414023372287145, "VL_hits1": 0.8430717863105175, "TR_hits10": 0.47333333333333333, "VL_hits10": 0.7266666666666667}