{"TR_hits1": 0.5182072829131653, "VL_hits1": 0.5742296918767507, "TR_hits10": 0.5307262569832403, "VL_hits10": 0.5754189944134078}