{"TR_hits1": 0.32053422370617696, "VL_hits1": 0.3806343906510851, "TR_hits10": 0.32, "VL_hits10": 0.38}