{"TR_hits1": 0.6190476190476191, "VL_hits1": 0.6204481792717087, "TR_hits10": 0.5810055865921788, "VL_hits10": 0.5810055865921788}