{"TR_hits1": 0.2675544794188862, "VL_hits1": 0.15458937198067632, "TR_hits10": 0.2929782082324455, "VL_hits10": 0.21256038647342995}