{"TR_hits1": 0.4152542372881356, "VL_hits1": 0.41545893719806765, "TR_hits10": 0.4963680387409201, "VL_hits10": 0.4975845410628019}