{"TR_hits1": 0.8876404494382022, "VL_hits1": 0.9171348314606742, "TR_hits10": 0.651685393258427, "VL_hits10": 0.8932584269662921}