{"TR_hits1": 0.10955056179775281, "VL_hits1": 0.06741573033707865, "TR_hits10": 0.1797752808988764, "VL_hits10": 0.1797752808988764}