{"TR_hits1": 0.7747408105560791, "TS_hits1": 0.48290927782061166, "TR_hits10": 0.8322337417530632, "TS_hits10": 0.7833461835003855}