{"TR_hits1": 0.9058988764044944, "VL_hits1": 0.9339887640449438, "TR_hits10": 0.7528089887640449, "VL_hits10": 0.9382022471910112}