{"TR_hits1": 0.8395061728395061, "VL_hits1": 0.8626543209876543, "TR_hits10": 0.5555555555555556, "VL_hits10": 0.808641975308642}