{"TR_hits1": 0.8681135225375626, "VL_hits1": 0.8697829716193656, "TR_hits10": 0.58, "VL_hits10": 0.8466666666666667}