{"TR_hits1": 0.5219490781387182, "VL_hits1": 0.5263388937664618, "TR_hits10": 0.4789473684210526, "VL_hits10": 0.5087719298245614}