{"TR_hits1": 0.22163865546218486, "VL_hits1": 0.18907563025210083, "TR_hits10": 0.26365546218487396, "VL_hits10": 0.2689075630252101}