{"TR_hits1": 0.5231481481481481, "VL_hits1": 0.5046296296296297, "TR_hits10": 0.5717592592592593, "VL_hits10": 0.5787037037037037}