{"TR_hits1": 0.5875383940324704, "VL_hits1": 0.5998244844229925, "TR_hits10": 0.4789473684210526, "VL_hits10": 0.5280701754385965}