{"TR_hits1": 0.7459412022817025, "VL_hits1": 0.7595436594997806, "TR_hits10": 0.7157894736842105, "VL_hits10": 0.7491228070175439}