{"TR_hits1": 0.5094339622641509, "VL_hits1": 0.60625, "TR_hits10": 0.60062893081761, "VL_hits10": 0.69375}