{"TR_hits1": 0.8985952589991221, "VL_hits1": 0.9385425812115891, "TR_hits10": 0.7929824561403509, "VL_hits10": 0.9350877192982456}