{"TR_hits1": 0.3797190517998244, "VL_hits1": 0.46488147497805093, "TR_hits10": 0.37719298245614036, "VL_hits10": 0.44912280701754387}