{"TR_hits1": 0.8831385642737897, "VL_hits1": 0.8831385642737897, "TR_hits10": 0.5333333333333333, "VL_hits10": 0.7866666666666666}