{"TR_hits1": 0.5304621848739496, "VL_hits1": 0.4957983193277311, "TR_hits10": 0.5346638655462185, "VL_hits10": 0.5168067226890757}