{"avg_TR_hits1": 0.6107207742144282, "std_TR_hits1": 0.22150222686085913, "avg_TS_hits1": 0.345677311299712, "std_TS_hits1": 0.09415181848104212, "avg_TR_hits10": 0.696827756279994, "std_TR_hits10": 0.23722613202776827, "avg_TS_hits10": 0.45222360646948107, "std_TS_hits10": 0.11604090713839031}