{"TR_hits1": 0.8569182389937107, "VL_hits1": 0.8930817610062893, "TR_hits10": 0.54375, "VL_hits10": 0.85625}