{"TR_hits1": 0.8317610062893082, "VL_hits1": 0.860062893081761, "TR_hits10": 0.5375, "VL_hits10": 0.875}