{"TR_hits1": 0.5577731092436975, "VL_hits1": 0.6050420168067226, "TR_hits10": 0.6102941176470589, "VL_hits10": 0.6638655462184874}