{"TR_hits1": 0.48914858096828046, "VL_hits1": 0.4941569282136895, "TR_hits10": 0.41333333333333333, "VL_hits10": 0.47333333333333333}