{"TR_hits1": 0.8721910112359551, "VL_hits1": 0.9157303370786517, "TR_hits10": 0.7191011235955056, "VL_hits10": 0.9269662921348315}