{"TR_hits1": 0.6204481792717087, "VL_hits1": 0.6442577030812325, "TR_hits10": 0.5363128491620112, "VL_hits10": 0.5810055865921788}