{"TR_hits1": 0.16165413533834586, "VL_hits1": 0.12, "TR_hits10": 0.18922305764411027, "VL_hits10": 0.17}