{"TR_hits1": 0.4789915966386555, "VL_hits1": 0.5126050420168067, "TR_hits10": 0.4957983193277311, "VL_hits10": 0.542016806722689}