{"TR_hits1": 0.8797996661101837, "VL_hits1": 0.8914858096828047, "TR_hits10": 0.6333333333333333, "VL_hits10": 0.8733333333333333}