{"TR_hits1": 0.625968992248062, "TS_hits1": 0.5484723078277715, "TR_hits10": 0.7015503875968992, "TS_hits10": 0.6524610372457516}