{"TR_hits1": 0.8472344161545216, "VL_hits1": 0.8520632133450395, "TR_hits10": 0.7824561403508772, "VL_hits10": 0.8421052631578947}