{"TR_hits1": 0.4027777777777778, "VL_hits1": 0.13580246913580246, "TR_hits10": 0.5046296296296297, "VL_hits10": 0.4506172839506173}