{"TR_hits1": 0.013888888888888888, "VL_hits1": 0.05092592592592592, "TR_hits10": 0.06790123456790123, "VL_hits10": 0.1728395061728395}