{"TR_hits1": 0.5342237061769616, "VL_hits1": 0.5442404006677797, "TR_hits10": 0.46, "VL_hits10": 0.49333333333333335}