{"TR_hits1": 0.21598877980364656, "VL_hits1": 0.2664796633941094, "TR_hits10": 0.1787709497206704, "VL_hits10": 0.21787709497206703}