{"TR_hits1": 0.46382428940568476, "TS_hits1": 0.4474386569091692, "TR_hits10": 0.5271317829457365, "TS_hits10": 0.5512699095996556}