{"TR_hits1": 0.5765686704695042, "VL_hits1": 0.651601579640193, "TR_hits10": 0.5719298245614035, "VL_hits10": 0.6385964912280702}