{"TR_hits1": 0.006322444678609062, "VL_hits1": 0.012605042016806723, "TR_hits10": 0.023182297154899896, "VL_hits10": 0.03361344537815126}