{"TR_hits1": 0.4355444305381727, "VL_hits1": 0.365, "TR_hits10": 0.4793491864831039, "VL_hits10": 0.42}