{"TR_hits1": 0.7773475314617618, "TS_hits1": 0.424092990489609, "TR_hits10": 0.888673765730881, "TS_hits10": 0.5543325114476928}