{"TR_hits1": 0.6615452151009658, "VL_hits1": 0.675153643546971, "TR_hits10": 0.6298245614035087, "VL_hits10": 0.6736842105263158}