{"TR_hits1": 0.9455901711276876, "VL_hits1": 0.9684071961386573, "TR_hits10": 0.8842105263157894, "VL_hits10": 0.9789473684210527}