{"TR_hits1": 0.8741935483870967, "VL_hits1": 0.8903225806451613, "TR_hits10": 0.5161290322580645, "VL_hits10": 0.8}