{"TR_hits1": 0.5727525486561631, "TS_hits1": 0.5280747537671521, "TR_hits10": 0.6181649675625579, "TS_hits10": 0.6145298425793417}