{"TR_hits1": 0.5344180225281602, "VL_hits1": 0.575, "TR_hits10": 0.574468085106383, "VL_hits10": 0.645}