{"TR_hits1": 0.6014047410008779, "VL_hits1": 0.6277436347673397, "TR_hits10": 0.5771929824561404, "VL_hits10": 0.6192982456140351}