{"TR_hits1": 0.35154061624649857, "VL_hits1": 0.3627450980392157, "TR_hits10": 0.33519553072625696, "VL_hits10": 0.35195530726256985}