{"TR_hits1": 0.8821879382889201, "VL_hits1": 0.9186535764375876, "TR_hits10": 0.7430167597765364, "VL_hits10": 0.8994413407821229}