{"TR_hits1": 0.6157082748948106, "VL_hits1": 0.6227208976157083, "TR_hits10": 0.4581005586592179, "VL_hits10": 0.5027932960893855}