{"TR_hits1": 0.8890449438202247, "VL_hits1": 0.9101123595505618, "TR_hits10": 0.702247191011236, "VL_hits10": 0.9101123595505618}