{"TR_hits1": 0.6530898876404494, "VL_hits1": 0.30337078651685395, "TR_hits10": 0.6966292134831461, "VL_hits10": 0.6460674157303371}