{"TR_hits1": 0.8721910112359551, "VL_hits1": 0.9115168539325843, "TR_hits10": 0.7078651685393258, "VL_hits10": 0.8932584269662921}