{"TR_hits1": 0.49436795994993743, "VL_hits1": 0.39, "TR_hits10": 0.5018773466833542, "VL_hits10": 0.455}