{"TR_hits1": 0.6852502194907814, "VL_hits1": 0.6913959613696224, "TR_hits10": 0.6105263157894737, "VL_hits10": 0.6578947368421053}