{"TR_hits1": 0.5672268907563025, "VL_hits1": 0.6624649859943977, "TR_hits10": 0.5921787709497207, "VL_hits10": 0.6703910614525139}