{"TR_hits1": 0.9181969949916527, "VL_hits1": 0.9248747913188647, "TR_hits10": 0.58, "VL_hits10": 0.8733333333333333}