{"TR_hits1": 0.35714285714285715, "VL_hits1": 0.3641456582633053, "TR_hits10": 0.39106145251396646, "VL_hits10": 0.39664804469273746}