{"TR_hits1": 0.530812324929972, "VL_hits1": 0.5378151260504201, "TR_hits10": 0.5083798882681564, "VL_hits10": 0.5139664804469274}