{"TR_hits1": 0.32391048292108365, "VL_hits1": 0.2300469483568075, "TR_hits10": 0.34393404004711425, "VL_hits10": 0.3004694835680751}