{"TR_hits1": 0.5079016681299385, "VL_hits1": 0.5153643546971027, "TR_hits10": 0.5175438596491229, "VL_hits10": 0.5280701754385965}