{"TR_hits1": 0.7844600526777875, "VL_hits1": 0.786215978928885, "TR_hits10": 0.6894736842105263, "VL_hits10": 0.756140350877193}