{"TR_hits1": 0.8472222222222222, "VL_hits1": 0.8518518518518519, "TR_hits10": 0.5308641975308642, "VL_hits10": 0.7962962962962963}