{"TR_hits1": 0.4043583535108959, "VL_hits1": 0.391304347826087, "TR_hits10": 0.45641646489104115, "VL_hits10": 0.463768115942029}