{"TR_hits1": 0.6008403361344538, "VL_hits1": 0.5126050420168067, "TR_hits10": 0.6071428571428571, "VL_hits10": 0.5294117647058824}