{"TR_hits1": 0.20802005012531327, "VL_hits1": 0.215, "TR_hits10": 0.2631578947368421, "VL_hits10": 0.28}