{"TR_hits1": 0.7757788503729706, "VL_hits1": 0.790258885476086, "TR_hits10": 0.6824561403508772, "VL_hits10": 0.7421052631578947}