{"TR_hits1": 0.35392320534223703, "VL_hits1": 0.35392320534223703, "TR_hits10": 0.31333333333333335, "VL_hits10": 0.34}