{"TR_hits1": 0.7203687445127305, "VL_hits1": 0.7344161545215101, "TR_hits10": 0.6701754385964912, "VL_hits10": 0.7}