{"TR_hits1": 0.051470588235294115, "VL_hits1": 0.037815126050420166, "TR_hits10": 0.0703781512605042, "VL_hits10": 0.0546218487394958}