{"TR_hits1": 0.2602905569007264, "VL_hits1": 0.1932367149758454, "TR_hits10": 0.2917675544794189, "VL_hits10": 0.24154589371980675}