{"TR_hits1": 0.6022408963585434, "VL_hits1": 0.6596638655462185, "TR_hits10": 0.547486033519553, "VL_hits10": 0.5921787709497207}