{"TR_hits1": 0.9569986836331724, "VL_hits1": 0.9635805177709522, "TR_hits10": 0.8701754385964913, "VL_hits10": 0.968421052631579}