{"TR_hits1": 0.7264150943396226, "VL_hits1": 0.7845911949685535, "TR_hits10": 0.45625, "VL_hits10": 0.775}