{"TR_hits1": 0.6617647058823529, "VL_hits1": 0.6302521008403361, "TR_hits10": 0.694327731092437, "VL_hits10": 0.6974789915966386}