{"TR_hits1": 0.43209876543209874, "VL_hits1": 0.42592592592592593, "TR_hits10": 0.5632716049382716, "VL_hits10": 0.5123456790123457}