{"TR_hits1": 0.7447495961227787, "VL_hits1": 0.7851373182552503, "TR_hits10": 0.44516129032258067, "VL_hits10": 0.7290322580645161}