{"TR_hits1": 0.5842844600526778, "VL_hits1": 0.6049165935030729, "TR_hits10": 0.5421052631578948, "VL_hits10": 0.5842105263157895}