{"TR_hits1": 0.7835218093699515, "VL_hits1": 0.8109854604200323, "TR_hits10": 0.432258064516129, "VL_hits10": 0.7161290322580646}