{"TR_hits1": 0.8318700614574188, "VL_hits1": 0.8349429323968394, "TR_hits10": 0.7263157894736842, "VL_hits10": 0.7666666666666667}