{"TR_hits1": 0.30453108535300316, "VL_hits1": 0.19747899159663865, "TR_hits10": 0.3171759747102213, "VL_hits10": 0.2184873949579832}