{"TR_hits1": 0.6808604038630377, "VL_hits1": 0.6826163301141353, "TR_hits10": 0.6157894736842106, "VL_hits10": 0.6333333333333333}