{"TR_hits1": 0.8918539325842697, "VL_hits1": 0.9157303370786517, "TR_hits10": 0.7078651685393258, "VL_hits10": 0.8764044943820225}