{"TR_hits1": 0.263030303030303, "VL_hits1": 0.1932367149758454, "TR_hits10": 0.2884848484848485, "VL_hits10": 0.26570048309178745}