{"TR_hits1": 0.6027397260273972, "VL_hits1": 0.5714285714285714, "TR_hits10": 0.6090621707060063, "VL_hits10": 0.6008403361344538}