{"TR_hits1": 0.6613924050632911, "VL_hits1": 0.5294117647058824, "TR_hits10": 0.6645569620253164, "VL_hits10": 0.5966386554621849}