{"TR_hits1": 0.40625, "VL_hits1": 0.39814814814814814, "TR_hits10": 0.44907407407407407, "VL_hits10": 0.48148148148148145}