{"TR_hits1": 0.8694968553459119, "VL_hits1": 0.8789308176100629, "TR_hits10": 0.5345911949685535, "VL_hits10": 0.8050314465408805}