{"TR_hits1": 0.40801001251564456, "VL_hits1": 0.415, "TR_hits10": 0.44680851063829785, "VL_hits10": 0.46}