{"TR_hits1": 0.525460930640913, "VL_hits1": 0.5474100087796313, "TR_hits10": 0.5333333333333333, "VL_hits10": 0.5508771929824562}