{"TR_hits1": 0.8864774624373957, "VL_hits1": 0.8931552587646077, "TR_hits10": 0.58, "VL_hits10": 0.8266666666666667}