{"TR_hits1": 0.04847207586933614, "VL_hits1": 0.025210084033613446, "TR_hits10": 0.05795574288724974, "VL_hits10": 0.029411764705882353}