{"TR_hits1": 0.6470588235294118, "VL_hits1": 0.592436974789916, "TR_hits10": 0.657563025210084, "VL_hits10": 0.6092436974789915}