{"TR_hits1": 0.2531328320802005, "VL_hits1": 0.16, "TR_hits10": 0.2593984962406015, "VL_hits10": 0.2}