{"TR_hits1": 0.9372531812198333, "VL_hits1": 0.9578762615182097, "TR_hits10": 0.7894736842105263, "VL_hits10": 0.9491228070175438}