{"TR_hits1": 0.6061320754716981, "VL_hits1": 0.5164319248826291, "TR_hits10": 0.6391509433962265, "VL_hits10": 0.5539906103286385}