{"TR_hits1": 0.6185133239831697, "VL_hits1": 0.6325385694249649, "TR_hits10": 0.5698324022346368, "VL_hits10": 0.5810055865921788}