{"TR_hits1": 0.7892888498683055, "VL_hits1": 0.7945566286215979, "TR_hits10": 0.6736842105263158, "VL_hits10": 0.7210526315789474}