{"TR_hits1": 0.9018232819074333, "VL_hits1": 0.9270687237026648, "TR_hits10": 0.770949720670391, "VL_hits10": 0.9162011173184358}