{"TR_hits1": 0.4895833333333333, "VL_hits1": 0.42592592592592593, "TR_hits10": 0.5451388888888888, "VL_hits10": 0.5046296296296297}