{"TR_hits1": 0.18277310924369747, "VL_hits1": 0.06302521008403361, "TR_hits10": 0.23634453781512604, "VL_hits10": 0.18907563025210083}