{"TR_hits1": 0.8247078464106845, "VL_hits1": 0.8280467445742905, "TR_hits10": 0.5533333333333333, "VL_hits10": 0.8066666666666666}