{"TR_hits1": 0.6053555750658473, "VL_hits1": 0.6115013169446883, "TR_hits10": 0.5824561403508772, "VL_hits10": 0.6105263157894737}