{"TR_hits1": 0.9410112359550562, "VL_hits1": 0.9410112359550562, "TR_hits10": 0.7247191011235955, "VL_hits10": 0.9044943820224719}