{"TR_hits1": 0.956540825285338, "VL_hits1": 0.9626865671641791, "TR_hits10": 0.7789473684210526, "VL_hits10": 0.9298245614035088}