{"TR_hits1": 0.8977987421383647, "VL_hits1": 0.9119496855345912, "TR_hits10": 0.6125, "VL_hits10": 0.86875}