{"TR_hits1": 0.19811320754716982, "VL_hits1": 0.1267605633802817, "TR_hits10": 0.21226415094339623, "VL_hits10": 0.15023474178403756}