{"TR_hits1": 0.20872641509433962, "VL_hits1": 0.15492957746478872, "TR_hits10": 0.2346698113207547, "VL_hits10": 0.18309859154929578}