{"TR_hits1": 0.6725197541703248, "VL_hits1": 0.6795434591747147, "TR_hits10": 0.5789473684210527, "VL_hits10": 0.6140350877192983}