{"TR_hits1": 0.29411764705882354, "VL_hits1": 0.32492997198879553, "TR_hits10": 0.3407821229050279, "VL_hits10": 0.3854748603351955}