{"TR_hits1": 0.5423728813559322, "VL_hits1": 0.42028985507246375, "TR_hits10": 0.6331719128329297, "VL_hits10": 0.5265700483091788}