{"TR_hits1": 0.7467076382791923, "VL_hits1": 0.7576821773485514, "TR_hits10": 0.6719298245614035, "VL_hits10": 0.7017543859649122}