{"TR_hits1": 0.40693590869183494, "VL_hits1": 0.4688323090430202, "TR_hits10": 0.39473684210526316, "VL_hits10": 0.4666666666666667}