{"TR_hits1": 0.9240561896400351, "VL_hits1": 0.9512730465320457, "TR_hits10": 0.7807017543859649, "VL_hits10": 0.9614035087719298}