{"TR_hits1": 0.37264150943396224, "VL_hits1": 0.40375586854460094, "TR_hits10": 0.43514150943396224, "VL_hits10": 0.4835680751173709}