{"TR_hits1": 0.7554872695346796, "VL_hits1": 0.7611940298507462, "TR_hits10": 0.7017543859649122, "VL_hits10": 0.7298245614035088}