{"avg_TR_hits1": 0.8386130566608477, "std_TR_hits1": 0.06777074217960652, "avg_TS_hits1": 0.7394275401707923, "std_TS_hits1": 0.0343127740032758, "avg_TR_hits10": 0.8862361092460533, "std_TR_hits10": 0.07725758568753069, "avg_TS_hits10": 0.8086048021503514, "std_TS_hits10": 0.037412913423071}