{"TR_hits1": 0.5424726661059714, "TS_hits1": 0.41274449877750613, "TR_hits10": 0.5550883095037847, "TS_hits10": 0.49816625916870416}