{"TR_hits1": 0.453015427769986, "VL_hits1": 0.4838709677419355, "TR_hits10": 0.44692737430167595, "VL_hits10": 0.4860335195530726}