{"TR_hits1": 0.9058641975308642, "VL_hits1": 0.9259259259259259, "TR_hits10": 0.654320987654321, "VL_hits10": 0.8827160493827161}