{"TR_hits1": 0.7822651448639157, "VL_hits1": 0.786215978928885, "TR_hits10": 0.7157894736842105, "VL_hits10": 0.7421052631578947}