{"TR_hits1": 0.5792426367461431, "VL_hits1": 0.5876577840112202, "TR_hits10": 0.4581005586592179, "VL_hits10": 0.5027932960893855}