{"TR_hits1": 0.38933951332560834, "VL_hits1": 0.27314814814814814, "TR_hits10": 0.406720741599073, "VL_hits10": 0.3101851851851852}