{"TR_hits1": 0.42857142857142855, "VL_hits1": 0.38, "TR_hits10": 0.47117794486215536, "VL_hits10": 0.445}