{"TR_hits1": 0.9648876404494382, "VL_hits1": 0.9719101123595506, "TR_hits10": 0.7808988764044944, "VL_hits10": 0.9606741573033708}