{"TR_hits1": 0.4290484140233723, "VL_hits1": 0.43906510851419034, "TR_hits10": 0.34, "VL_hits10": 0.3466666666666667}