{"TR_hits1": 0.5925925925925926, "VL_hits1": 0.5509259259259259, "TR_hits10": 0.6192129629629629, "VL_hits10": 0.6064814814814815}