{"TR_hits1": 0.9604916593503073, "VL_hits1": 0.9626865671641791, "TR_hits10": 0.8192982456140351, "VL_hits10": 0.9473684210526315}