{"TR_hits1": 0.7011686143572621, "VL_hits1": 0.7629382303839732, "TR_hits10": 0.46, "VL_hits10": 0.7066666666666667}