{"TR_hits1": 0.5403863037752414, "VL_hits1": 0.5491659350307287, "TR_hits10": 0.5403508771929825, "VL_hits10": 0.5543859649122806}