{"TR_hits1": 0.7462437395659433, "VL_hits1": 0.8163606010016694, "TR_hits10": 0.58, "VL_hits10": 0.86}