{"TR_hits1": 0.1997366110623354, "VL_hits1": 0.24846356453028973, "TR_hits10": 0.22456140350877193, "VL_hits10": 0.26666666666666666}