{"TR_hits1": 0.9446883230904302, "VL_hits1": 0.9525899912203687, "TR_hits10": 0.7912280701754386, "VL_hits10": 0.956140350877193}