{"TR_hits1": 0.4590984974958264, "VL_hits1": 0.4590984974958264, "TR_hits10": 0.29333333333333333, "VL_hits10": 0.36}