{"TR_hits1": 0.6619841966637401, "VL_hits1": 0.6650570676031606, "TR_hits10": 0.6087719298245614, "VL_hits10": 0.6456140350877193}