{"TR_hits1": 0.47198879551820727, "VL_hits1": 0.5518207282913166, "TR_hits10": 0.46368715083798884, "VL_hits10": 0.5251396648044693}