{"TR_hits1": 0.5273492286115007, "VL_hits1": 0.5455820476858345, "TR_hits10": 0.4692737430167598, "VL_hits10": 0.4972067039106145}