{"TR_hits1": 0.6400560224089635, "VL_hits1": 0.680672268907563, "TR_hits10": 0.6256983240223464, "VL_hits10": 0.6815642458100558}