{"TR_hits1": 0.9129032258064517, "VL_hits1": 0.9338709677419355, "TR_hits10": 0.5935483870967742, "VL_hits10": 0.8903225806451613}