{"TR_hits1": 0.2328767123287671, "VL_hits1": 0.20168067226890757, "TR_hits10": 0.2613277133825079, "VL_hits10": 0.24789915966386555}