{"TR_hits1": 0.2337228714524207, "VL_hits1": 0.32554257095158595, "TR_hits10": 0.20666666666666667, "VL_hits10": 0.28}