{"TR_hits1": 0.46153846153846156, "VL_hits1": 0.5294117647058824, "TR_hits10": 0.5036880927291886, "VL_hits10": 0.5504201680672269}