{"TR_hits1": 0.2690909090909091, "VL_hits1": 0.23671497584541062, "TR_hits10": 0.30303030303030304, "VL_hits10": 0.30434782608695654}