{"TR_hits1": 0.5974754558204769, "VL_hits1": 0.6129032258064516, "TR_hits10": 0.5139664804469274, "VL_hits10": 0.5810055865921788}