{"TR_hits1": 0.4495798319327731, "VL_hits1": 0.46078431372549017, "TR_hits10": 0.44692737430167595, "VL_hits10": 0.48044692737430167}