{"TR_hits1": 0.1645422943221321, "VL_hits1": 0.19444444444444445, "TR_hits10": 0.20509849362688296, "VL_hits10": 0.24074074074074073}