{"TR_hits1": 0.49031476997578693, "VL_hits1": 0.41545893719806765, "TR_hits10": 0.5980629539951574, "VL_hits10": 0.5169082125603864}