{"TR_hits1": 0.8176100628930818, "VL_hits1": 0.8286163522012578, "TR_hits10": 0.43125, "VL_hits10": 0.68125}