{"TR_hits1": 0.32861635220125784, "VL_hits1": 0.15, "TR_hits10": 0.40723270440251574, "VL_hits10": 0.43125}