{"TR_hits1": 0.44339622641509435, "VL_hits1": 0.5375, "TR_hits10": 0.529874213836478, "VL_hits10": 0.6375}