{"TR_hits1": 0.7562604340567612, "VL_hits1": 0.7829716193656093, "TR_hits10": 0.43333333333333335, "VL_hits10": 0.7}