{"TR_hits1": 0.29200463499420626, "VL_hits1": 0.2361111111111111, "TR_hits10": 0.33371958285052145, "VL_hits10": 0.2638888888888889}