{"TR_hits1": 0.3707995365005794, "VL_hits1": 0.39351851851851855, "TR_hits10": 0.4646581691772885, "VL_hits10": 0.47685185185185186}