{"TR_hits1": 0.6259877085162423, "VL_hits1": 0.6259877085162423, "TR_hits10": 0.5754385964912281, "VL_hits10": 0.5894736842105263}