{"TR_hits1": 0.3135593220338983, "VL_hits1": 0.21739130434782608, "TR_hits10": 0.3486682808716707, "VL_hits10": 0.2560386473429952}