{"TR_hits1": 0.4831932773109244, "VL_hits1": 0.484593837535014, "TR_hits10": 0.45251396648044695, "VL_hits10": 0.46368715083798884}