{"TR_hits1": 0.5671641791044776, "VL_hits1": 0.6141352063213346, "TR_hits10": 0.5824561403508772, "VL_hits10": 0.6070175438596491}