{"TR_hits1": 0.5075125208681135, "VL_hits1": 0.5258764607679466, "TR_hits10": 0.38666666666666666, "VL_hits10": 0.47333333333333333}