{"TR_hits1": 0.5809682804674458, "VL_hits1": 0.5909849749582637, "TR_hits10": 0.3333333333333333, "VL_hits10": 0.4066666666666667}