{"TR_hits1": 0.4023372287145242, "VL_hits1": 0.41333333333333333, "TR_hits10": 0.48747913188647746, "VL_hits10": 0.52}