{"TR_hits1": 0.5653710247349824, "VL_hits1": 0.5586854460093896, "TR_hits10": 0.6007067137809188, "VL_hits10": 0.6009389671361502}