{"TR_hits1": 0.4950911640953717, "VL_hits1": 0.605890603085554, "TR_hits10": 0.46368715083798884, "VL_hits10": 0.5363128491620112}