{"TR_hits1": 0.7425925925925926, "TS_hits1": 0.45243306954032664, "TR_hits10": 0.7824074074074074, "TS_hits10": 0.7253746421956558}