{"TR_hits1": 0.75, "VL_hits1": 0.7725806451612903, "TR_hits10": 0.5419354838709678, "VL_hits10": 0.7612903225806451}