{"TR_hits1": 0.7621763931548925, "VL_hits1": 0.7731461167178587, "TR_hits10": 0.6964912280701754, "VL_hits10": 0.7543859649122807}