{"TR_hits1": 0.6874451273046532, "VL_hits1": 0.6971027216856892, "TR_hits10": 0.6087719298245614, "VL_hits10": 0.6701754385964912}