{"TR_hits1": 0.30324074074074076, "VL_hits1": 0.2037037037037037, "TR_hits10": 0.3136574074074074, "VL_hits10": 0.24537037037037038}