{"TR_hits1": 0.827140549273021, "VL_hits1": 0.8416801292407108, "TR_hits10": 0.45161290322580644, "VL_hits10": 0.7483870967741936}