{"TR_hits1": 0.35058430717863104, "VL_hits1": 0.36894824707846413, "TR_hits10": 0.32666666666666666, "VL_hits10": 0.3466666666666667}