{"TR_hits1": 0.9552435278630979, "VL_hits1": 0.9609477841158403, "TR_hits10": 0.7736842105263158, "VL_hits10": 0.9385964912280702}