{"TR_hits1": 0.6708860759493671, "VL_hits1": 0.6638655462184874, "TR_hits10": 0.6856540084388185, "VL_hits10": 0.6848739495798319}