{"TR_hits1": 0.8459119496855346, "VL_hits1": 0.8569182389937107, "TR_hits10": 0.5, "VL_hits10": 0.78125}