{"TR_hits1": 0.9596136962247586, "VL_hits1": 0.9692712906057945, "TR_hits10": 0.8298245614035088, "VL_hits10": 0.9526315789473684}