{"TR_hits1": 0.7802907915993538, "VL_hits1": 0.7948303715670436, "TR_hits10": 0.4967741935483871, "VL_hits10": 0.7741935483870968}