{"TR_hits1": 0.4254545454545455, "VL_hits1": 0.34299516908212563, "TR_hits10": 0.49696969696969695, "VL_hits10": 0.4057971014492754}