{"TR_hits1": 0.7365470852017937, "TS_hits1": 0.7387892376681614, "TR_hits10": 0.5909600298841987, "TS_hits10": 0.6625326858423608}