{"TR_hits1": 0.6378923766816144, "TS_hits1": 0.6184534927157266, "TR_hits10": 0.6995515695067265, "TS_hits10": 0.698692566305566}