{"TR_hits1": 0.18864774624373956, "VL_hits1": 0.19699499165275458, "TR_hits10": 0.17333333333333334, "VL_hits10": 0.18}