{"TR_hits1": 0.6481481481481481, "VL_hits1": 0.38425925925925924, "TR_hits10": 0.7199074074074074, "VL_hits10": 0.7314814814814815}