{"TR_hits1": 0.8238993710691824, "VL_hits1": 0.8553459119496856, "TR_hits10": 0.525, "VL_hits10": 0.775}