{"TR_hits1": 0.5038639876352395, "VL_hits1": 0.4691358024691358, "TR_hits10": 0.5765069551777434, "VL_hits10": 0.5864197530864198}