{"TR_hits1": 0.7415966386554622, "VL_hits1": 0.634453781512605, "TR_hits10": 0.7657563025210085, "VL_hits10": 0.680672268907563}