{"TR_hits1": 0.9738837405223252, "TS_hits1": 0.7147234564118278, "TR_hits10": 0.9907329401853412, "TS_hits10": 0.9223992645932281}