{"TR_hits1": 0.17543859649122806, "VL_hits1": 0.12, "TR_hits10": 0.22556390977443608, "VL_hits10": 0.16}