{"TR_hits1": 0.6512605042016807, "VL_hits1": 0.6624649859943977, "TR_hits10": 0.5586592178770949, "VL_hits10": 0.5698324022346368}