{"TR_hits1": 0.8656716417910447, "VL_hits1": 0.8665496049165935, "TR_hits10": 0.775438596491228, "VL_hits10": 0.8157894736842105}