{"TR_hits1": 0.43171296296296297, "VL_hits1": 0.4583333333333333, "TR_hits10": 0.5405092592592593, "VL_hits10": 0.5370370370370371}