{"TR_hits1": 0.5395083406496927, "VL_hits1": 0.5487269534679543, "TR_hits10": 0.5368421052631579, "VL_hits10": 0.5508771929824562}