{"TR_hits1": 0.9420544337137841, "VL_hits1": 0.9547848990342406, "TR_hits10": 0.8228070175438597, "VL_hits10": 0.9491228070175438}