{"TR_hits1": 0.267688679245283, "VL_hits1": 0.2863849765258216, "TR_hits10": 0.29245283018867924, "VL_hits10": 0.3333333333333333}