{"TR_hits1": 0.9376646180860404, "VL_hits1": 0.9424934152765584, "TR_hits10": 0.7526315789473684, "VL_hits10": 0.9035087719298246}