{"TR_hits1": 0.7140549273021002, "VL_hits1": 0.777059773828756, "TR_hits10": 0.4645161290322581, "VL_hits10": 0.7096774193548387}