{"TR_hits1": 0.8176352705410822, "TS_hits1": 0.4538006372325899, "TR_hits10": 0.8326653306613226, "TS_hits10": 0.7475648611743286}