{"TR_hits1": 0.5769712140175219, "VL_hits1": 0.46, "TR_hits10": 0.5832290362953693, "VL_hits10": 0.56}