{"TR_hits1": 0.6870061457418788, "VL_hits1": 0.6971027216856892, "TR_hits10": 0.6543859649122807, "VL_hits10": 0.6701754385964912}