{"TR_hits1": 0.5644257703081232, "VL_hits1": 0.572829131652661, "TR_hits10": 0.5586592178770949, "VL_hits10": 0.5698324022346368}