{"TR_hits1": 0.5245829675153644, "VL_hits1": 0.5359964881474978, "TR_hits10": 0.5017543859649123, "VL_hits10": 0.5175438596491229}