{"TR_hits1": 0.8870967741935484, "VL_hits1": 0.8919354838709678, "TR_hits10": 0.4774193548387097, "VL_hits10": 0.8193548387096774}