{"TR_hits1": 0.9442738043001316, "VL_hits1": 0.960070206230803, "TR_hits10": 0.8052631578947368, "VL_hits10": 0.9631578947368421}