{"TR_hits1": 0.18787878787878787, "VL_hits1": 0.2463768115942029, "TR_hits10": 0.24484848484848484, "VL_hits10": 0.2995169082125604}