{"TR_hits1": 0.44776119402985076, "VL_hits1": 0.4604916593503073, "TR_hits10": 0.47192982456140353, "VL_hits10": 0.4807017543859649}