{"TR_hits1": 0.20363636363636364, "VL_hits1": 0.18357487922705315, "TR_hits10": 0.22666666666666666, "VL_hits10": 0.2222222222222222}