{"TR_hits1": 0.3765133171912833, "VL_hits1": 0.3140096618357488, "TR_hits10": 0.3813559322033898, "VL_hits10": 0.34782608695652173}