{"TR_hits1": 0.08555399719495091, "VL_hits1": 0.05027932960893855, "TR_hits10": 0.09817671809256662, "VL_hits10": 0.07262569832402235}