{"TR_hits1": 0.884992987377279, "VL_hits1": 0.8948106591865358, "TR_hits10": 0.6201117318435754, "VL_hits10": 0.888268156424581}