{"TR_hits1": 0.7673667205169629, "VL_hits1": 0.7948303715670436, "TR_hits10": 0.4129032258064516, "VL_hits10": 0.7548387096774194}