{"TR_hits1": 0.8663522012578616, "VL_hits1": 0.8836477987421384, "TR_hits10": 0.575, "VL_hits10": 0.86875}