{"TR_hits1": 0.9249341527655839, "VL_hits1": 0.9473222124670764, "TR_hits10": 0.7736842105263158, "VL_hits10": 0.9456140350877194}