{"TR_hits1": 0.9508556384379113, "VL_hits1": 0.9631417288284335, "TR_hits10": 0.8105263157894737, "VL_hits10": 0.9438596491228071}