{"TR_hits1": 0.8397328881469115, "VL_hits1": 0.8497495826377296, "TR_hits10": 0.6066666666666667, "VL_hits10": 0.86}