{"TR_hits1": 0.8693820224719101, "VL_hits1": 0.9353932584269663, "TR_hits10": 0.7191011235955056, "VL_hits10": 0.9213483146067416}