{"avg_TR_hits1": 0.943259325662638, "std_TR_hits1": 0.02839086271768341, "avg_TS_hits1": 0.7023942147155641, "std_TS_hits1": 0.014493387638970906, "avg_TR_hits10": 0.966850572981707, "std_TR_hits10": 0.02982821900160962, "avg_TS_hits10": 0.9151102283767957, "std_TS_hits10": 0.005498121763958296}