{"TR_hits1": 0.5539947322212467, "VL_hits1": 0.5588235294117647, "TR_hits10": 0.5298245614035088, "VL_hits10": 0.543859649122807}