{"TR_hits1": 0.004629629629629629, "VL_hits1": 0.004629629629629629, "TR_hits10": 0.009259259259259259, "VL_hits10": 0.004629629629629629}