{"TR_hits1": 0.2511792452830189, "VL_hits1": 0.2112676056338028, "TR_hits10": 0.26297169811320753, "VL_hits10": 0.27230046948356806}