{"TR_hits1": 0.4056761268781302, "VL_hits1": 0.4257095158597663, "TR_hits10": 0.31333333333333335, "VL_hits10": 0.35333333333333333}