{"TR_hits1": 0.36694677871148457, "VL_hits1": 0.39215686274509803, "TR_hits10": 0.30726256983240224, "VL_hits10": 0.35195530726256985}