{"TR_hits1": 0.21180555555555555, "VL_hits1": 0.14351851851851852, "TR_hits10": 0.2349537037037037, "VL_hits10": 0.16203703703703703}