{"TR_hits1": 0.5787815126050421, "VL_hits1": 0.5252100840336135, "TR_hits10": 0.5808823529411765, "VL_hits10": 0.5504201680672269}