{"avg_TR_hits1": 0.8577751097791179, "std_TR_hits1": 0.0856367328850353, "avg_TS_hits1": 0.48233961333310793, "std_TS_hits1": 0.027729382286663454, "avg_TR_hits10": 0.9066671882303144, "std_TR_hits10": 0.09354085206516861, "avg_TS_hits10": 0.7625868920882755, "std_TS_hits10": 0.020358130023015456}