{"TR_hits1": 0.37962962962962965, "VL_hits1": 0.28703703703703703, "TR_hits10": 0.41550925925925924, "VL_hits10": 0.3287037037037037}