{"TR_hits1": 0.6015037593984962, "VL_hits1": 0.435, "TR_hits10": 0.6052631578947368, "VL_hits10": 0.5}