{"TR_hits1": 0.8408037094281299, "VL_hits1": 0.8701700154559505, "TR_hits10": 0.5802469135802469, "VL_hits10": 0.8395061728395061}