{"TR_hits1": 0.39915966386554624, "VL_hits1": 0.5098039215686274, "TR_hits10": 0.40782122905027934, "VL_hits10": 0.5195530726256983}