{"TR_hits1": 0.4056603773584906, "VL_hits1": 0.40625, "TR_hits10": 0.4968553459119497, "VL_hits10": 0.48125}