{"TR_hits1": 0.011574074074074073, "VL_hits1": 0.009259259259259259, "TR_hits10": 0.03587962962962963, "VL_hits10": 0.027777777777777776}