{"TR_hits1": 0.1791767554479419, "VL_hits1": 0.15942028985507245, "TR_hits10": 0.2397094430992736, "VL_hits10": 0.22705314009661837}