{"TR_hits1": 0.22681704260651628, "VL_hits1": 0.08, "TR_hits10": 0.2706766917293233, "VL_hits10": 0.205}