{"TR_hits1": 0.8679245283018868, "VL_hits1": 0.8852201257861635, "TR_hits10": 0.54375, "VL_hits10": 0.85}