{"TR_hits1": 0.6233538191395961, "VL_hits1": 0.6286215978928885, "TR_hits10": 0.6017543859649123, "VL_hits10": 0.624561403508772}