{"TR_hits1": 0.7775340061430452, "VL_hits1": 0.7810443176831944, "TR_hits10": 0.6771929824561403, "VL_hits10": 0.7263157894736842}