{"TR_hits1": 0.7962962962962963, "VL_hits1": 0.8518518518518519, "TR_hits10": 0.5370370370370371, "VL_hits10": 0.7777777777777778}