{"TR_hits1": 0.03466386554621849, "VL_hits1": 0.025210084033613446, "TR_hits10": 0.0703781512605042, "VL_hits10": 0.10084033613445378}