{"TR_hits1": 0.7638279192273925, "VL_hits1": 0.7734855136084284, "TR_hits10": 0.6964912280701754, "VL_hits10": 0.7210526315789474}