{"TR_hits1": 0.9455662862159789, "VL_hits1": 0.9561018437225637, "TR_hits10": 0.7929824561403509, "VL_hits10": 0.9578947368421052}