{"TR_hits1": 0.9390083369899078, "VL_hits1": 0.9565598946906538, "TR_hits10": 0.8087719298245614, "VL_hits10": 0.9491228070175438}