{"TR_hits1": 0.49878934624697335, "VL_hits1": 0.4106280193236715, "TR_hits10": 0.5472154963680388, "VL_hits10": 0.47342995169082125}