{"TR_hits1": 0.9172510518934082, "VL_hits1": 0.9396914446002805, "TR_hits10": 0.7486033519553073, "VL_hits10": 0.9162011173184358}