{"TR_hits1": 0.4618055555555556, "VL_hits1": 0.3287037037037037, "TR_hits10": 0.4756944444444444, "VL_hits10": 0.375}