{"TR_hits1": 0.27122641509433965, "VL_hits1": 0.30985915492957744, "TR_hits10": 0.30660377358490565, "VL_hits10": 0.3568075117370892}