{"TR_hits1": 0.8437225636523266, "VL_hits1": 0.8463564530289728, "TR_hits10": 0.7421052631578947, "VL_hits10": 0.7859649122807018}