{"TR_hits1": 0.25208681135225375, "VL_hits1": 0.27378964941569284, "TR_hits10": 0.24, "VL_hits10": 0.2733333333333333}