{"TR_hits1": 0.5308848080133556, "VL_hits1": 0.56, "TR_hits10": 0.6110183639398998, "VL_hits10": 0.6266666666666667}