{"TR_hits1": 0.8200965335673541, "VL_hits1": 0.8328214129003949, "TR_hits10": 0.7333333333333333, "VL_hits10": 0.8017543859649123}