{"TR_hits1": 0.004629629629629629, "VL_hits1": 0.004629629629629629, "TR_hits10": 0.005787037037037037, "VL_hits10": 0.018518518518518517}