{"TR_hits1": 0.8015138772077376, "TS_hits1": 0.5927567237163814, "TR_hits10": 0.8368376787216149, "TS_hits10": 0.8447432762836186}