{"TR_hits1": 0.8279192273924495, "VL_hits1": 0.8327480245829675, "TR_hits10": 0.7175438596491228, "VL_hits10": 0.7596491228070176}