{"TR_hits1": 0.6900790166812993, "VL_hits1": 0.7230026338893767, "TR_hits10": 0.6578947368421053, "VL_hits10": 0.7035087719298245}