{"TR_hits1": 0.44600280504908835, "VL_hits1": 0.45722300140252453, "TR_hits10": 0.36312849162011174, "VL_hits10": 0.3687150837988827}