{"TR_hits1": 0.5597014925373134, "VL_hits1": 0.6286215978928885, "TR_hits10": 0.531578947368421, "VL_hits10": 0.5824561403508772}