{"TR_hits1": 0.6162464985994398, "VL_hits1": 0.6708683473389355, "TR_hits10": 0.5810055865921788, "VL_hits10": 0.6312849162011173}