{"TR_hits1": 0.9512730465320457, "VL_hits1": 0.9618086040386303, "TR_hits10": 0.8140350877192982, "VL_hits10": 0.9508771929824561}