{"TR_hits1": 0.3775241439859526, "VL_hits1": 0.3915715539947322, "TR_hits10": 0.27017543859649124, "VL_hits10": 0.3157894736842105}