{"TR_hits1": 0.49054621848739494, "VL_hits1": 0.40756302521008403, "TR_hits10": 0.49789915966386555, "VL_hits10": 0.44537815126050423}