{"TR_hits1": 0.6821773485513608, "VL_hits1": 0.6856892010535558, "TR_hits10": 0.6052631578947368, "VL_hits10": 0.6385964912280702}