{"TR_hits1": 0.24155193992490614, "VL_hits1": 0.22, "TR_hits10": 0.25782227784730916, "VL_hits10": 0.285}