{"TR_hits1": 0.3649789029535865, "VL_hits1": 0.36134453781512604, "TR_hits10": 0.39135021097046413, "VL_hits10": 0.3907563025210084}