{"TR_hits1": 0.2602739726027397, "VL_hits1": 0.24369747899159663, "TR_hits10": 0.3192834562697576, "VL_hits10": 0.31512605042016806}