{"TR_hits1": 0.8701184730144801, "VL_hits1": 0.9530495831505046, "TR_hits10": 0.8263157894736842, "VL_hits10": 0.9578947368421052}