{"avg_TR_hits1": 0.8137583328479362, "std_TR_hits1": 0.13175924155768345, "avg_TS_hits1": 0.5818076621732379, "std_TS_hits1": 0.05669227908640173, "avg_TR_hits10": 0.8529353266343795, "std_TR_hits10": 0.1352628303058939, "avg_TS_hits10": 0.6785202461894576, "std_TS_hits10": 0.05732793634997094}