{"TR_hits1": 0.7853380158033363, "VL_hits1": 0.7901668129938543, "TR_hits10": 0.6912280701754386, "VL_hits10": 0.7508771929824561}