{"TR_hits1": 0.5959933222036727, "VL_hits1": 0.6010016694490818, "TR_hits10": 0.5266666666666666, "VL_hits10": 0.58}