{"TR_hits1": 0.02909090909090909, "VL_hits1": 0.00966183574879227, "TR_hits10": 0.03878787878787879, "VL_hits10": 0.01932367149758454}