{"TR_hits1": 0.7851622874806801, "VL_hits1": 0.8160741885625966, "TR_hits10": 0.4876543209876543, "VL_hits10": 0.7777777777777778}