{"TR_hits1": 0.2752414398595259, "VL_hits1": 0.31562774363476737, "TR_hits10": 0.23508771929824562, "VL_hits10": 0.2771929824561403}