{"TR_hits1": 0.5792426367461431, "VL_hits1": 0.6100981767180925, "TR_hits10": 0.4245810055865922, "VL_hits10": 0.5083798882681564}