{"TR_hits1": 0.3348783314020857, "VL_hits1": 0.2962962962962963, "TR_hits10": 0.3684820393974508, "VL_hits10": 0.3611111111111111}