{"TR_hits1": 0.44600280504908835, "VL_hits1": 0.46143057503506313, "TR_hits10": 0.35195530726256985, "VL_hits10": 0.4134078212290503}