{"TR_hits1": 0.49421296296296297, "VL_hits1": 0.39351851851851855, "TR_hits10": 0.5439814814814815, "VL_hits10": 0.42592592592592593}