{"TR_hits1": 0.5370370370370371, "VL_hits1": 0.4305555555555556, "TR_hits10": 0.5787037037037037, "VL_hits10": 0.49074074074074076}