{"TR_hits1": 0.848531684698609, "VL_hits1": 0.8578052550231839, "TR_hits10": 0.5987654320987654, "VL_hits10": 0.8580246913580247}