{"TR_hits1": 0.7512116316639742, "VL_hits1": 0.7835218093699515, "TR_hits10": 0.5225806451612903, "VL_hits10": 0.7677419354838709}