{"TR_hits1": 0.5530660377358491, "VL_hits1": 0.5023474178403756, "TR_hits10": 0.5908018867924528, "VL_hits10": 0.5868544600938967}