{"TR_hits1": 0.5368744512730466, "VL_hits1": 0.6154521510096576, "TR_hits10": 0.5052631578947369, "VL_hits10": 0.5964912280701754}