{"TR_hits1": 0.40801001251564456, "VL_hits1": 0.5, "TR_hits10": 0.4806007509386733, "VL_hits10": 0.525}