{"TR_hits1": 0.9302325581395349, "VL_hits1": 0.9648968845985081, "TR_hits10": 0.8, "VL_hits10": 0.9421052631578948}