{"TR_hits1": 0.9152765583845478, "VL_hits1": 0.9411764705882353, "TR_hits10": 0.7736842105263158, "VL_hits10": 0.9175438596491228}