{"TR_hits1": 0.5630252100840336, "VL_hits1": 0.572829131652661, "TR_hits10": 0.41899441340782123, "VL_hits10": 0.441340782122905}