{"TR_hits1": 0.2642424242424242, "VL_hits1": 0.2318840579710145, "TR_hits10": 0.30424242424242426, "VL_hits10": 0.3285024154589372}