{"TR_hits1": 0.757243195785777, "VL_hits1": 0.7642669007901668, "TR_hits10": 0.6631578947368421, "VL_hits10": 0.7333333333333333}