{"TR_hits1": 0.40476190476190477, "VL_hits1": 0.24, "TR_hits10": 0.42105263157894735, "VL_hits10": 0.3}