{"TR_hits1": 0.9420798595875384, "VL_hits1": 0.9662132514260641, "TR_hits10": 0.8105263157894737, "VL_hits10": 0.9456140350877194}