{"TR_hits1": 0.9129213483146067, "VL_hits1": 0.9339887640449438, "TR_hits10": 0.6797752808988764, "VL_hits10": 0.898876404494382}