{"TR_hits1": 0.4261006289308176, "VL_hits1": 0.50625, "TR_hits10": 0.5267295597484277, "VL_hits10": 0.59375}