{"TR_hits1": 0.7669753086419753, "VL_hits1": 0.8256172839506173, "TR_hits10": 0.5617283950617284, "VL_hits10": 0.8333333333333334}