{"TR_hits1": 0.00589622641509434, "VL_hits1": 0.004694835680751174, "TR_hits10": 0.012971698113207548, "VL_hits10": 0.004694835680751174}