{"TR_hits1": 0.18171296296296297, "VL_hits1": 0.16203703703703703, "TR_hits10": 0.22337962962962962, "VL_hits10": 0.2175925925925926}