{"TR_hits1": 0.41041162227602906, "VL_hits1": 0.3671497584541063, "TR_hits10": 0.44794188861985473, "VL_hits10": 0.4444444444444444}