{"TR_hits1": 0.7447495961227787, "VL_hits1": 0.7738287560581584, "TR_hits10": 0.4967741935483871, "VL_hits10": 0.8064516129032258}