{"TR_hits1": 0.9621848739495799, "TS_hits1": 0.758233361350959, "TR_hits10": 0.9756302521008403, "TS_hits10": 0.8160770229999236}