{"TR_hits1": 0.48414023372287146, "VL_hits1": 0.48914858096828046, "TR_hits10": 0.47333333333333333, "VL_hits10": 0.4866666666666667}