{"TR_hits1": 0.6417281348788199, "VL_hits1": 0.5840336134453782, "TR_hits10": 0.6838777660695469, "VL_hits10": 0.6260504201680672}