{"TR_hits1": 0.39215686274509803, "VL_hits1": 0.39775910364145656, "TR_hits10": 0.4022346368715084, "VL_hits10": 0.4134078212290503}