{"TR_hits1": 0.935908691834943, "VL_hits1": 0.9416154521510096, "TR_hits10": 0.7631578947368421, "VL_hits10": 0.9385964912280702}