{"TR_hits1": 0.7534246575342466, "VL_hits1": 0.5042016806722689, "TR_hits10": 0.7702845100105374, "VL_hits10": 0.7521008403361344}