{"TR_hits1": 0.4355444305381727, "VL_hits1": 0.35, "TR_hits10": 0.45431789737171463, "VL_hits10": 0.455}