{"TR_hits1": 0.5582047685834503, "VL_hits1": 0.5792426367461431, "TR_hits10": 0.5139664804469274, "VL_hits10": 0.5363128491620112}