{"TR_hits1": 0.30031612223393045, "VL_hits1": 0.2689075630252101, "TR_hits10": 0.32771338250790305, "VL_hits10": 0.28991596638655465}