{"TR_hits1": 0.6417281348788199, "VL_hits1": 0.6554621848739496, "TR_hits10": 0.6469968387776607, "VL_hits10": 0.680672268907563}