{"TR_hits1": 0.5539971949509116, "VL_hits1": 0.6465638148667602, "TR_hits10": 0.4972067039106145, "VL_hits10": 0.5921787709497207}