{"TR_hits1": 0.6851851851851852, "VL_hits1": 0.4537037037037037, "TR_hits10": 0.7407407407407407, "VL_hits10": 0.7592592592592593}