{"TR_hits1": 0.2802950474183351, "VL_hits1": 0.226890756302521, "TR_hits10": 0.303477344573235, "VL_hits10": 0.2605042016806723}