{"TR_hits1": 0.46153846153846156, "VL_hits1": 0.4579831932773109, "TR_hits10": 0.5005268703898841, "VL_hits10": 0.5}