{"TR_hits1": 0.41235392320534225, "VL_hits1": 0.42237061769616024, "TR_hits10": 0.43333333333333335, "VL_hits10": 0.44}