{"TR_hits1": 0.9394205443371378, "VL_hits1": 0.9582967515364355, "TR_hits10": 0.8035087719298246, "VL_hits10": 0.9438596491228071}