{"TR_hits1": 0.6778711484593838, "VL_hits1": 0.6792717086834734, "TR_hits10": 0.6145251396648045, "VL_hits10": 0.6480446927374302}