{"TR_hits1": 0.6524791575252303, "VL_hits1": 0.6599385695480474, "TR_hits10": 0.6017543859649123, "VL_hits10": 0.6263157894736842}