{"TR_hits1": 0.844689378757515, "TS_hits1": 0.5279927173418297, "TR_hits10": 0.8677354709418837, "TS_hits10": 0.8056440600819299}