{"TR_hits1": 0.8199811498586239, "TS_hits1": 0.4994431594277392, "TR_hits10": 0.9000942507068803, "TS_hits10": 0.6089265827122419}