{"TR_hits1": 0.38287560581583197, "VL_hits1": 0.4064516129032258, "TR_hits10": 0.4894991922455573, "VL_hits10": 0.4774193548387097}