{"TR_hits1": 0.20701168614357263, "VL_hits1": 0.25041736227045075, "TR_hits10": 0.19333333333333333, "VL_hits10": 0.22666666666666666}