{"TR_hits1": 0.8143107989464442, "VL_hits1": 0.8178226514486392, "TR_hits10": 0.7175438596491228, "VL_hits10": 0.7771929824561403}