{"TR_hits1": 0.26928471248246844, "VL_hits1": 0.28330995792426367, "TR_hits10": 0.22905027932960895, "VL_hits10": 0.26256983240223464}