{"TR_hits1": 0.4131944444444444, "VL_hits1": 0.38425925925925924, "TR_hits10": 0.4722222222222222, "VL_hits10": 0.4861111111111111}