{"TR_hits1": 0.263030303030303, "VL_hits1": 0.21739130434782608, "TR_hits10": 0.29454545454545455, "VL_hits10": 0.28019323671497587}