{"TR_hits1": 0.8094820017559262, "VL_hits1": 0.8160667251975418, "TR_hits10": 0.7368421052631579, "VL_hits10": 0.775438596491228}