{"TR_hits1": 0.72859450726979, "VL_hits1": 0.7334410339256866, "TR_hits10": 0.432258064516129, "VL_hits10": 0.6516129032258065}