{"TR_hits1": 0.09369951534733441, "VL_hits1": 0.05806451612903226, "TR_hits10": 0.12924071082390953, "VL_hits10": 0.08387096774193549}