{"TR_hits1": 0.9382303839732888, "VL_hits1": 0.9632721202003339, "TR_hits10": 0.6666666666666666, "VL_hits10": 0.9266666666666666}