{"TR_hits1": 0.7463651050080775, "VL_hits1": 0.7512116316639742, "TR_hits10": 0.4838709677419355, "VL_hits10": 0.7419354838709677}