{"TR_hits1": 0.6733977172958736, "VL_hits1": 0.7032484635645303, "TR_hits10": 0.6421052631578947, "VL_hits10": 0.6912280701754386}