{"TR_hits1": 0.8209876543209876, "VL_hits1": 0.8672839506172839, "TR_hits10": 0.5246913580246914, "VL_hits10": 0.8209876543209876}