{"TR_hits1": 0.9433713784021072, "VL_hits1": 0.9574187884108868, "TR_hits10": 0.7982456140350878, "VL_hits10": 0.9385964912280702}