{"TR_hits1": 0.5, "VL_hits1": 0.4012345679012346, "TR_hits10": 0.5524691358024691, "VL_hits10": 0.46296296296296297}