{"TR_hits1": 0.6891464699683878, "VL_hits1": 0.6470588235294118, "TR_hits10": 0.708113804004215, "VL_hits10": 0.6890756302521008}