{"TR_hits1": 0.9569986836331724, "VL_hits1": 0.9640193067134708, "TR_hits10": 0.8035087719298246, "VL_hits10": 0.956140350877193}