{"TR_hits1": 0.43272727272727274, "VL_hits1": 0.32367149758454106, "TR_hits10": 0.4593939393939394, "VL_hits10": 0.4057971014492754}