{"TR_hits1": 0.5395152792413066, "VL_hits1": 0.5, "TR_hits10": 0.5489989462592202, "VL_hits10": 0.5504201680672269}