{"TR_hits1": 0.3375768217734855, "VL_hits1": 0.3735733099209833, "TR_hits10": 0.32456140350877194, "VL_hits10": 0.3929824561403509}