{"TR_hits1": 0.2360774818401937, "VL_hits1": 0.19806763285024154, "TR_hits10": 0.29418886198547217, "VL_hits10": 0.2946859903381642}