{"TR_hits1": 0.505795574288725, "VL_hits1": 0.44537815126050423, "TR_hits10": 0.5173867228661749, "VL_hits10": 0.48739495798319327}