{"TR_hits1": 0.898840885142255, "VL_hits1": 0.6050420168067226, "TR_hits10": 0.9135932560590094, "VL_hits10": 0.8907563025210085}