{"TR_hits1": 0.625548726953468, "VL_hits1": 0.6312554872695347, "TR_hits10": 0.5736842105263158, "VL_hits10": 0.5982456140350877}