{"TR_hits1": 0.23844537815126052, "VL_hits1": 0.1638655462184874, "TR_hits10": 0.2689075630252101, "VL_hits10": 0.226890756302521}