{"TR_hits1": 0.917910447761194, "VL_hits1": 0.9411764705882353, "TR_hits10": 0.7596491228070176, "VL_hits10": 0.9315789473684211}