{"TR_hits1": 0.16898148148148148, "VL_hits1": 0.13425925925925927, "TR_hits10": 0.2326388888888889, "VL_hits10": 0.19444444444444445}