{"TR_hits1": 0.8354541465555068, "VL_hits1": 0.8407196138657306, "TR_hits10": 0.7403508771929824, "VL_hits10": 0.7807017543859649}