{"TR_hits1": 0.7815126050420168, "VL_hits1": 0.5672268907563025, "TR_hits10": 0.8560924369747899, "VL_hits10": 0.7983193277310925}