{"TR_hits1": 0.8631051752921536, "VL_hits1": 0.8747913188647746, "TR_hits10": 0.5533333333333333, "VL_hits10": 0.8333333333333334}