{"TR_hits1": 0.7038988408851422, "VL_hits1": 0.6386554621848739, "TR_hits10": 0.726027397260274, "VL_hits10": 0.6680672268907563}