{"TR_hits1": 0.7175974710221286, "VL_hits1": 0.5546218487394958, "TR_hits10": 0.8229715489989463, "VL_hits10": 0.8529411764705882}