{"TR_hits1": 0.5610098176718092, "VL_hits1": 0.5834502103786816, "TR_hits10": 0.4860335195530726, "VL_hits10": 0.553072625698324}