{"TR_hits1": 0.4236172080772608, "VL_hits1": 0.4978050921861282, "TR_hits10": 0.4052631578947368, "VL_hits10": 0.4982456140350877}