{"TR_hits1": 0.6283309957924264, "VL_hits1": 0.6283309957924264, "TR_hits10": 0.5418994413407822, "VL_hits10": 0.553072625698324}