{"TR_hits1": 0.8566912539515279, "VL_hits1": 0.6218487394957983, "TR_hits10": 0.8967334035827187, "VL_hits10": 0.907563025210084}