{"TR_hits1": 0.5719929762949956, "VL_hits1": 0.5733099209833187, "TR_hits10": 0.5087719298245614, "VL_hits10": 0.5333333333333333}