{"TR_hits1": 0.4212962962962963, "VL_hits1": 0.30092592592592593, "TR_hits10": 0.45601851851851855, "VL_hits10": 0.3148148148148148}