{"TR_hits1": 0.01575757575757576, "VL_hits1": 0.028985507246376812, "TR_hits10": 0.05090909090909091, "VL_hits10": 0.06280193236714976}