{"TR_hits1": 0.38117283950617287, "VL_hits1": 0.43209876543209874, "TR_hits10": 0.3148148148148148, "VL_hits10": 0.43209876543209874}