{"TR_hits1": 0.4861111111111111, "VL_hits1": 0.4567901234567901, "TR_hits10": 0.6018518518518519, "VL_hits10": 0.5617283950617284}