{"TR_hits1": 0.7212020033388982, "VL_hits1": 0.7829716193656093, "TR_hits10": 0.5266666666666666, "VL_hits10": 0.8133333333333334}