{"TR_hits1": 0.7870370370370371, "VL_hits1": 0.7885802469135802, "TR_hits10": 0.4691358024691358, "VL_hits10": 0.7654320987654321}