{"TR_hits1": 0.3441358024691358, "VL_hits1": 0.12962962962962962, "TR_hits10": 0.35802469135802467, "VL_hits10": 0.2654320987654321}