{"TR_hits1": 0.9056444818871103, "TS_hits1": 0.743297073693887, "TR_hits10": 0.9401853411962932, "TS_hits10": 0.8043511567335683}