{"TR_hits1": 0.9466292134831461, "VL_hits1": 0.9536516853932584, "TR_hits10": 0.7206703910614525, "VL_hits10": 0.9106145251396648}