{"TR_hits1": 0.5648148148148148, "VL_hits1": 0.5061728395061729, "TR_hits10": 0.6296296296296297, "VL_hits10": 0.6172839506172839}