{"TR_hits1": 0.18864774624373956, "VL_hits1": 0.21702838063439064, "TR_hits10": 0.16666666666666666, "VL_hits10": 0.21333333333333335}