{"TR_hits1": 0.7164351851851852, "VL_hits1": 0.47685185185185186, "TR_hits10": 0.7569444444444444, "VL_hits10": 0.7222222222222222}