{"TR_hits1": 0.7216386554621849, "VL_hits1": 0.6764705882352942, "TR_hits10": 0.7331932773109243, "VL_hits10": 0.7016806722689075}