{"TR_hits1": 0.9087078651685393, "VL_hits1": 0.9283707865168539, "TR_hits10": 0.7415730337078652, "VL_hits10": 0.9157303370786517}