{"TR_hits1": 0.15312131919905772, "VL_hits1": 0.17370892018779344, "TR_hits10": 0.2037691401648999, "VL_hits10": 0.2535211267605634}