{"TR_hits1": 0.9556628621597892, "VL_hits1": 0.9657594381035997, "TR_hits10": 0.8052631578947368, "VL_hits10": 0.9403508771929825}