{"TR_hits1": 0.9551820728291317, "VL_hits1": 0.969187675070028, "TR_hits10": 0.6927374301675978, "VL_hits10": 0.888268156424581}