{"TR_hits1": 0.5872641509433962, "VL_hits1": 0.4507042253521127, "TR_hits10": 0.7016509433962265, "VL_hits10": 0.7276995305164319}