{"TR_hits1": 0.2392449517120281, "VL_hits1": 0.27480245829675154, "TR_hits10": 0.22105263157894736, "VL_hits10": 0.2719298245614035}