{"TR_hits1": 0.795873573309921, "VL_hits1": 0.8042142230026339, "TR_hits10": 0.7473684210526316, "VL_hits10": 0.7701754385964912}