{"TR_hits1": 0.7975270479134466, "VL_hits1": 0.839258114374034, "TR_hits10": 0.5432098765432098, "VL_hits10": 0.808641975308642}