{"TR_hits1": 0.376720901126408, "VL_hits1": 0.385, "TR_hits10": 0.40550688360450565, "VL_hits10": 0.49}