{"TR_hits1": 0.5721812434141201, "VL_hits1": 0.5798319327731093, "TR_hits10": 0.6322444678609063, "VL_hits10": 0.6386554621848739}