{"TR_hits1": 0.6774691358024691, "VL_hits1": 0.7268518518518519, "TR_hits10": 0.41975308641975306, "VL_hits10": 0.691358024691358}