{"TR_hits1": 0.4058641975308642, "VL_hits1": 0.2037037037037037, "TR_hits10": 0.49382716049382713, "VL_hits10": 0.4506172839506173}