{"TR_hits1": 0.8480801335559266, "VL_hits1": 0.8580968280467446, "TR_hits10": 0.48, "VL_hits10": 0.8133333333333334}