{"TR_hits1": 0.2966213251426064, "VL_hits1": 0.32207108380868804, "TR_hits10": 0.32456140350877194, "VL_hits10": 0.3543859649122807}