{"TR_hits1": 0.24025289778714437, "VL_hits1": 0.20168067226890757, "TR_hits10": 0.27502634351949423, "VL_hits10": 0.25630252100840334}