{"TR_hits1": 0.5041736227045075, "VL_hits1": 0.5108514190317195, "TR_hits10": 0.49333333333333335, "VL_hits10": 0.5133333333333333}