{"TR_hits1": 0.37028301886792453, "VL_hits1": 0.3474178403755869, "TR_hits10": 0.4268867924528302, "VL_hits10": 0.4507042253521127}