{"TR_hits1": 0.49209694415173866, "VL_hits1": 0.4117647058823529, "TR_hits10": 0.49209694415173866, "VL_hits10": 0.42436974789915966}