{"TR_hits1": 0.4168012924071082, "VL_hits1": 0.4774193548387097, "TR_hits10": 0.5153473344103393, "VL_hits10": 0.5419354838709678}