{"TR_hits1": 0.0032310177705977385, "VL_hits1": 0.008077544426494346, "TR_hits10": 0.0064516129032258064, "VL_hits10": 0.012903225806451613}