{"TR_hits1": 0.9074333800841514, "VL_hits1": 0.9228611500701263, "TR_hits10": 0.6815642458100558, "VL_hits10": 0.888268156424581}