{"TR_hits1": 0.589622641509434, "VL_hits1": 0.49375, "TR_hits10": 0.6430817610062893, "VL_hits10": 0.575}