{"TR_hits1": 0.8904802021903959, "TS_hits1": 0.6173586640110311, "TR_hits10": 0.9427127211457456, "TS_hits10": 0.7179408610387621}