{"TR_hits1": 0.5108514190317195, "VL_hits1": 0.5191986644407346, "TR_hits10": 0.4, "VL_hits10": 0.44}