{"TR_hits1": 0.6633011413520632, "VL_hits1": 0.6795434591747147, "TR_hits10": 0.6070175438596491, "VL_hits10": 0.6421052631578947}