{"TR_hits1": 0.7199297629499561, "VL_hits1": 0.7256365232660228, "TR_hits10": 0.6666666666666666, "VL_hits10": 0.6947368421052632}