{"TR_hits1": 0.4598997493734336, "VL_hits1": 0.345, "TR_hits10": 0.4824561403508772, "VL_hits10": 0.405}