{"TR_hits1": 0.8313856427378965, "VL_hits1": 0.8447412353923205, "TR_hits10": 0.5133333333333333, "VL_hits10": 0.7466666666666667}