{"TR_hits1": 0.6743341404358354, "VL_hits1": 0.42995169082125606, "TR_hits10": 0.774818401937046, "VL_hits10": 0.7729468599033816}