{"TR_hits1": 0.7779632721202003, "VL_hits1": 0.7913188647746243, "TR_hits10": 0.5266666666666666, "VL_hits10": 0.7666666666666667}