{"TR_hits1": 0.28213689482470783, "VL_hits1": 0.34056761268781305, "TR_hits10": 0.2866666666666667, "VL_hits10": 0.38666666666666666}