{"TR_hits1": 0.8580968280467446, "VL_hits1": 0.8597662771285476, "TR_hits10": 0.5333333333333333, "VL_hits10": 0.7533333333333333}