{"TR_hits1": 0.7304653204565408, "VL_hits1": 0.7431957857769974, "TR_hits10": 0.656140350877193, "VL_hits10": 0.7052631578947368}