{"TR_hits1": 0.7738287560581584, "VL_hits1": 0.777059773828756, "TR_hits10": 0.4, "VL_hits10": 0.7419354838709677}