{"TR_hits1": 0.21535893155258765, "VL_hits1": 0.24707846410684475, "TR_hits10": 0.20666666666666667, "VL_hits10": 0.23333333333333334}