{"TR_hits1": 0.14648910411622276, "VL_hits1": 0.14492753623188406, "TR_hits10": 0.20702179176755447, "VL_hits10": 0.178743961352657}