{"TR_hits1": 0.8742138364779874, "VL_hits1": 0.889937106918239, "TR_hits10": 0.5974842767295597, "VL_hits10": 0.8490566037735849}