{"TR_hits1": 0.1702127659574468, "VL_hits1": 0.19, "TR_hits10": 0.20150187734668334, "VL_hits10": 0.285}