{"TR_hits1": 0.8397328881469115, "VL_hits1": 0.8697829716193656, "TR_hits10": 0.6, "VL_hits10": 0.8066666666666666}