{"TR_hits1": 0.5468914646996839, "VL_hits1": 0.5504201680672269, "TR_hits10": 0.5922023182297155, "VL_hits10": 0.6008403361344538}