{"TR_hits1": 0.4268867924528302, "VL_hits1": 0.48826291079812206, "TR_hits10": 0.5, "VL_hits10": 0.5352112676056338}