{"TR_hits1": 0.41041162227602906, "VL_hits1": 0.36231884057971014, "TR_hits10": 0.44794188861985473, "VL_hits10": 0.3961352657004831}