{"TR_hits1": 0.5149253731343284, "VL_hits1": 0.5171202809482002, "TR_hits10": 0.48596491228070177, "VL_hits10": 0.4982456140350877}