{"TR_hits1": 0.5162037037037037, "VL_hits1": 0.33796296296296297, "TR_hits10": 0.5219907407407407, "VL_hits10": 0.38425925925925924}