{"TR_hits1": 0.5357612988152699, "VL_hits1": 0.5440982887231242, "TR_hits10": 0.5263157894736842, "VL_hits10": 0.5385964912280702}