{"TR_hits1": 0.7006145741878841, "VL_hits1": 0.7370500438981563, "TR_hits10": 0.6298245614035087, "VL_hits10": 0.6789473684210526}