{"TR_hits1": 0.21869782971619364, "VL_hits1": 0.24874791318864775, "TR_hits10": 0.18666666666666668, "VL_hits10": 0.2}