{"TR_hits1": 0.2841981132075472, "VL_hits1": 0.27230046948356806, "TR_hits10": 0.31721698113207547, "VL_hits10": 0.3333333333333333}