{"TR_hits1": 0.5630252100840336, "VL_hits1": 0.5644257703081232, "TR_hits10": 0.4301675977653631, "VL_hits10": 0.4692737430167598}