{"TR_hits1": 0.6782265144863916, "VL_hits1": 0.6909569798068481, "TR_hits10": 0.6649122807017543, "VL_hits10": 0.6929824561403509}