{"TR_hits1": 0.7334167709637046, "VL_hits1": 0.46, "TR_hits10": 0.7897371714643304, "VL_hits10": 0.8}