{"TR_hits1": 0.3130252100840336, "VL_hits1": 0.2689075630252101, "TR_hits10": 0.3697478991596639, "VL_hits10": 0.35294117647058826}