{"TR_hits1": 0.19774718397997496, "VL_hits1": 0.18, "TR_hits10": 0.2202753441802253, "VL_hits10": 0.245}