{"TR_hits1": 0.6758448060075094, "VL_hits1": 0.345, "TR_hits10": 0.6971214017521903, "VL_hits10": 0.625}