{"TR_hits1": 0.5721812434141201, "VL_hits1": 0.542016806722689, "TR_hits10": 0.5932560590094836, "VL_hits10": 0.5798319327731093}