{"TR_hits1": 0.3909378292939937, "VL_hits1": 0.41596638655462187, "TR_hits10": 0.4077976817702845, "VL_hits10": 0.4411764705882353}