{"TR_hits1": 0.7829716193656093, "VL_hits1": 0.8180300500834724, "TR_hits10": 0.4266666666666667, "VL_hits10": 0.78}