{"TR_hits1": 0.2708333333333333, "VL_hits1": 0.2175925925925926, "TR_hits10": 0.30324074074074076, "VL_hits10": 0.2824074074074074}