{"TR_hits1": 0.7978395061728395, "VL_hits1": 0.8040123456790124, "TR_hits10": 0.5370370370370371, "VL_hits10": 0.7839506172839507}