{"TR_hits1": 0.39831697054698456, "VL_hits1": 0.5105189340813464, "TR_hits10": 0.39106145251396646, "VL_hits10": 0.5027932960893855}