{"TR_hits1": 0.3380084151472651, "VL_hits1": 0.4361851332398317, "TR_hits10": 0.31843575418994413, "VL_hits10": 0.4692737430167598}