{"TR_hits1": 0.4854838709677419, "VL_hits1": 0.43870967741935485, "TR_hits10": 0.5983870967741935, "VL_hits10": 0.5225806451612903}