{"TR_hits1": 0.4707846410684474, "VL_hits1": 0.48247078464106846, "TR_hits10": 0.38666666666666666, "VL_hits10": 0.41333333333333333}