{"TR_hits1": 0.9372256365232661, "VL_hits1": 0.9543459174714662, "TR_hits10": 0.7982456140350878, "VL_hits10": 0.9315789473684211}