{"TR_hits1": 0.5269855199648968, "VL_hits1": 0.5340061430451952, "TR_hits10": 0.5403508771929825, "VL_hits10": 0.5403508771929825}