{"TR_hits1": 0.3275462962962963, "VL_hits1": 0.3055555555555556, "TR_hits10": 0.35300925925925924, "VL_hits10": 0.3611111111111111}