{"TR_hits1": 0.18922305764411027, "VL_hits1": 0.215, "TR_hits10": 0.24561403508771928, "VL_hits10": 0.275}