{"TR_hits1": 0.2818396226415094, "VL_hits1": 0.2112676056338028, "TR_hits10": 0.3113207547169811, "VL_hits10": 0.29577464788732394}