{"TR_hits1": 0.25, "VL_hits1": 0.12962962962962962, "TR_hits10": 0.3287037037037037, "VL_hits10": 0.25462962962962965}