{"TR_hits1": 0.9521510096575944, "VL_hits1": 0.9596136962247586, "TR_hits10": 0.8157894736842105, "VL_hits10": 0.9456140350877194}