{"TR_hits1": 0.6239495798319328, "VL_hits1": 0.4831932773109244, "TR_hits10": 0.6365546218487395, "VL_hits10": 0.5042016806722689}