{"TR_hits1": 0.9215686274509803, "VL_hits1": 0.9341736694677871, "TR_hits10": 0.6424581005586593, "VL_hits10": 0.8715083798882681}