{"TR_hits1": 0.7027463651050081, "VL_hits1": 0.7382875605815832, "TR_hits10": 0.3741935483870968, "VL_hits10": 0.6129032258064516}