{"TR_hits1": 0.7709521720052654, "VL_hits1": 0.7911364633611233, "TR_hits10": 0.7035087719298245, "VL_hits10": 0.7596491228070176}