{"TR_hits1": 0.4, "VL_hits1": 0.3140096618357488, "TR_hits10": 0.41454545454545455, "VL_hits10": 0.3671497584541063}