{"TR_hits1": 0.4011220196353436, "VL_hits1": 0.40252454417952316, "TR_hits10": 0.329608938547486, "VL_hits10": 0.3463687150837989}