{"TR_hits1": 0.49684873949579833, "VL_hits1": 0.4495798319327731, "TR_hits10": 0.4989495798319328, "VL_hits10": 0.49159663865546216}