{"TR_hits1": 0.24236037934668073, "VL_hits1": 0.2184873949579832, "TR_hits10": 0.26870389884088514, "VL_hits10": 0.25210084033613445}