{"TR_hits1": 0.646180860403863, "VL_hits1": 0.6553994732221247, "TR_hits10": 0.5561403508771929, "VL_hits10": 0.5824561403508772}