{"TR_hits1": 0.5129716981132075, "VL_hits1": 0.38497652582159625, "TR_hits10": 0.5566037735849056, "VL_hits10": 0.45539906103286387}