{"TR_hits1": 0.9648968845985081, "VL_hits1": 0.9706011408512506, "TR_hits10": 0.8842105263157894, "VL_hits10": 0.9736842105263158}