{"TR_hits1": 0.5118525021949079, "VL_hits1": 0.5210711150131695, "TR_hits10": 0.47543859649122805, "VL_hits10": 0.48947368421052634}