{"TR_hits1": 0.6933614330874605, "VL_hits1": 0.6554621848739496, "TR_hits10": 0.6996838777660696, "VL_hits10": 0.6722689075630253}