{"TR_hits1": 0.7985074626865671, "VL_hits1": 0.7998244073748902, "TR_hits10": 0.7228070175438597, "VL_hits10": 0.7614035087719299}