{"TR_hits1": 0.9313725490196079, "VL_hits1": 0.9551820728291317, "TR_hits10": 0.8156424581005587, "VL_hits10": 0.9608938547486033}