{"TR_hits1": 0.3915094339622642, "VL_hits1": 0.4125, "TR_hits10": 0.5078616352201258, "VL_hits10": 0.525}