{"TR_hits1": 0.2789351851851852, "VL_hits1": 0.22685185185185186, "TR_hits10": 0.3194444444444444, "VL_hits10": 0.25462962962962965}