{"TR_hits1": 0.5535714285714286, "VL_hits1": 0.5042016806722689, "TR_hits10": 0.5567226890756303, "VL_hits10": 0.5504201680672269}