{"TR_hits1": 0.4068396226415094, "VL_hits1": 0.4131455399061033, "TR_hits10": 0.46108490566037735, "VL_hits10": 0.47417840375586856}