{"TR_hits1": 0.5489989462592202, "VL_hits1": 0.4411764705882353, "TR_hits10": 0.5553213909378293, "VL_hits10": 0.4831932773109244}