{"TR_hits1": 0.013910355486862442, "VL_hits1": 0.10664605873261206, "TR_hits10": 0.018518518518518517, "VL_hits10": 0.05555555555555555}