{"TR_hits1": 0.5346638655462185, "VL_hits1": 0.47058823529411764, "TR_hits10": 0.5441176470588235, "VL_hits10": 0.49159663865546216}