{"TR_hits1": 0.8974789915966387, "TS_hits1": 0.7538778940933751, "TR_hits10": 0.9487394957983193, "TS_hits10": 0.8227248414457095}