{"TR_hits1": 0.3354192740926158, "VL_hits1": 0.345, "TR_hits10": 0.3591989987484355, "VL_hits10": 0.415}