{"TR_hits1": 0.5058962264150944, "VL_hits1": 0.49765258215962443, "TR_hits10": 0.5436320754716981, "VL_hits10": 0.5868544600938967}