{"TR_hits1": 0.5077138849929874, "VL_hits1": 0.5189340813464236, "TR_hits10": 0.547486033519553, "VL_hits10": 0.5586592178770949}