{"TR_hits1": 0.026234567901234566, "VL_hits1": 0.024691358024691357, "TR_hits10": 0.05246913580246913, "VL_hits10": 0.09876543209876543}