{"TR_hits1": 0.7824074074074074, "VL_hits1": 0.8225308641975309, "TR_hits10": 0.5432098765432098, "VL_hits10": 0.8148148148148148}