{"TR_hits1": 0.4023372287145242, "VL_hits1": 0.41068447412353926, "TR_hits10": 0.28, "VL_hits10": 0.2866666666666667}