{"TR_hits1": 0.8199811498586239, "TS_hits1": 0.5125503298209544, "TR_hits10": 0.943449575871819, "TS_hits10": 0.8081041720209029}