{"TR_hits1": 0.9306409130816505, "VL_hits1": 0.9460052677787533, "TR_hits10": 0.7824561403508772, "VL_hits10": 0.9403508771929825}