{"TR_hits1": 0.18981481481481483, "VL_hits1": 0.19907407407407407, "TR_hits10": 0.20833333333333334, "VL_hits10": 0.24074074074074073}