{"TR_hits1": 0.39724310776942356, "VL_hits1": 0.3, "TR_hits10": 0.42606516290726815, "VL_hits10": 0.35}