{"TR_hits1": 0.4520547945205479, "VL_hits1": 0.40756302521008403, "TR_hits10": 0.4594309799789252, "VL_hits10": 0.4327731092436975}