{"TR_hits1": 0.592436974789916, "VL_hits1": 0.5588235294117647, "TR_hits10": 0.6029411764705882, "VL_hits10": 0.5966386554621849}