{"TR_hits1": 0.9186535764375876, "VL_hits1": 0.9228611500701263, "TR_hits10": 0.776536312849162, "VL_hits10": 0.9217877094972067}