{"TR_hits1": 0.8258064516129032, "VL_hits1": 0.8983870967741936, "TR_hits10": 0.5741935483870968, "VL_hits10": 0.8387096774193549}