{"TR_hits1": 0.5904302019315188, "VL_hits1": 0.6022827041264267, "TR_hits10": 0.543859649122807, "VL_hits10": 0.5631578947368421}