{"TR_hits1": 0.2033898305084746, "VL_hits1": 0.17391304347826086, "TR_hits10": 0.26150121065375304, "VL_hits10": 0.23671497584541062}