{"TR_hits1": 0.2405618964003512, "VL_hits1": 0.2664618086040386, "TR_hits10": 0.24385964912280703, "VL_hits10": 0.2929824561403509}