{"TR_hits1": 0.5941358024691358, "VL_hits1": 0.4691358024691358, "TR_hits10": 0.6219135802469136, "VL_hits10": 0.5493827160493827}