{"TR_hits1": 0.7190517998244074, "VL_hits1": 0.7230026338893767, "TR_hits10": 0.6596491228070176, "VL_hits10": 0.6789473684210526}