{"TR_hits1": 0.5561896400351185, "VL_hits1": 0.559262510974539, "TR_hits10": 0.5473684210526316, "VL_hits10": 0.5649122807017544}