{"TR_hits1": 0.2904841402337229, "VL_hits1": 0.29716193656093487, "TR_hits10": 0.2, "VL_hits10": 0.22}