{"TR_hits1": 0.3806343906510851, "VL_hits1": 0.4023372287145242, "TR_hits10": 0.25333333333333335, "VL_hits10": 0.32}