{"TR_hits1": 0.7896494156928213, "VL_hits1": 0.8063439065108514, "TR_hits10": 0.52, "VL_hits10": 0.8133333333333334}