{"TR_hits1": 0.4612590799031477, "VL_hits1": 0.42995169082125606, "TR_hits10": 0.5460048426150121, "VL_hits10": 0.5120772946859904}