{"TR_hits1": 0.733099209833187, "VL_hits1": 0.7357330992098332, "TR_hits10": 0.6596491228070176, "VL_hits10": 0.6929824561403509}