{"TR_hits1": 0.17191283292978207, "VL_hits1": 0.15458937198067632, "TR_hits10": 0.2457627118644068, "VL_hits10": 0.20772946859903382}