{"TR_hits1": 0.8598598598598599, "TS_hits1": 0.47878732702112164, "TR_hits10": 0.9259259259259259, "TS_hits10": 0.5982337946103423}