{"TR_hits1": 0.7191358024691358, "VL_hits1": 0.7993827160493827, "TR_hits10": 0.5740740740740741, "VL_hits10": 0.7654320987654321}