{"TR_hits1": 0.704521556256572, "VL_hits1": 0.6638655462184874, "TR_hits10": 0.7192429022082019, "VL_hits10": 0.7184873949579832}