{"TR_hits1": 0.9269662921348315, "VL_hits1": 0.9367977528089888, "TR_hits10": 0.7078651685393258, "VL_hits10": 0.9101123595505618}