{"TR_hits1": 0.5231481481481481, "VL_hits1": 0.5123456790123457, "TR_hits10": 0.6404320987654321, "VL_hits10": 0.5925925925925926}