{"TR_hits1": 0.48056537102473496, "VL_hits1": 0.39906103286384975, "TR_hits10": 0.5041224970553593, "VL_hits10": 0.45539906103286387}