{"TR_hits1": 0.7025010969723563, "VL_hits1": 0.7099605089951733, "TR_hits10": 0.5736842105263158, "VL_hits10": 0.6368421052631579}