{"TR_hits1": 0.5514705882352942, "VL_hits1": 0.542016806722689, "TR_hits10": 0.601890756302521, "VL_hits10": 0.5966386554621849}