{"TR_hits1": 0.7954345917471466, "VL_hits1": 0.8020193151887621, "TR_hits10": 0.7298245614035088, "VL_hits10": 0.7719298245614035}