{"TR_hits1": 0.6192129629629629, "VL_hits1": 0.47685185185185186, "TR_hits10": 0.6481481481481481, "VL_hits10": 0.5601851851851852}