{"TR_hits1": 0.7146619841966637, "VL_hits1": 0.7164179104477612, "TR_hits10": 0.6157894736842106, "VL_hits10": 0.6491228070175439}