{"TR_hits1": 0.17609046849757673, "VL_hits1": 0.07096774193548387, "TR_hits10": 0.19224555735056542, "VL_hits10": 0.14838709677419354}