{"TR_hits1": 0.7447495961227787, "VL_hits1": 0.7495961227786753, "TR_hits10": 0.3741935483870968, "VL_hits10": 0.6258064516129033}