{"TR_hits1": 0.4568210262828536, "VL_hits1": 0.18, "TR_hits10": 0.49436795994993743, "VL_hits10": 0.36}