{"TR_hits1": 0.49789915966386555, "VL_hits1": 0.4579831932773109, "TR_hits10": 0.5052521008403361, "VL_hits10": 0.47478991596638653}