{"TR_hits1": 0.44573643410852715, "TS_hits1": 0.32755128995333277, "TR_hits10": 0.5222868217054264, "TS_hits10": 0.44598045258430924}