{"TR_hits1": 0.589041095890411, "VL_hits1": 0.4495798319327731, "TR_hits10": 0.589041095890411, "VL_hits10": 0.4789915966386555}