{"TR_hits1": 0.4628330995792426, "VL_hits1": 0.4782608695652174, "TR_hits10": 0.48044692737430167, "VL_hits10": 0.4860335195530726}