{"TR_hits1": 0.5941011235955056, "VL_hits1": 0.6123595505617978, "TR_hits10": 0.6418539325842697, "VL_hits10": 0.6797752808988764}