{"TR_hits1": 0.4090150250417362, "VL_hits1": 0.41736227045075125, "TR_hits10": 0.29333333333333333, "VL_hits10": 0.30666666666666664}