{"TR_hits1": 0.8834269662921348, "VL_hits1": 0.9297752808988764, "TR_hits10": 0.7528089887640449, "VL_hits10": 0.9101123595505618}