{"TR_hits1": 0.41033925686591277, "VL_hits1": 0.45161290322580644, "TR_hits10": 0.46849757673667203, "VL_hits10": 0.5161290322580645}