{"TR_hits1": 0.45949074074074076, "VL_hits1": 0.4212962962962963, "TR_hits10": 0.5555555555555556, "VL_hits10": 0.48148148148148145}