{"TR_hits1": 0.7752414398595259, "VL_hits1": 0.7870939420544337, "TR_hits10": 0.6807017543859649, "VL_hits10": 0.7385964912280701}