{"TR_hits1": 0.46927129060579453, "VL_hits1": 0.4881474978050922, "TR_hits10": 0.4807017543859649, "VL_hits10": 0.5035087719298246}