{"TR_hits1": 0.26365546218487396, "VL_hits1": 0.22268907563025211, "TR_hits10": 0.30462184873949577, "VL_hits10": 0.3025210084033613}