{"TR_hits1": 0.7054433713784021, "VL_hits1": 0.7071992976294995, "TR_hits10": 0.6350877192982456, "VL_hits10": 0.6736842105263158}