{"TR_hits1": 0.41454545454545455, "VL_hits1": 0.3188405797101449, "TR_hits10": 0.42303030303030303, "VL_hits10": 0.3719806763285024}