{"TR_hits1": 0.7695346795434592, "VL_hits1": 0.7787532923617209, "TR_hits10": 0.6982456140350877, "VL_hits10": 0.7280701754385965}