{"TR_hits1": 0.27378964941569284, "VL_hits1": 0.2854757929883139, "TR_hits10": 0.3, "VL_hits10": 0.34}