{"TR_hits1": 0.9328358208955224, "VL_hits1": 0.9600526777875329, "TR_hits10": 0.787719298245614, "VL_hits10": 0.9491228070175438}