{"TR_hits1": 0.1739674593241552, "VL_hits1": 0.185, "TR_hits10": 0.19899874843554444, "VL_hits10": 0.235}