{"TR_hits1": 0.28256302521008403, "VL_hits1": 0.2815126050420168, "TR_hits10": 0.3644957983193277, "VL_hits10": 0.3949579831932773}