{"TR_hits1": 0.27240566037735847, "VL_hits1": 0.18309859154929578, "TR_hits10": 0.2830188679245283, "VL_hits10": 0.2112676056338028}