{"TR_hits1": 0.9073748902546093, "VL_hits1": 0.9394205443371378, "TR_hits10": 0.7859649122807018, "VL_hits10": 0.9385964912280702}