{"TR_hits1": 0.6157575757575757, "VL_hits1": 0.391304347826087, "TR_hits10": 0.6896969696969697, "VL_hits10": 0.6280193236714976}