{"TR_hits1": 0.5566286215978928, "VL_hits1": 0.5680421422300264, "TR_hits10": 0.5736842105263158, "VL_hits10": 0.5807017543859649}