{"TR_hits1": 0.8838709677419355, "VL_hits1": 0.8983870967741936, "TR_hits10": 0.5096774193548387, "VL_hits10": 0.864516129032258}