{"TR_hits1": 0.5597014925373134, "VL_hits1": 0.564091308165057, "TR_hits10": 0.48596491228070177, "VL_hits10": 0.5052631578947369}