{"TR_hits1": 0.875, "VL_hits1": 0.875, "TR_hits10": 0.5679012345679012, "VL_hits10": 0.8024691358024691}