{"TR_hits1": 0.2287145242070117, "VL_hits1": 0.25208681135225375, "TR_hits10": 0.21333333333333335, "VL_hits10": 0.23333333333333334}