{"TR_hits1": 0.7979966611018364, "VL_hits1": 0.8196994991652755, "TR_hits10": 0.47333333333333333, "VL_hits10": 0.7666666666666667}