{"TR_hits1": 0.7974683544303798, "VL_hits1": 0.6596638655462185, "TR_hits10": 0.870253164556962, "VL_hits10": 0.8823529411764706}