{"TR_hits1": 0.589803012746234, "VL_hits1": 0.35185185185185186, "TR_hits10": 0.6859791425260718, "VL_hits10": 0.6481481481481481}