{"TR_hits1": 0.3806343906510851, "VL_hits1": 0.4590984974958264, "TR_hits10": 0.3466666666666667, "VL_hits10": 0.4266666666666667}