{"TR_hits1": 0.31719532554257096, "VL_hits1": 0.327212020033389, "TR_hits10": 0.21333333333333335, "VL_hits10": 0.22}