{"TR_hits1": 0.8857696030977735, "TS_hits1": 0.3325995068686157, "TR_hits10": 0.9448209099709584, "TS_hits10": 0.5983620993307502}