{"TR_hits1": 0.2929782082324455, "VL_hits1": 0.21256038647342995, "TR_hits10": 0.3280871670702179, "VL_hits10": 0.2995169082125604}