{"TR_hits1": 0.8272841051314143, "VL_hits1": 0.545, "TR_hits10": 0.8723404255319149, "VL_hits10": 0.86}