{"TR_hits1": 0.2865566037735849, "VL_hits1": 0.2535211267605634, "TR_hits10": 0.2971698113207547, "VL_hits10": 0.27230046948356806}