{"TR_hits1": 0.5756302521008403, "VL_hits1": 0.5378151260504201, "TR_hits10": 0.5955882352941176, "VL_hits10": 0.5756302521008403}