{"TR_hits1": 0.39710399297937693, "VL_hits1": 0.4896884598508118, "TR_hits10": 0.3912280701754386, "VL_hits10": 0.47543859649122805}