{"TR_hits1": 0.6957364341085271, "TS_hits1": 0.5918816588887911, "TR_hits10": 0.8168604651162791, "TS_hits10": 0.7021220392709342}