{"TR_hits1": 0.4773445732349842, "VL_hits1": 0.35294117647058826, "TR_hits10": 0.48998946259220233, "VL_hits10": 0.40336134453781514}