{"TR_hits1": 0.5154061624649859, "VL_hits1": 0.5322128851540616, "TR_hits10": 0.5027932960893855, "VL_hits10": 0.5083798882681564}