{"TR_hits1": 0.33254716981132076, "VL_hits1": 0.22535211267605634, "TR_hits10": 0.3490566037735849, "VL_hits10": 0.26291079812206575}