{"TR_hits1": 0.797190517998244, "VL_hits1": 0.800702370500439, "TR_hits10": 0.712280701754386, "VL_hits10": 0.7491228070175439}