{"TR_hits1": 0.6343283582089553, "VL_hits1": 0.636523266022827, "TR_hits10": 0.624561403508772, "VL_hits10": 0.6403508771929824}