{"TR_hits1": 0.2715894868585732, "VL_hits1": 0.245, "TR_hits10": 0.3041301627033792, "VL_hits10": 0.32}