{"TR_hits1": 0.553213909378293, "VL_hits1": 0.5210084033613446, "TR_hits10": 0.571127502634352, "VL_hits10": 0.5672268907563025}