{"TR_hits1": 0.9666520403685828, "VL_hits1": 0.973672663448881, "TR_hits10": 0.8140350877192982, "VL_hits10": 0.9491228070175438}