{"TR_hits1": 0.6316526610644257, "VL_hits1": 0.6428571428571429, "TR_hits10": 0.5865921787709497, "VL_hits10": 0.6089385474860335}