{"TR_hits1": 0.4716981132075472, "VL_hits1": 0.22535211267605634, "TR_hits10": 0.5436320754716981, "VL_hits10": 0.4694835680751174}