{"TR_hits1": 0.8021061869240895, "VL_hits1": 0.813953488372093, "TR_hits10": 0.7350877192982456, "VL_hits10": 0.7859649122807018}