{"TR_hits1": 0.45215100965759436, "VL_hits1": 0.5105355575065847, "TR_hits10": 0.45789473684210524, "VL_hits10": 0.5105263157894737}