{"TR_hits1": 0.9495392716103555, "VL_hits1": 0.9701623519087319, "TR_hits10": 0.8245614035087719, "VL_hits10": 0.9614035087719298}