{"TR_hits1": 0.577260755048288, "VL_hits1": 0.5873573309920983, "TR_hits10": 0.5719298245614035, "VL_hits10": 0.5929824561403508}