{"TR_hits1": 0.14524207011686144, "VL_hits1": 0.20534223706176963, "TR_hits10": 0.16666666666666666, "VL_hits10": 0.24}