{"TR_hits1": 0.2971698113207547, "VL_hits1": 0.22065727699530516, "TR_hits10": 0.31485849056603776, "VL_hits10": 0.29107981220657275}