{"TR_hits1": 0.32523148148148145, "VL_hits1": 0.2638888888888889, "TR_hits10": 0.36342592592592593, "VL_hits10": 0.28703703703703703}