{"TR_hits1": 0.7493415276558385, "VL_hits1": 0.7603160667251976, "TR_hits10": 0.7087719298245614, "VL_hits10": 0.7666666666666667}