{"TR_hits1": 0.4908835904628331, "VL_hits1": 0.5217391304347826, "TR_hits10": 0.4134078212290503, "VL_hits10": 0.48044692737430167}