{"TR_hits1": 0.8562197092084006, "VL_hits1": 0.8594507269789984, "TR_hits10": 0.5032258064516129, "VL_hits10": 0.7483870967741936}