{"TR_hits1": 0.48148148148148145, "VL_hits1": 0.5, "TR_hits10": 0.6076388888888888, "VL_hits10": 0.5648148148148148}