{"TR_hits1": 0.641352063213345, "VL_hits1": 0.6453028972783144, "TR_hits10": 0.6052631578947368, "VL_hits10": 0.6333333333333333}