{"TR_hits1": 0.6343519494204426, "VL_hits1": 0.6470588235294118, "TR_hits10": 0.6533192834562698, "VL_hits10": 0.7100840336134454}