{"TR_hits1": 0.2838063439065108, "VL_hits1": 0.2921535893155259, "TR_hits10": 0.3, "VL_hits10": 0.31333333333333335}