{"TR_hits1": 0.9223002633889377, "VL_hits1": 0.9455662862159789, "TR_hits10": 0.7842105263157895, "VL_hits10": 0.9228070175438596}