{"TR_hits1": 0.5052521008403361, "VL_hits1": 0.39915966386554624, "TR_hits10": 0.5136554621848739, "VL_hits10": 0.4411764705882353}