{"TR_hits1": 0.5847457627118644, "VL_hits1": 0.32367149758454106, "TR_hits10": 0.6610169491525424, "VL_hits10": 0.6328502415458938}