{"TR_hits1": 0.8735733099209834, "VL_hits1": 0.9446883230904302, "TR_hits10": 0.7894736842105263, "VL_hits10": 0.9315789473684211}