{"TR_hits1": 0.7407407407407407, "VL_hits1": 0.8533950617283951, "TR_hits10": 0.5493827160493827, "VL_hits10": 0.7962962962962963}