{"TR_hits1": 0.3958333333333333, "VL_hits1": 0.2638888888888889, "TR_hits10": 0.4074074074074074, "VL_hits10": 0.2916666666666667}