{"avg_TR_hits1": 0.7328240955215827, "std_TR_hits1": 0.13716962591471796, "avg_TS_hits1": 0.46408376840998544, "std_TS_hits1": 0.05274549116306554, "avg_TR_hits10": 0.7928183978799804, "std_TR_hits10": 0.16485640536560997, "avg_TS_hits10": 0.5663298557244584, "std_TS_hits10": 0.0618817301936537}