{"TR_hits1": 0.5381727158948686, "VL_hits1": 0.47, "TR_hits10": 0.5632040050062578, "VL_hits10": 0.53}