{"TR_hits1": 0.7761194029850746, "VL_hits1": 0.7791922739244952, "TR_hits10": 0.7263157894736842, "VL_hits10": 0.7578947368421053}