{"TR_hits1": 0.24540901502504173, "VL_hits1": 0.2604340567612688, "TR_hits10": 0.23333333333333334, "VL_hits10": 0.25333333333333335}