{"TR_hits1": 0.541374474053296, "VL_hits1": 0.5946704067321178, "TR_hits10": 0.5698324022346368, "VL_hits10": 0.6312849162011173}