{"TR_hits1": 0.7638279192273925, "VL_hits1": 0.7655838454784899, "TR_hits10": 0.6842105263157895, "VL_hits10": 0.7263157894736842}