{"TR_hits1": 0.5525946704067322, "VL_hits1": 0.5596072931276297, "TR_hits10": 0.48044692737430167, "VL_hits10": 0.5251396648044693}