{"TR_hits1": 0.8035714285714286, "VL_hits1": 0.5504201680672269, "TR_hits10": 0.8319327731092437, "VL_hits10": 0.7983193277310925}