{"TR_hits1": 0.9447125932426503, "VL_hits1": 0.9679684071961386, "TR_hits10": 0.8596491228070176, "VL_hits10": 0.9666666666666667}