{"TR_hits1": 0.4775757575757576, "VL_hits1": 0.3671497584541063, "TR_hits10": 0.5503030303030303, "VL_hits10": 0.42995169082125606}