{"TR_hits1": 0.7541703248463565, "VL_hits1": 0.7695346795434592, "TR_hits10": 0.6666666666666666, "VL_hits10": 0.7070175438596491}