{"TR_hits1": 0.36435469710272167, "VL_hits1": 0.44644424934152765, "TR_hits10": 0.3631578947368421, "VL_hits10": 0.4543859649122807}