{"TR_hits1": 0.9115168539325843, "VL_hits1": 0.9297752808988764, "TR_hits10": 0.7359550561797753, "VL_hits10": 0.898876404494382}