{"TR_hits1": 0.726123595505618, "VL_hits1": 0.4157303370786517, "TR_hits10": 0.7415730337078652, "VL_hits10": 0.6853932584269663}