{"TR_hits1": 0.5138888888888888, "VL_hits1": 0.4398148148148148, "TR_hits10": 0.5439814814814815, "VL_hits10": 0.5046296296296297}