{"TR_hits1": 0.9691011235955056, "VL_hits1": 0.9747191011235955, "TR_hits10": 0.7541899441340782, "VL_hits10": 0.9329608938547486}