{"TR_hits1": 0.27476415094339623, "VL_hits1": 0.24882629107981222, "TR_hits10": 0.2830188679245283, "VL_hits10": 0.26291079812206575}