{"TR_hits1": 0.92756804214223, "VL_hits1": 0.9525899912203687, "TR_hits10": 0.8035087719298246, "VL_hits10": 0.9631578947368421}