{"TR_hits1": 0.5918653576437588, "VL_hits1": 0.5932678821879382, "TR_hits10": 0.4748603351955307, "VL_hits10": 0.5139664804469274}