{"TR_hits1": 0.8126614987080103, "TS_hits1": 0.8333333333333334, "TR_hits10": 0.5828669823504089, "TS_hits10": 0.8321997417133018}