{"TR_hits1": 0.20155038759689922, "TS_hits1": 0.08015497201894102, "TR_hits10": 0.2777777777777778, "TS_hits10": 0.2516573396470082}