{"TR_hits1": 0.5483870967741935, "VL_hits1": 0.5483870967741935, "TR_hits10": 0.4692737430167598, "VL_hits10": 0.4972067039106145}