{"TR_hits1": 0.5553116769095698, "VL_hits1": 0.5627743634767339, "TR_hits10": 0.5701754385964912, "VL_hits10": 0.5842105263157895}