{"TR_hits1": 0.5781818181818181, "VL_hits1": 0.37681159420289856, "TR_hits10": 0.6181818181818182, "VL_hits10": 0.6231884057971014}