{"TR_hits1": 0.39424280350438046, "VL_hits1": 0.35, "TR_hits10": 0.46057571964956195, "VL_hits10": 0.43}