{"TR_hits1": 0.8194444444444444, "TS_hits1": 0.3504798787674693, "TR_hits10": 0.9185185185185185, "TS_hits10": 0.6316719986529719}