{"TR_hits1": 0.3973288814691152, "VL_hits1": 0.48914858096828046, "TR_hits10": 0.37333333333333335, "VL_hits10": 0.44666666666666666}