{"TR_hits1": 0.5560224089635855, "VL_hits1": 0.5770308123249299, "TR_hits10": 0.4972067039106145, "VL_hits10": 0.5698324022346368}