{"TR_hits1": 0.6466198419666374, "VL_hits1": 0.6637401229148375, "TR_hits10": 0.5912280701754385, "VL_hits10": 0.6385964912280702}