{"TR_hits1": 0.4894810659186536, "VL_hits1": 0.5035063113604488, "TR_hits10": 0.5139664804469274, "VL_hits10": 0.5195530726256983}