{"TR_hits1": 0.9177153920619555, "TS_hits1": 0.48547023599859107, "TR_hits10": 0.968054211035818, "TS_hits10": 0.7390806622050018}