{"TR_hits1": 0.47478991596638653, "VL_hits1": 0.4803921568627451, "TR_hits10": 0.4245810055865922, "VL_hits10": 0.44692737430167595}