{"TR_hits1": 0.6694468832309043, "VL_hits1": 0.6786654960491659, "TR_hits10": 0.5736842105263158, "VL_hits10": 0.6}