{"TR_hits1": 0.7940251572327044, "VL_hits1": 0.8380503144654088, "TR_hits10": 0.5125, "VL_hits10": 0.81875}