{"TR_hits1": 0.2929782082324455, "VL_hits1": 0.2946859903381642, "TR_hits10": 0.3196125907990315, "VL_hits10": 0.3188405797101449}