{"TR_hits1": 0.25302663438256656, "VL_hits1": 0.18840579710144928, "TR_hits10": 0.2772397094430993, "VL_hits10": 0.2608695652173913}