{"TR_hits1": 0.9398595258999122, "VL_hits1": 0.9486391571553995, "TR_hits10": 0.8175438596491228, "VL_hits10": 0.9403508771929825}