{"TR_hits1": 0.3107769423558897, "VL_hits1": 0.24, "TR_hits10": 0.34711779448621555, "VL_hits10": 0.295}