{"TR_hits1": 0.474937343358396, "VL_hits1": 0.36, "TR_hits10": 0.4824561403508772, "VL_hits10": 0.45}