{"TR_hits1": 0.9185393258426966, "VL_hits1": 0.9339887640449438, "TR_hits10": 0.7471910112359551, "VL_hits10": 0.9269662921348315}