{"TR_hits1": 0.5057833859095688, "VL_hits1": 0.5, "TR_hits10": 0.5499474237644585, "VL_hits10": 0.5630252100840336}