{"TR_hits1": 0.737928007023705, "VL_hits1": 0.7401229148375769, "TR_hits10": 0.6649122807017543, "VL_hits10": 0.6877192982456141}