{"TR_hits1": 0.3101851851851852, "VL_hits1": 0.18055555555555555, "TR_hits10": 0.32407407407407407, "VL_hits10": 0.2361111111111111}