{"TR_hits1": 0.7963272120200334, "VL_hits1": 0.8297161936560935, "TR_hits10": 0.5133333333333333, "VL_hits10": 0.8}