{"TR_hits1": 0.4894810659186536, "VL_hits1": 0.511921458625526, "TR_hits10": 0.5418994413407822, "VL_hits10": 0.553072625698324}