{"TR_hits1": 0.5560224089635855, "VL_hits1": 0.5672268907563025, "TR_hits10": 0.5307262569832403, "VL_hits10": 0.5363128491620112}