{"TR_hits1": 0.7515364354697103, "VL_hits1": 0.7598770851624231, "TR_hits10": 0.6789473684210526, "VL_hits10": 0.7140350877192982}