{"TR_hits1": 0.6230859835100118, "VL_hits1": 0.4835680751173709, "TR_hits10": 0.6513545347467609, "VL_hits10": 0.5727699530516432}