{"TR_hits1": 0.27879799666110183, "VL_hits1": 0.31719532554257096, "TR_hits10": 0.23333333333333334, "VL_hits10": 0.3}