{"TR_hits1": 0.6672519754170325, "VL_hits1": 0.6698858647936786, "TR_hits10": 0.6175438596491228, "VL_hits10": 0.6350877192982456}