{"TR_hits1": 0.3900462962962963, "VL_hits1": 0.36574074074074076, "TR_hits10": 0.4224537037037037, "VL_hits10": 0.4027777777777778}