{"TR_hits1": 0.7689822294022617, "VL_hits1": 0.7980613893376414, "TR_hits10": 0.44516129032258067, "VL_hits10": 0.7290322580645161}