{"TR_hits1": 0.3920105355575066, "VL_hits1": 0.3981562774363477, "TR_hits10": 0.4105263157894737, "VL_hits10": 0.42105263157894735}