{"TR_hits1": 0.8379629629629629, "VL_hits1": 0.8672839506172839, "TR_hits10": 0.5061728395061729, "VL_hits10": 0.7716049382716049}