{"TR_hits1": 0.5385694249649369, "VL_hits1": 0.5539971949509116, "TR_hits10": 0.41899441340782123, "VL_hits10": 0.4581005586592179}