{"TR_hits1": 0.5425709515859767, "VL_hits1": 0.5442404006677797, "TR_hits10": 0.35333333333333333, "VL_hits10": 0.4}