{"TR_hits1": 0.7996661101836394, "VL_hits1": 0.8247078464106845, "TR_hits10": 0.4666666666666667, "VL_hits10": 0.7466666666666667}