{"TR_hits1": 0.18985849056603774, "VL_hits1": 0.1643192488262911, "TR_hits10": 0.25235849056603776, "VL_hits10": 0.2347417840375587}