{"TR_hits1": 0.7589991220368745, "VL_hits1": 0.7704126426690079, "TR_hits10": 0.6666666666666666, "VL_hits10": 0.712280701754386}