{"TR_hits1": 0.5491659350307287, "VL_hits1": 0.5496049165935031, "TR_hits10": 0.5263157894736842, "VL_hits10": 0.543859649122807}