{"TR_hits1": 0.1597222222222222, "VL_hits1": 0.125, "TR_hits10": 0.22800925925925927, "VL_hits10": 0.17592592592592593}