{"TR_hits1": 0.3038397328881469, "VL_hits1": 0.32220367278797996, "TR_hits10": 0.3333333333333333, "VL_hits10": 0.36}