{"TR_hits1": 0.16550925925925927, "VL_hits1": 0.1388888888888889, "TR_hits10": 0.19675925925925927, "VL_hits10": 0.17592592592592593}