{"TR_hits1": 0.0031446540880503146, "VL_hits1": 0.0220125786163522, "TR_hits10": 0.00625, "VL_hits10": 0.00625}