{"TR_hits1": 0.4628330995792426, "VL_hits1": 0.46984572230014027, "TR_hits10": 0.39664804469273746, "VL_hits10": 0.441340782122905}