{"TR_hits1": 0.46307884856070086, "VL_hits1": 0.475, "TR_hits10": 0.5594493116395495, "VL_hits10": 0.545}