{"TR_hits1": 0.7269789983844911, "VL_hits1": 0.7479806138933764, "TR_hits10": 0.4129032258064516, "VL_hits10": 0.6967741935483871}