{"TR_hits1": 0.6303258145363408, "VL_hits1": 0.35, "TR_hits10": 0.6578947368421053, "VL_hits10": 0.62}