{"TR_hits1": 0.37343358395989973, "VL_hits1": 0.27, "TR_hits10": 0.39724310776942356, "VL_hits10": 0.3}