{"TR_hits1": 0.5216016859852476, "VL_hits1": 0.4327731092436975, "TR_hits10": 0.530031612223393, "VL_hits10": 0.47478991596638653}