{"TR_hits1": 0.3643867924528302, "VL_hits1": 0.3286384976525822, "TR_hits10": 0.38089622641509435, "VL_hits10": 0.3755868544600939}