{"TR_hits1": 0.6697566628041715, "VL_hits1": 0.4351851851851852, "TR_hits10": 0.7022016222479722, "VL_hits10": 0.6898148148148148}