{"TR_hits1": 0.707983193277311, "VL_hits1": 0.5714285714285714, "TR_hits10": 0.7142857142857143, "VL_hits10": 0.6260504201680672}