{"TR_hits1": 0.5561797752808989, "VL_hits1": 0.550561797752809, "TR_hits10": 0.6292134831460674, "VL_hits10": 0.601123595505618}