{"TR_hits1": 0.9143985952589991, "VL_hits1": 0.9521510096575944, "TR_hits10": 0.7929824561403509, "VL_hits10": 0.9614035087719298}