{"avg_TR_hits1": 0.795624520875525, "std_TR_hits1": 0.08225004582153551, "avg_TS_hits1": 0.4578580450857062, "std_TS_hits1": 0.039699771229317934, "avg_TR_hits10": 0.8755705156809573, "std_TR_hits10": 0.10062972474468332, "avg_TS_hits10": 0.7349347603300256, "std_TS_hits10": 0.031627900717505535}