{"TR_hits1": 0.8694187026116259, "TS_hits1": 0.7714876666155968, "TR_hits10": 0.9250210614995787, "TS_hits10": 0.8330779837597672}