{"TR_hits1": 0.2786540483701367, "VL_hits1": 0.3235294117647059, "TR_hits10": 0.3228180862250263, "VL_hits10": 0.36554621848739494}