{"TR_hits1": 0.7743431221020093, "VL_hits1": 0.7836166924265843, "TR_hits10": 0.4567901234567901, "VL_hits10": 0.7654320987654321}