{"TR_hits1": 0.6971027216856892, "VL_hits1": 0.7045654082528534, "TR_hits10": 0.6228070175438597, "VL_hits10": 0.6543859649122807}