{"TR_hits1": 0.805531167690957, "VL_hits1": 0.8072870939420544, "TR_hits10": 0.7350877192982456, "VL_hits10": 0.7789473684210526}