{"TR_hits1": 0.3418181818181818, "VL_hits1": 0.27053140096618356, "TR_hits10": 0.37333333333333335, "VL_hits10": 0.28502415458937197}