{"TR_hits1": 0.9100840336134454, "TS_hits1": 0.7664858256284863, "TR_hits10": 0.9394957983193277, "TS_hits10": 0.8286085428287614}