{"TR_hits1": 0.3739565943238731, "VL_hits1": 0.3739565943238731, "TR_hits10": 0.30666666666666664, "VL_hits10": 0.3333333333333333}