{"TR_hits1": 0.5812324929971989, "VL_hits1": 0.6022408963585434, "TR_hits10": 0.39664804469273746, "VL_hits10": 0.46368715083798884}