{"TR_hits1": 0.9451273046532046, "VL_hits1": 0.9512730465320457, "TR_hits10": 0.8175438596491228, "VL_hits10": 0.9491228070175438}