{"TR_hits1": 0.20400500625782228, "VL_hits1": 0.225, "TR_hits10": 0.22528160200250313, "VL_hits10": 0.245}