{"TR_hits1": 0.7238805970149254, "VL_hits1": 0.7396839332748024, "TR_hits10": 0.656140350877193, "VL_hits10": 0.6807017543859649}