{"TR_hits1": 0.5252808988764045, "VL_hits1": 0.5842696629213483, "TR_hits10": 0.6123595505617978, "VL_hits10": 0.6573033707865169}