{"TR_hits1": 0.9326788218793829, "VL_hits1": 0.938288920056101, "TR_hits10": 0.6871508379888268, "VL_hits10": 0.888268156424581}