{"TR_hits1": 0.4073455759599332, "VL_hits1": 0.41402337228714525, "TR_hits10": 0.4, "VL_hits10": 0.41333333333333333}