{"TR_hits1": 0.9495171202809481, "VL_hits1": 0.9547848990342406, "TR_hits10": 0.7947368421052632, "VL_hits10": 0.9298245614035088}