{"TR_hits1": 0.6864197530864198, "TS_hits1": 0.5795192624300296, "TR_hits10": 0.8037037037037037, "TS_hits10": 0.6913895291405993}