{"TR_hits1": 0.7464985994397759, "VL_hits1": 0.7535014005602241, "TR_hits10": 0.7039106145251397, "VL_hits10": 0.7094972067039106}