{"TR_hits1": 0.7331932773109243, "VL_hits1": 0.4957983193277311, "TR_hits10": 0.8098739495798319, "VL_hits10": 0.7647058823529411}