{"TR_hits1": 0.3672787979966611, "VL_hits1": 0.36894824707846413, "TR_hits10": 0.24, "VL_hits10": 0.26666666666666666}