{"TR_hits1": 0.44407345575959933, "VL_hits1": 0.44574290484140233, "TR_hits10": 0.3933333333333333, "VL_hits10": 0.4066666666666667}