{"TR_hits1": 0.8026634382566586, "VL_hits1": 0.5024154589371981, "TR_hits10": 0.8305084745762712, "VL_hits10": 0.782608695652174}