{"TR_hits1": 0.02358490566037736, "VL_hits1": 0.018779342723004695, "TR_hits10": 0.030660377358490566, "VL_hits10": 0.03286384976525822}