{"TR_hits1": 0.7431340872374798, "VL_hits1": 0.7625201938610663, "TR_hits10": 0.4064516129032258, "VL_hits10": 0.7161290322580646}