{"TR_hits1": 0.5716292134831461, "VL_hits1": 0.550561797752809, "TR_hits10": 0.6137640449438202, "VL_hits10": 0.6235955056179775}