{"TR_hits1": 0.34663865546218486, "VL_hits1": 0.2857142857142857, "TR_hits10": 0.39915966386554624, "VL_hits10": 0.36554621848739494}