{"TR_hits1": 0.9798994974874372, "TS_hits1": 0.9962311557788944, "TR_hits10": 0.671888088457028, "TS_hits10": 0.8978053275255486}