{"TR_hits1": 0.8304020100502513, "TS_hits1": 0.30465739654883567, "TR_hits10": 0.9296482412060302, "TS_hits10": 0.6340257999664936}