{"TR_hits1": 0.2623814541622761, "VL_hits1": 0.25630252100840334, "TR_hits10": 0.2939936775553214, "VL_hits10": 0.3067226890756303}