{"TR_hits1": 0.6106442577030813, "VL_hits1": 0.680672268907563, "TR_hits10": 0.6256983240223464, "VL_hits10": 0.6759776536312849}