{"TR_hits1": 0.36894824707846413, "VL_hits1": 0.3789649415692821, "TR_hits10": 0.3466666666666667, "VL_hits10": 0.3933333333333333}