{"TR_hits1": 0.7936786654960492, "VL_hits1": 0.8042142230026339, "TR_hits10": 0.724561403508772, "VL_hits10": 0.775438596491228}