{"TR_hits1": 0.9349250936329588, "TS_hits1": 0.9534176029962547, "TR_hits10": 0.8052897978290763, "TS_hits10": 0.9489452587846339}