{"TR_hits1": 0.20050125313283207, "VL_hits1": 0.205, "TR_hits10": 0.2619047619047619, "VL_hits10": 0.295}