{"TR_hits1": 0.8564273789649416, "VL_hits1": 0.8664440734557596, "TR_hits10": 0.5466666666666666, "VL_hits10": 0.8533333333333334}