{"TR_hits1": 0.34891485809682804, "VL_hits1": 0.4056761268781302, "TR_hits10": 0.30666666666666664, "VL_hits10": 0.3933333333333333}