{"TR_hits1": 0.4726507713884993, "VL_hits1": 0.4726507713884993, "TR_hits10": 0.4245810055865922, "VL_hits10": 0.4301675977653631}