{"TR_hits1": 0.7401229148375769, "VL_hits1": 0.7489025460930641, "TR_hits10": 0.6631578947368421, "VL_hits10": 0.6947368421052632}