{"TR_hits1": 0.5077138849929874, "VL_hits1": 0.514726507713885, "TR_hits10": 0.43575418994413406, "VL_hits10": 0.4581005586592179}