{"TR_hits1": 0.6964285714285714, "VL_hits1": 0.453781512605042, "TR_hits10": 0.8077731092436975, "VL_hits10": 0.7310924369747899}