{"TR_hits1": 0.799074074074074, "TS_hits1": 0.5891564236403435, "TR_hits10": 0.8916666666666667, "TS_hits10": 0.7003704327327833}