{"TR_hits1": 0.0196078431372549, "VL_hits1": 0.0546218487394958, "TR_hits10": 0.0, "VL_hits10": 0.0111731843575419}