{"TR_hits1": 0.41374474053295934, "VL_hits1": 0.42496493688639553, "TR_hits10": 0.4022346368715084, "VL_hits10": 0.40782122905027934}