{"TR_hits1": 0.6153846153846154, "VL_hits1": 0.542016806722689, "TR_hits10": 0.6354056902002108, "VL_hits10": 0.5672268907563025}