{"TR_hits1": 0.3678665496049166, "VL_hits1": 0.4569798068481124, "TR_hits10": 0.30526315789473685, "VL_hits10": 0.38421052631578945}