{"TR_hits1": 0.7152875175315568, "VL_hits1": 0.7208976157082749, "TR_hits10": 0.5642458100558659, "VL_hits10": 0.6089385474860335}