{"TR_hits1": 0.576437587657784, "VL_hits1": 0.5363128491620112, "TR_hits10": 0.6619915848527349, "VL_hits10": 0.659217877094972}