{"TR_hits1": 0.9290322580645162, "VL_hits1": 0.9403225806451613, "TR_hits10": 0.6580645161290323, "VL_hits10": 0.896774193548387}