{"TR_hits1": 0.6619915848527349, "VL_hits1": 0.6690042075736325, "TR_hits10": 0.5642458100558659, "VL_hits10": 0.6145251396648045}