{"TR_hits1": 0.45588235294117646, "VL_hits1": 0.3697478991596639, "TR_hits10": 0.4842436974789916, "VL_hits10": 0.41596638655462187}