{"TR_hits1": 0.9116409537166901, "VL_hits1": 0.9256661991584852, "TR_hits10": 0.7094972067039106, "VL_hits10": 0.9162011173184358}