{"TR_hits1": 0.38172715894868586, "VL_hits1": 0.365, "TR_hits10": 0.3904881101376721, "VL_hits10": 0.435}