{"TR_hits1": 0.35573580533024335, "VL_hits1": 0.2361111111111111, "TR_hits10": 0.3638470451911935, "VL_hits10": 0.2777777777777778}