{"TR_hits1": 0.4268867924528302, "VL_hits1": 0.4131455399061033, "TR_hits10": 0.45872641509433965, "VL_hits10": 0.43661971830985913}