{"TR_hits1": 0.7129629629629629, "VL_hits1": 0.7669753086419753, "TR_hits10": 0.49382716049382713, "VL_hits10": 0.7407407407407407}