{"TR_hits1": 0.6817383669885865, "VL_hits1": 0.7093942054433714, "TR_hits10": 0.6456140350877193, "VL_hits10": 0.6771929824561403}