{"TR_hits1": 0.5120925341745531, "VL_hits1": 0.5252100840336135, "TR_hits10": 0.5688748685594112, "VL_hits10": 0.5882352941176471}