{"TR_hits1": 0.8330550918196995, "VL_hits1": 0.8848080133555927, "TR_hits10": 0.52, "VL_hits10": 0.8666666666666667}