{"TR_hits1": 0.5005268703898841, "VL_hits1": 0.3403361344537815, "TR_hits10": 0.5100105374077977, "VL_hits10": 0.37815126050420167}