{"TR_hits1": 0.6568627450980392, "VL_hits1": 0.6201117318435754, "TR_hits10": 0.7380952380952381, "VL_hits10": 0.7150837988826816}