{"TR_hits1": 0.7240896358543417, "VL_hits1": 0.7380952380952381, "TR_hits10": 0.6424581005586593, "VL_hits10": 0.7094972067039106}