{"TR_hits1": 0.32037815126050423, "VL_hits1": 0.36134453781512604, "TR_hits10": 0.35084033613445376, "VL_hits10": 0.4117647058823529}