{"TR_hits1": 0.47641509433962265, "VL_hits1": 0.4, "TR_hits10": 0.5455974842767296, "VL_hits10": 0.45625}