{"TR_hits1": 0.6483757682177349, "VL_hits1": 0.655838454784899, "TR_hits10": 0.6070175438596491, "VL_hits10": 0.6192982456140351}