{"TR_hits1": 0.15644555694618273, "VL_hits1": 0.045, "TR_hits10": 0.17647058823529413, "VL_hits10": 0.155}