{"TR_hits1": 0.8419282511210763, "TS_hits1": 0.9069506726457399, "TR_hits10": 0.7515875980575271, "TS_hits10": 0.8382517743742995}