{"TR_hits1": 0.7130044843049327, "TS_hits1": 0.6555098991408292, "TR_hits10": 0.8094170403587444, "TS_hits10": 0.7512140455734031}