{"TR_hits1": 0.5819327731092437, "VL_hits1": 0.4789915966386555, "TR_hits10": 0.582983193277311, "VL_hits10": 0.5504201680672269}