{"TR_hits1": 0.4991652754590985, "VL_hits1": 0.4991652754590985, "TR_hits10": 0.38, "VL_hits10": 0.4266666666666667}