{"TR_hits1": 0.30145278450363194, "VL_hits1": 0.22705314009661837, "TR_hits10": 0.33777239709443097, "VL_hits10": 0.27053140096618356}