{"TR_hits1": 0.7274193548387097, "VL_hits1": 0.7709677419354839, "TR_hits10": 0.5225806451612903, "VL_hits10": 0.7612903225806451}