{"TR_hits1": 0.8204565408252853, "VL_hits1": 0.8301141352063214, "TR_hits10": 0.7210526315789474, "VL_hits10": 0.787719298245614}