{"TR_hits1": 0.562953995157385, "VL_hits1": 0.4251207729468599, "TR_hits10": 0.6150121065375302, "VL_hits10": 0.45893719806763283}