{"TR_hits1": 0.8112379280070237, "VL_hits1": 0.8187006145741879, "TR_hits10": 0.7385964912280701, "VL_hits10": 0.787719298245614}