{"TR_hits1": 0.5658263305322129, "VL_hits1": 0.5700280112044818, "TR_hits10": 0.5363128491620112, "VL_hits10": 0.5586592178770949}