{"TR_hits1": 0.8040123456790124, "VL_hits1": 0.8410493827160493, "TR_hits10": 0.5185185185185185, "VL_hits10": 0.7654320987654321}