{"TR_hits1": 0.9256661991584852, "VL_hits1": 0.9284712482468443, "TR_hits10": 0.7262569832402235, "VL_hits10": 0.8994413407821229}