{"avg_TR_hits1": 0.9101962904589925, "std_TR_hits1": 0.053586548913208326, "avg_TS_hits1": 0.6322101734962976, "std_TS_hits1": 0.0194182140533043, "avg_TR_hits10": 0.9453552993947789, "std_TR_hits10": 0.05346338648018489, "avg_TS_hits10": 0.8696181357673481, "std_TS_hits10": 0.012742524732075123}