{"TR_hits1": 0.15692821368948248, "VL_hits1": 0.1686143572621035, "TR_hits10": 0.12, "VL_hits10": 0.14}