{"TR_hits1": 0.8667601683029453, "VL_hits1": 0.8990182328190743, "TR_hits10": 0.6927374301675978, "VL_hits10": 0.8994413407821229}