{"TR_hits1": 0.5378151260504201, "VL_hits1": 0.5210084033613446, "TR_hits10": 0.5577731092436975, "VL_hits10": 0.5378151260504201}