{"TR_hits1": 0.2637729549248748, "VL_hits1": 0.27879799666110183, "TR_hits10": 0.2, "VL_hits10": 0.25333333333333335}