{"TR_hits1": 0.7433380084151473, "VL_hits1": 0.7475455820476858, "TR_hits10": 0.6256983240223464, "VL_hits10": 0.6703910614525139}