{"TR_hits1": 0.3508771929824561, "VL_hits1": 0.325, "TR_hits10": 0.41228070175438597, "VL_hits10": 0.39}