{"TR_hits1": 0.8191823899371069, "VL_hits1": 0.8238993710691824, "TR_hits10": 0.49056603773584906, "VL_hits10": 0.8050314465408805}