{"TR_hits1": 0.8474842767295597, "VL_hits1": 0.8820754716981132, "TR_hits10": 0.58125, "VL_hits10": 0.8625}