{"TR_hits1": 0.4492924528301887, "VL_hits1": 0.37089201877934275, "TR_hits10": 0.47877358490566035, "VL_hits10": 0.4084507042253521}