{"TR_hits1": 0.4056761268781302, "VL_hits1": 0.42070116861435725, "TR_hits10": 0.32666666666666666, "VL_hits10": 0.37333333333333335}