{"TR_hits1": 0.5188762071992976, "VL_hits1": 0.5245829675153644, "TR_hits10": 0.5052631578947369, "VL_hits10": 0.5157894736842106}