{"TR_hits1": 0.34891485809682804, "VL_hits1": 0.36894824707846413, "TR_hits10": 0.3, "VL_hits10": 0.30666666666666664}