{"TR_hits1": 0.0030864197530864196, "VL_hits1": 0.032407407407407406, "TR_hits10": 0.0, "VL_hits10": 0.024691358024691357}