{"TR_hits1": 0.014539579967689823, "VL_hits1": 0.0791599353796446, "TR_hits10": 0.0, "VL_hits10": 0.012903225806451613}