{"TR_hits1": 0.8537037037037037, "TS_hits1": 0.6065835999326485, "TR_hits10": 0.9259259259259259, "TS_hits10": 0.706516248526688}