{"TR_hits1": 0.9311797752808989, "VL_hits1": 0.9592696629213483, "TR_hits10": 0.7541899441340782, "VL_hits10": 0.8994413407821229}