{"TR_hits1": 0.7471839799749687, "VL_hits1": 0.46, "TR_hits10": 0.7934918648310388, "VL_hits10": 0.775}