{"TR_hits1": 0.3780290791599354, "VL_hits1": 0.3935483870967742, "TR_hits10": 0.4701130856219709, "VL_hits10": 0.44516129032258067}