{"TR_hits1": 0.5654082528533801, "VL_hits1": 0.5790166812993854, "TR_hits10": 0.5508771929824562, "VL_hits10": 0.5684210526315789}