{"TR_hits1": 0.7932098765432098, "VL_hits1": 0.8070987654320988, "TR_hits10": 0.47530864197530864, "VL_hits10": 0.8024691358024691}