{"TR_hits1": 0.7036874451273046, "VL_hits1": 0.713784021071115, "TR_hits10": 0.6385964912280702, "VL_hits10": 0.7140350877192982}