{"TR_hits1": 0.6018437225636524, "VL_hits1": 0.6185250219490781, "TR_hits10": 0.5385964912280702, "VL_hits10": 0.5771929824561404}