{"TR_hits1": 0.5694444444444444, "VL_hits1": 0.42592592592592593, "TR_hits10": 0.5775462962962963, "VL_hits10": 0.5}