{"TR_hits1": 0.39304531085353, "VL_hits1": 0.3319327731092437, "TR_hits10": 0.41622760800842995, "VL_hits10": 0.3949579831932773}