{"TR_hits1": 0.2708333333333333, "VL_hits1": 0.10648148148148148, "TR_hits10": 0.27546296296296297, "VL_hits10": 0.12962962962962962}