{"TR_hits1": 0.5588972431077694, "VL_hits1": 0.405, "TR_hits10": 0.5651629072681704, "VL_hits10": 0.455}