{"TR_hits1": 0.8050314465408805, "VL_hits1": 0.8176100628930818, "TR_hits10": 0.44375, "VL_hits10": 0.7375}