{"TR_hits1": 0.4503950834064969, "VL_hits1": 0.4675153643546971, "TR_hits10": 0.4263157894736842, "VL_hits10": 0.4543859649122807}