{"TR_hits1": 0.5028089887640449, "VL_hits1": 0.5561797752808989, "TR_hits10": 0.5926966292134831, "VL_hits10": 0.6235955056179775}