{"TR_hits1": 0.22370617696160267, "VL_hits1": 0.24874791318864775, "TR_hits10": 0.2, "VL_hits10": 0.22666666666666666}