{"TR_hits1": 0.44908180300500833, "VL_hits1": 0.38, "TR_hits10": 0.5025041736227045, "VL_hits10": 0.4533333333333333}