{"TR_hits1": 0.6022408963585434, "VL_hits1": 0.6148459383753502, "TR_hits10": 0.6089385474860335, "VL_hits10": 0.6089385474860335}