{"TR_hits1": 0.8, "VL_hits1": 0.8693548387096774, "TR_hits10": 0.45806451612903226, "VL_hits10": 0.8258064516129032}