{"avg_TR_hits1": 0.7771241464631133, "std_TR_hits1": 0.08073712592026952, "avg_TS_hits1": 0.43699799967592257, "std_TS_hits1": 0.053673834969465185, "avg_TR_hits10": 0.8867500545802116, "std_TR_hits10": 0.09398766648440329, "avg_TS_hits10": 0.7480478505930425, "std_TS_hits10": 0.0683357473412872}