{"TR_hits1": 0.7436974789915967, "VL_hits1": 0.6512605042016807, "TR_hits10": 0.7478991596638656, "VL_hits10": 0.6596638655462185}