{"TR_hits1": 0.6496913580246914, "VL_hits1": 0.7283950617283951, "TR_hits10": 0.5185185185185185, "VL_hits10": 0.7469135802469136}