{"TR_hits1": 0.9341527655838455, "VL_hits1": 0.9512730465320457, "TR_hits10": 0.8350877192982457, "VL_hits10": 0.9578947368421052}