{"TR_hits1": 0.18523153942428036, "VL_hits1": 0.17, "TR_hits10": 0.21026282853566958, "VL_hits10": 0.245}