{"TR_hits1": 0.32554257095158595, "VL_hits1": 0.337228714524207, "TR_hits10": 0.25333333333333335, "VL_hits10": 0.29333333333333333}