{"TR_hits1": 0.3891509433962264, "VL_hits1": 0.38497652582159625, "TR_hits10": 0.41509433962264153, "VL_hits10": 0.39906103286384975}