{"TR_hits1": 0.7996661101836394, "VL_hits1": 0.8213689482470785, "TR_hits10": 0.5066666666666667, "VL_hits10": 0.8}