{"TR_hits1": 0.8129829984544049, "VL_hits1": 0.8299845440494591, "TR_hits10": 0.4506172839506173, "VL_hits10": 0.7654320987654321}