{"TR_hits1": 0.5462184873949579, "VL_hits1": 0.5168067226890757, "TR_hits10": 0.5913865546218487, "VL_hits10": 0.5504201680672269}