{"TR_hits1": 0.07586933614330875, "VL_hits1": 0.07142857142857142, "TR_hits10": 0.08429926238145416, "VL_hits10": 0.1092436974789916}