{"TR_hits1": 0.713784021071115, "VL_hits1": 0.718612818261633, "TR_hits10": 0.6350877192982456, "VL_hits10": 0.6719298245614035}