{"TR_hits1": 0.8967334035827187, "VL_hits1": 0.6722689075630253, "TR_hits10": 0.9378292939936775, "VL_hits10": 0.907563025210084}