{"TR_hits1": 0.2227784730913642, "VL_hits1": 0.19, "TR_hits10": 0.23529411764705882, "VL_hits10": 0.23}