{"TR_hits1": 0.7045654082528534, "VL_hits1": 0.7256365232660228, "TR_hits10": 0.6175438596491228, "VL_hits10": 0.6736842105263158}