{"TR_hits1": 0.9193548387096774, "VL_hits1": 0.9290322580645162, "TR_hits10": 0.5741935483870968, "VL_hits10": 0.8774193548387097}