{"TR_hits1": 0.39376646180860403, "VL_hits1": 0.40342405618964006, "TR_hits10": 0.41228070175438597, "VL_hits10": 0.4263157894736842}