{"TR_hits1": 0.3407172995780591, "VL_hits1": 0.24369747899159663, "TR_hits10": 0.35443037974683544, "VL_hits10": 0.28991596638655465}