{"TR_hits1": 0.4039351851851852, "VL_hits1": 0.3101851851851852, "TR_hits10": 0.41550925925925924, "VL_hits10": 0.3425925925925926}