{"TR_hits1": 0.23654568210262827, "VL_hits1": 0.2, "TR_hits10": 0.2765957446808511, "VL_hits10": 0.27}