{"TR_hits1": 0.6456582633053222, "VL_hits1": 0.5865921787709497, "TR_hits10": 0.7324929971988795, "VL_hits10": 0.6703910614525139}