{"TR_hits1": 0.45518207282913165, "VL_hits1": 0.4887955182072829, "TR_hits10": 0.441340782122905, "VL_hits10": 0.5083798882681564}