{"TR_hits1": 0.9332220367278798, "VL_hits1": 0.9465776293823038, "TR_hits10": 0.6066666666666667, "VL_hits10": 0.8866666666666667}