{"TR_hits1": 0.2654424040066778, "VL_hits1": 0.33889816360601, "TR_hits10": 0.26666666666666666, "VL_hits10": 0.36}