{"TR_hits1": 0.39097744360902253, "VL_hits1": 0.425, "TR_hits10": 0.4423558897243108, "VL_hits10": 0.475}