{"TR_hits1": 0.6160267111853088, "VL_hits1": 0.6160267111853088, "TR_hits10": 0.4666666666666667, "VL_hits10": 0.5333333333333333}