{"TR_hits1": 0.4661016949152542, "VL_hits1": 0.5072463768115942, "TR_hits10": 0.5544794188861986, "VL_hits10": 0.5845410628019324}