{"TR_hits1": 0.7978395061728395, "VL_hits1": 0.8333333333333334, "TR_hits10": 0.5555555555555556, "VL_hits10": 0.7530864197530864}