{"TR_hits1": 0.7431340872374798, "VL_hits1": 0.7447495961227787, "TR_hits10": 0.36774193548387096, "VL_hits10": 0.6129032258064516}