{"TR_hits1": 0.7327044025157232, "VL_hits1": 0.8066037735849056, "TR_hits10": 0.5125, "VL_hits10": 0.75625}