{"TR_hits1": 0.6828087167070218, "VL_hits1": 0.3864734299516908, "TR_hits10": 0.7227602905569007, "VL_hits10": 0.6714975845410628}