{"TR_hits1": 0.7080772607550483, "VL_hits1": 0.7216856892010536, "TR_hits10": 0.6035087719298246, "VL_hits10": 0.6701754385964912}