{"TR_hits1": 0.8056164984642387, "VL_hits1": 0.8117595436594998, "TR_hits10": 0.7456140350877193, "VL_hits10": 0.7719298245614035}