{"TR_hits1": 0.6006944444444444, "VL_hits1": 0.4583333333333333, "TR_hits10": 0.6550925925925926, "VL_hits10": 0.5694444444444444}