{"TR_hits1": 0.6869747899159664, "VL_hits1": 0.6764705882352942, "TR_hits10": 0.6953781512605042, "VL_hits10": 0.7142857142857143}