{"TR_hits1": 0.4528301886792453, "VL_hits1": 0.4835680751173709, "TR_hits10": 0.5153301886792453, "VL_hits10": 0.5586854460093896}