{"TR_hits1": 0.42070116861435725, "VL_hits1": 0.5008347245409015, "TR_hits10": 0.4266666666666667, "VL_hits10": 0.47333333333333333}