{"TR_hits1": 0.7159789288849868, "VL_hits1": 0.7225636523266022, "TR_hits10": 0.6719298245614035, "VL_hits10": 0.7}