{"TR_hits1": 0.35185185185185186, "VL_hits1": 0.3055555555555556, "TR_hits10": 0.41782407407407407, "VL_hits10": 0.3611111111111111}