{"TR_hits1": 0.7429048414023373, "VL_hits1": 0.8113522537562604, "TR_hits10": 0.54, "VL_hits10": 0.7866666666666666}