{"TR_hits1": 0.19907407407407407, "VL_hits1": 0.17592592592592593, "TR_hits10": 0.23958333333333334, "VL_hits10": 0.24537037037037038}