{"TR_hits1": 0.7607550482879719, "VL_hits1": 0.7633889376646181, "TR_hits10": 0.6912280701754386, "VL_hits10": 0.7228070175438597}