{"TR_hits1": 0.5666199158485273, "VL_hits1": 0.5876577840112202, "TR_hits10": 0.5586592178770949, "VL_hits10": 0.5698324022346368}