{"TR_hits1": 0.2969187675070028, "VL_hits1": 0.31932773109243695, "TR_hits10": 0.21787709497206703, "VL_hits10": 0.25139664804469275}