{"TR_hits1": 0.9258121158911325, "VL_hits1": 0.9411764705882353, "TR_hits10": 0.743859649122807, "VL_hits10": 0.9315789473684211}