{"TR_hits1": 0.16666666666666666, "VL_hits1": 0.16, "TR_hits10": 0.21052631578947367, "VL_hits10": 0.22}