{"TR_hits1": 0.9477841158402808, "VL_hits1": 0.960070206230803, "TR_hits10": 0.8333333333333334, "VL_hits10": 0.9649122807017544}