{"TR_hits1": 0.6564805057955743, "VL_hits1": 0.5630252100840336, "TR_hits10": 0.6659641728134879, "VL_hits10": 0.6050420168067226}