{"TR_hits1": 0.7981570864414217, "VL_hits1": 0.7999122422114963, "TR_hits10": 0.7350877192982456, "VL_hits10": 0.7614035087719299}