{"TR_hits1": 0.26343519494204426, "VL_hits1": 0.21008403361344538, "TR_hits10": 0.30242360379346683, "VL_hits10": 0.2605042016806723}