{"TR_hits1": 0.5063113604488079, "VL_hits1": 0.5091164095371669, "TR_hits10": 0.4245810055865922, "VL_hits10": 0.441340782122905}