{"TR_hits1": 0.4006677796327212, "VL_hits1": 0.42070116861435725, "TR_hits10": 0.35333333333333333, "VL_hits10": 0.36666666666666664}