{"TR_hits1": 0.14779874213836477, "VL_hits1": 0.025, "TR_hits10": 0.1871069182389937, "VL_hits10": 0.14375}