{"TR_hits1": 0.7971698113207547, "VL_hits1": 0.8223270440251572, "TR_hits10": 0.525, "VL_hits10": 0.825}