{"TR_hits1": 0.9657744624835454, "VL_hits1": 0.9754278192189557, "TR_hits10": 0.8175438596491228, "VL_hits10": 0.9614035087719298}