{"TR_hits1": 0.49074074074074076, "VL_hits1": 0.5324074074074074, "TR_hits10": 0.5740740740740741, "VL_hits10": 0.6111111111111112}