{"TR_hits1": 0.7964458804523424, "VL_hits1": 0.8061389337641357, "TR_hits10": 0.43870967741935485, "VL_hits10": 0.7032258064516129}