{"TR_hits1": 0.3722871452420701, "VL_hits1": 0.38731218697829717, "TR_hits10": 0.36, "VL_hits10": 0.38666666666666666}