{"TR_hits1": 0.34557595993322204, "VL_hits1": 0.38898163606010017, "TR_hits10": 0.36666666666666664, "VL_hits10": 0.4066666666666667}