{"TR_hits1": 0.8751753155680224, "VL_hits1": 0.9144460028050491, "TR_hits10": 0.6871508379888268, "VL_hits10": 0.8715083798882681}