{"TR_hits1": 0.9543459174714662, "VL_hits1": 0.9670763827919228, "TR_hits10": 0.8403508771929824, "VL_hits10": 0.9578947368421052}