{"TR_hits1": 0.8449367088607594, "VL_hits1": 0.6764705882352942, "TR_hits10": 0.879746835443038, "VL_hits10": 0.8907563025210085}