{"TR_hits1": 0.4745762711864407, "VL_hits1": 0.3526570048309179, "TR_hits10": 0.4927360774818402, "VL_hits10": 0.4396135265700483}