{"TR_hits1": 0.9705056179775281, "VL_hits1": 0.9719101123595506, "TR_hits10": 0.6871508379888268, "VL_hits10": 0.8770949720670391}