{"TR_hits1": 0.7941176470588235, "VL_hits1": 0.8002633889376646, "TR_hits10": 0.6982456140350877, "VL_hits10": 0.7421052631578947}