{"TR_hits1": 0.20625724217844726, "VL_hits1": 0.19907407407407407, "TR_hits10": 0.22711471610660486, "VL_hits10": 0.2777777777777778}