{"TR_hits1": 0.7703703703703704, "TS_hits1": 0.6183700959757535, "TR_hits10": 0.8666666666666667, "TS_hits10": 0.7211651793231184}