{"TR_hits1": 0.2013888888888889, "VL_hits1": 0.13425925925925927, "TR_hits10": 0.2523148148148148, "VL_hits10": 0.2037037037037037}