{"TR_hits1": 0.8981636060100167, "VL_hits1": 0.9181969949916527, "TR_hits10": 0.5866666666666667, "VL_hits10": 0.88}