{"TR_hits1": 0.6565126050420168, "VL_hits1": 0.453781512605042, "TR_hits10": 0.7531512605042017, "VL_hits10": 0.6974789915966386}