{"TR_hits1": 0.6226851851851852, "VL_hits1": 0.39351851851851855, "TR_hits10": 0.6736111111111112, "VL_hits10": 0.5972222222222222}