{"TR_hits1": 0.6586134453781513, "VL_hits1": 0.5504201680672269, "TR_hits10": 0.6712184873949579, "VL_hits10": 0.6260504201680672}