{"TR_hits1": 0.42806603773584906, "VL_hits1": 0.4225352112676056, "TR_hits10": 0.48702830188679247, "VL_hits10": 0.48826291079812206}