{"TR_hits1": 0.8349429323968394, "VL_hits1": 0.8459174714661984, "TR_hits10": 0.7807017543859649, "VL_hits10": 0.8245614035087719}