{"TR_hits1": 0.4171494785631518, "VL_hits1": 0.33796296296296297, "TR_hits10": 0.44380069524913096, "VL_hits10": 0.41203703703703703}