{"avg_TR_hits1": 0.6773476883697325, "std_TR_hits1": 0.12489393017060911, "avg_TS_hits1": 0.5444290397210082, "std_TS_hits1": 0.05477611571211184, "avg_TR_hits10": 0.7609499947509301, "std_TR_hits10": 0.142887685013102, "avg_TS_hits10": 0.6371976941011728, "std_TS_hits10": 0.059219956662047324}