{"TR_hits1": 0.9243697478991597, "VL_hits1": 0.9565826330532213, "TR_hits10": 0.7597765363128491, "VL_hits10": 0.9441340782122905}