{"TR_hits1": 0.6255259467040674, "VL_hits1": 0.5698324022346368, "TR_hits10": 0.7110799438990182, "VL_hits10": 0.6536312849162011}