{"TR_hits1": 0.7854137447405329, "VL_hits1": 0.7868162692847125, "TR_hits10": 0.6983240223463687, "VL_hits10": 0.7262569832402235}