{"TR_hits1": 0.4569798068481124, "VL_hits1": 0.4679543459174715, "TR_hits10": 0.4280701754385965, "VL_hits10": 0.45789473684210524}