{"TR_hits1": 0.7376543209876543, "VL_hits1": 0.7777777777777778, "TR_hits10": 0.5432098765432098, "VL_hits10": 0.8024691358024691}