{"TR_hits1": 0.9174714661984197, "VL_hits1": 0.9473222124670764, "TR_hits10": 0.7789473684210526, "VL_hits10": 0.9368421052631579}