{"TR_hits1": 0.24474789915966386, "VL_hits1": 0.18487394957983194, "TR_hits10": 0.30357142857142855, "VL_hits10": 0.25210084033613445}