{"TR_hits1": 0.6423562412342216, "VL_hits1": 0.6563814866760168, "TR_hits10": 0.6089385474860335, "VL_hits10": 0.6536312849162011}