{"TR_hits1": 0.5247629083245522, "VL_hits1": 0.4789915966386555, "TR_hits10": 0.5331928345626976, "VL_hits10": 0.5210084033613446}