{"TR_hits1": 0.5453474676089517, "VL_hits1": 0.4131455399061033, "TR_hits10": 0.5759717314487632, "VL_hits10": 0.47417840375586856}