{"TR_hits1": 0.49736564805057953, "VL_hits1": 0.37815126050420167, "TR_hits10": 0.505795574288725, "VL_hits10": 0.3949579831932773}