{"TR_hits1": 0.5518207282913166, "VL_hits1": 0.5532212885154062, "TR_hits10": 0.4581005586592179, "VL_hits10": 0.4581005586592179}