{"TR_hits1": 0.625548726953468, "VL_hits1": 0.6290605794556628, "TR_hits10": 0.6, "VL_hits10": 0.6140350877192983}