{"TR_hits1": 0.9403247038174638, "VL_hits1": 0.9640193067134708, "TR_hits10": 0.8052631578947368, "VL_hits10": 0.968421052631579}