{"TR_hits1": 0.02358490566037736, "VL_hits1": 0.0125, "TR_hits10": 0.031446540880503145, "VL_hits10": 0.0375}