{"TR_hits1": 0.9150943396226415, "VL_hits1": 0.9150943396226415, "TR_hits10": 0.54375, "VL_hits10": 0.85}