{"TR_hits1": 0.8697829716193656, "VL_hits1": 0.8747913188647746, "TR_hits10": 0.48, "VL_hits10": 0.8333333333333334}