{"TR_hits1": 0.4681603773584906, "VL_hits1": 0.4131455399061033, "TR_hits10": 0.5, "VL_hits10": 0.4507042253521127}