{"TR_hits1": 0.46638655462184875, "VL_hits1": 0.42436974789915966, "TR_hits10": 0.4989495798319328, "VL_hits10": 0.47478991596638653}