{"TR_hits1": 0.42787878787878786, "VL_hits1": 0.4251207729468599, "TR_hits10": 0.48484848484848486, "VL_hits10": 0.5072463768115942}