{"TR_hits1": 0.4830508474576271, "VL_hits1": 0.43478260869565216, "TR_hits10": 0.549636803874092, "VL_hits10": 0.4927536231884058}