{"TR_hits1": 0.9793548387096774, "TS_hits1": 0.9974193548387097, "TR_hits10": 0.6084036507663165, "TS_hits10": 0.8417427242982607}