{"TR_hits1": 0.847741935483871, "TS_hits1": 0.3089374892371276, "TR_hits10": 0.9225806451612903, "TS_hits10": 0.5873084208713621}