{"TR_hits1": 0.48475289169295477, "VL_hits1": 0.44537815126050423, "TR_hits10": 0.5215562565720294, "VL_hits10": 0.4831932773109244}