{"TR_hits1": 0.015432098765432098, "VL_hits1": 0.06944444444444445, "TR_hits10": 0.024691358024691357, "VL_hits10": 0.13580246913580246}