{"TR_hits1": 0.045990566037735846, "VL_hits1": 0.023474178403755867, "TR_hits10": 0.054245283018867926, "VL_hits10": 0.046948356807511735}