{"TR_hits1": 0.9486391571553995, "VL_hits1": 0.9525899912203687, "TR_hits10": 0.7666666666666667, "VL_hits10": 0.9315789473684211}