{"TR_hits1": 0.4931506849315068, "VL_hits1": 0.3697478991596639, "TR_hits10": 0.4994731296101159, "VL_hits10": 0.41596638655462187}