{"TR_hits1": 0.2414398595258999, "VL_hits1": 0.29411764705882354, "TR_hits10": 0.21754385964912282, "VL_hits10": 0.2719298245614035}