{"TR_hits1": 0.9727950855638438, "VL_hits1": 0.9824484422992541, "TR_hits10": 0.8614035087719298, "VL_hits10": 0.980701754385965}