{"TR_hits1": 0.2490613266583229, "VL_hits1": 0.18, "TR_hits10": 0.27033792240300375, "VL_hits10": 0.23}