{"TR_hits1": 0.36727272727272725, "VL_hits1": 0.30434782608695654, "TR_hits10": 0.3987878787878788, "VL_hits10": 0.3333333333333333}