{"TR_hits1": 0.9424157303370787, "VL_hits1": 0.9424157303370787, "TR_hits10": 0.7696629213483146, "VL_hits10": 0.9269662921348315}