{"TR_hits1": 0.7794117647058824, "VL_hits1": 0.5336134453781513, "TR_hits10": 0.8151260504201681, "VL_hits10": 0.7983193277310925}