{"TR_hits1": 0.8011204481792717, "VL_hits1": 0.9047619047619048, "TR_hits10": 0.776536312849162, "VL_hits10": 0.9385474860335196}