{"TR_hits1": 0.4666374012291484, "VL_hits1": 0.47278314310798947, "TR_hits10": 0.4631578947368421, "VL_hits10": 0.4789473684210526}