{"TR_hits1": 0.5426765015806112, "VL_hits1": 0.5504201680672269, "TR_hits10": 0.5605900948366702, "VL_hits10": 0.5714285714285714}