{"TR_hits1": 0.7972222222222223, "TS_hits1": 0.50673514059606, "TR_hits10": 0.8907407407407407, "TS_hits10": 0.6333557838019869}