{"TR_hits1": 0.7080772607550483, "VL_hits1": 0.7115891132572432, "TR_hits10": 0.6087719298245614, "VL_hits10": 0.656140350877193}