{"TR_hits1": 0.5342237061769616, "VL_hits1": 0.5409015025041736, "TR_hits10": 0.4266666666666667, "VL_hits10": 0.48}