{"TR_hits1": 0.5862552594670407, "VL_hits1": 0.6115007012622721, "TR_hits10": 0.5810055865921788, "VL_hits10": 0.6089385474860335}