{"TR_hits1": 0.2607781282860147, "VL_hits1": 0.23109243697478993, "TR_hits10": 0.3291272344900105, "VL_hits10": 0.3067226890756303}