{"TR_hits1": 0.3993677555321391, "VL_hits1": 0.3067226890756303, "TR_hits10": 0.43308746048472074, "VL_hits10": 0.3949579831932773}