{"TR_hits1": 0.47761194029850745, "VL_hits1": 0.48507462686567165, "TR_hits10": 0.43508771929824563, "VL_hits10": 0.45964912280701753}