{"TR_hits1": 0.5308848080133556, "VL_hits1": 0.5475792988313857, "TR_hits10": 0.4866666666666667, "VL_hits10": 0.5133333333333333}