{"TR_hits1": 0.6198547215496368, "VL_hits1": 0.6038647342995169, "TR_hits10": 0.6501210653753027, "VL_hits10": 0.6666666666666666}