{"TR_hits1": 0.747585601404741, "VL_hits1": 0.7559262510974539, "TR_hits10": 0.6736842105263158, "VL_hits10": 0.6964912280701754}