{"TR_hits1": 0.49248747913188645, "VL_hits1": 0.5025041736227045, "TR_hits10": 0.4666666666666667, "VL_hits10": 0.5}