{"avg_TR_hits1": 0.7387863550062627, "std_TR_hits1": 0.20641780952245722, "avg_TS_hits1": 0.27222837427272667, "std_TS_hits1": 0.08773723545815523, "avg_TR_hits10": 0.8034961509857275, "std_TR_hits10": 0.2177151487317446, "avg_TS_hits10": 0.5695857341400941, "std_TS_hits10": 0.14251850599533858}