{"TR_hits1": 0.8364197530864198, "VL_hits1": 0.8487654320987654, "TR_hits10": 0.5864197530864198, "VL_hits10": 0.8271604938271605}