{"TR_hits1": 0.9081803005008348, "VL_hits1": 0.9198664440734557, "TR_hits10": 0.5333333333333333, "VL_hits10": 0.86}