{"TR_hits1": 0.8324552160168599, "VL_hits1": 0.5840336134453782, "TR_hits10": 0.8640674394099052, "VL_hits10": 0.8403361344537815}