{"TR_hits1": 0.36295369211514394, "VL_hits1": 0.39, "TR_hits10": 0.4267834793491865, "VL_hits10": 0.45}