{"TR_hits1": 0.9231782265144864, "VL_hits1": 0.9508340649692713, "TR_hits10": 0.8070175438596491, "VL_hits10": 0.9491228070175438}