{"TR_hits1": 0.18038740920096852, "VL_hits1": 0.13526570048309178, "TR_hits10": 0.24213075060532688, "VL_hits10": 0.18840579710144928}