{"TR_hits1": 0.4895833333333333, "VL_hits1": 0.2962962962962963, "TR_hits10": 0.5509259259259259, "VL_hits10": 0.5462962962962963}