{"TR_hits1": 0.6571553994732221, "VL_hits1": 0.6637401229148375, "TR_hits10": 0.5701754385964912, "VL_hits10": 0.5789473684210527}