{"TR_hits1": 0.5191986644407346, "VL_hits1": 0.5208681135225376, "TR_hits10": 0.29333333333333333, "VL_hits10": 0.32666666666666666}