{"TR_hits1": 0.9256661991584852, "VL_hits1": 0.9326788218793829, "TR_hits10": 0.7374301675977654, "VL_hits10": 0.888268156424581}