{"TR_hits1": 0.410337552742616, "VL_hits1": 0.3445378151260504, "TR_hits10": 0.4356540084388186, "VL_hits10": 0.38235294117647056}