{"TR_hits1": 0.8584905660377359, "VL_hits1": 0.8663522012578616, "TR_hits10": 0.5094339622641509, "VL_hits10": 0.779874213836478}