{"TR_hits1": 0.42009685230024213, "VL_hits1": 0.36231884057971014, "TR_hits10": 0.4539951573849879, "VL_hits10": 0.3961352657004831}