{"TR_hits1": 0.9550561797752809, "VL_hits1": 0.9676966292134831, "TR_hits10": 0.6703910614525139, "VL_hits10": 0.8994413407821229}