{"TR_hits1": 0.8179012345679012, "VL_hits1": 0.8333333333333334, "TR_hits10": 0.5617283950617284, "VL_hits10": 0.7901234567901234}