{"TR_hits1": 0.3800841514726508, "VL_hits1": 0.45021037868162694, "TR_hits10": 0.329608938547486, "VL_hits10": 0.3743016759776536}