{"TR_hits1": 0.7546933667083855, "VL_hits1": 0.435, "TR_hits10": 0.8197747183979975, "VL_hits10": 0.74}