{"TR_hits1": 0.2988313856427379, "VL_hits1": 0.3105175292153589, "TR_hits10": 0.2866666666666667, "VL_hits10": 0.30666666666666664}