{"TR_hits1": 0.1332560834298957, "VL_hits1": 0.14814814814814814, "TR_hits10": 0.1772885283893395, "VL_hits10": 0.20833333333333334}