{"TR_hits1": 0.29096638655462187, "VL_hits1": 0.2647058823529412, "TR_hits10": 0.33613445378151263, "VL_hits10": 0.33613445378151263}