{"TR_hits1": 0.3105175292153589, "VL_hits1": 0.31719532554257096, "TR_hits10": 0.28, "VL_hits10": 0.3}