{"TR_hits1": 0.6129032258064516, "VL_hits1": 0.6199158485273493, "TR_hits10": 0.5754189944134078, "VL_hits10": 0.5810055865921788}