{"TR_hits1": 0.9299719887955182, "VL_hits1": 0.9495798319327731, "TR_hits10": 0.7262569832402235, "VL_hits10": 0.88268156424581}