{"TR_hits1": 0.9561211057481351, "VL_hits1": 0.9670908293111014, "TR_hits10": 0.8315789473684211, "VL_hits10": 0.9649122807017544}