{"TR_hits1": 0.376720901126408, "VL_hits1": 0.395, "TR_hits10": 0.4192740926157697, "VL_hits10": 0.44}