{"TR_hits1": 0.9284712482468443, "VL_hits1": 0.9424964936886395, "TR_hits10": 0.7262569832402235, "VL_hits10": 0.9050279329608939}