{"TR_hits1": 0.6830294530154277, "VL_hits1": 0.6914446002805049, "TR_hits10": 0.6256983240223464, "VL_hits10": 0.659217877094972}