{"TR_hits1": 0.38898163606010017, "VL_hits1": 0.4574290484140234, "TR_hits10": 0.2733333333333333, "VL_hits10": 0.3333333333333333}