{"TR_hits1": 0.41569282136894825, "VL_hits1": 0.4958263772954925, "TR_hits10": 0.41333333333333333, "VL_hits10": 0.4533333333333333}