{"TR_hits1": 0.9371069182389937, "VL_hits1": 0.9622641509433962, "TR_hits10": 0.69375, "VL_hits10": 0.91875}