{"TR_hits1": 0.4479166666666667, "VL_hits1": 0.36574074074074076, "TR_hits10": 0.5092592592592593, "VL_hits10": 0.4212962962962963}