{"TR_hits1": 0.2897278314310799, "VL_hits1": 0.3226514486391572, "TR_hits10": 0.28596491228070176, "VL_hits10": 0.3280701754385965}