{"TR_hits1": 0.8564516129032258, "VL_hits1": 0.8903225806451613, "TR_hits10": 0.5741935483870968, "VL_hits10": 0.8387096774193549}