{"TR_hits1": 0.7769973661106233, "VL_hits1": 0.781387181738367, "TR_hits10": 0.724561403508772, "VL_hits10": 0.7631578947368421}