{"TR_hits1": 0.44362486828240255, "VL_hits1": 0.35714285714285715, "TR_hits10": 0.46469968387776606, "VL_hits10": 0.3949579831932773}