{"TR_hits1": 0.634453781512605, "VL_hits1": 0.6386554621848739, "TR_hits10": 0.6145251396648045, "VL_hits10": 0.6312849162011173}