{"TR_hits1": 0.49789621318373073, "VL_hits1": 0.5231416549789621, "TR_hits10": 0.4692737430167598, "VL_hits10": 0.5139664804469274}