{"TR_hits1": 0.2428035043804756, "VL_hits1": 0.25, "TR_hits10": 0.28410513141426785, "VL_hits10": 0.32}