{"TR_hits1": 0.7915993537964459, "VL_hits1": 0.8206785137318255, "TR_hits10": 0.5612903225806452, "VL_hits10": 0.7935483870967742}