{"TR_hits1": 0.4117647058823529, "VL_hits1": 0.43, "TR_hits10": 0.4518147684605757, "VL_hits10": 0.465}