{"TR_hits1": 0.4474789915966387, "VL_hits1": 0.453781512605042, "TR_hits10": 0.48634453781512604, "VL_hits10": 0.4957983193277311}