{"TR_hits1": 0.9396067415730337, "VL_hits1": 0.9536516853932584, "TR_hits10": 0.6312849162011173, "VL_hits10": 0.8770949720670391}