{"TR_hits1": 0.547752808988764, "VL_hits1": 0.3128491620111732, "TR_hits10": 0.6769662921348315, "VL_hits10": 0.5810055865921788}