{"TR_hits1": 0.9481792717086834, "VL_hits1": 0.9481792717086834, "TR_hits10": 0.7597765363128491, "VL_hits10": 0.9217877094972067}