{"TR_hits1": 0.9232119350592365, "VL_hits1": 0.9491004826678368, "TR_hits10": 0.8175438596491228, "VL_hits10": 0.9596491228070175}