{"TR_hits1": 0.37028301886792453, "VL_hits1": 0.2300469483568075, "TR_hits10": 0.3761792452830189, "VL_hits10": 0.2676056338028169}