{"TR_hits1": 0.6545454545454545, "VL_hits1": 0.3864734299516908, "TR_hits10": 0.6993939393939393, "VL_hits10": 0.6473429951690821}