{"TR_hits1": 0.8305905130687319, "TS_hits1": 0.4590524832687566, "TR_hits10": 0.9535333978702807, "TS_hits10": 0.7181225783726665}