{"TR_hits1": 0.5057870370370371, "VL_hits1": 0.5416666666666666, "TR_hits10": 0.5358796296296297, "VL_hits10": 0.5879629629629629}