{"TR_hits1": 0.49436795994993743, "VL_hits1": 0.515, "TR_hits10": 0.5569461827284106, "VL_hits10": 0.585}