{"TR_hits1": 0.7660695468914647, "VL_hits1": 0.542016806722689, "TR_hits10": 0.8419388830347735, "VL_hits10": 0.8403361344537815}