{"TR_hits1": 0.17543859649122806, "VL_hits1": 0.205, "TR_hits10": 0.19799498746867167, "VL_hits10": 0.245}