{"TR_hits1": 0.5011574074074074, "VL_hits1": 0.49537037037037035, "TR_hits10": 0.5462962962962963, "VL_hits10": 0.5555555555555556}