{"TR_hits1": 0.7731481481481481, "VL_hits1": 0.7901234567901234, "TR_hits10": 0.5493827160493827, "VL_hits10": 0.7777777777777778}