{"TR_hits1": 0.7774363476733978, "VL_hits1": 0.7800702370500439, "TR_hits10": 0.7350877192982456, "VL_hits10": 0.7859649122807018}