{"TR_hits1": 0.22370617696160267, "VL_hits1": 0.24707846410684475, "TR_hits10": 0.20666666666666667, "VL_hits10": 0.24}