{"TR_hits1": 0.6468952734012975, "TS_hits1": 0.3728428318882061, "TR_hits10": 0.6969416126042632, "TS_hits10": 0.669500799730617}