{"TR_hits1": 0.328881469115192, "VL_hits1": 0.3589315525876461, "TR_hits10": 0.26666666666666666, "VL_hits10": 0.3}