{"TR_hits1": 0.8095655989469065, "VL_hits1": 0.8174637999122422, "TR_hits10": 0.7350877192982456, "VL_hits10": 0.7614035087719299}