{"avg_TR_hits1": 0.5982192803640847, "std_TR_hits1": 0.09044098715844563, "avg_TS_hits1": 0.5005713763229684, "std_TS_hits1": 0.040871455784923884, "avg_TR_hits10": 0.7012487753231567, "std_TR_hits10": 0.09359252202684053, "avg_TS_hits10": 0.6023566119551345, "std_TS_hits10": 0.04246180204815897}