{"TR_hits1": 0.9271290605794557, "VL_hits1": 0.946883230904302, "TR_hits10": 0.7719298245614035, "VL_hits10": 0.9315789473684211}