{"avg_TR_hits1": 0.9673474446648604, "std_TR_hits1": 0.00834383566585292, "avg_TS_hits1": 0.9849023426972865, "std_TS_hits1": 0.0099214426664108, "avg_TR_hits10": 0.8414083921939713, "std_TR_hits10": 0.007396292184628163, "avg_TS_hits10": 0.9615077637978968, "std_TS_hits10": 0.002554404120746251}