{"TR_hits1": 0.6356453028972783, "VL_hits1": 0.6553994732221247, "TR_hits10": 0.6228070175438597, "VL_hits10": 0.6473684210526316}