{"TR_hits1": 0.5517998244073749, "VL_hits1": 0.5583845478489904, "TR_hits10": 0.5385964912280702, "VL_hits10": 0.5526315789473685}