{"TR_hits1": 0.4307178631051753, "VL_hits1": 0.44240400667779634, "TR_hits10": 0.32, "VL_hits10": 0.38666666666666666}