{"TR_hits1": 0.49368863955119213, "VL_hits1": 0.5161290322580645, "TR_hits10": 0.5251396648044693, "VL_hits10": 0.5363128491620112}