{"TR_hits1": 0.9396067415730337, "VL_hits1": 0.9438202247191011, "TR_hits10": 0.6685393258426966, "VL_hits10": 0.8820224719101124}