{"TR_hits1": 0.328881469115192, "VL_hits1": 0.328881469115192, "TR_hits10": 0.30666666666666664, "VL_hits10": 0.31333333333333335}