{"TR_hits1": 0.18886198547215496, "VL_hits1": 0.13526570048309178, "TR_hits10": 0.22397094430992737, "VL_hits10": 0.1932367149758454}