{"TR_hits1": 0.5459905660377359, "VL_hits1": 0.5305164319248826, "TR_hits10": 0.5613207547169812, "VL_hits10": 0.5774647887323944}