{"TR_hits1": 0.5399719495091164, "VL_hits1": 0.5694249649368864, "TR_hits10": 0.4301675977653631, "VL_hits10": 0.46368715083798884}