{"TR_hits1": 0.5539971949509116, "VL_hits1": 0.6283309957924264, "TR_hits10": 0.5698324022346368, "VL_hits10": 0.6312849162011173}