{"TR_hits1": 0.8474842767295597, "VL_hits1": 0.8773584905660378, "TR_hits10": 0.6, "VL_hits10": 0.8875}