{"TR_hits1": 0.36554621848739494, "VL_hits1": 0.37675070028011204, "TR_hits10": 0.3463687150837989, "VL_hits10": 0.36312849162011174}