{"TR_hits1": 0.8095655989469065, "VL_hits1": 0.8108819657744625, "TR_hits10": 0.7140350877192982, "VL_hits10": 0.7473684210526316}