{"TR_hits1": 0.5321390937829295, "VL_hits1": 0.5252100840336135, "TR_hits10": 0.5331928345626976, "VL_hits10": 0.542016806722689}