{"TR_hits1": 0.34210526315789475, "VL_hits1": 0.3, "TR_hits10": 0.38471177944862156, "VL_hits10": 0.345}