{"TR_hits1": 0.9293239683933274, "VL_hits1": 0.9609306409130817, "TR_hits10": 0.843859649122807, "VL_hits10": 0.9508771929824561}