{"TR_hits1": 0.4581861012956419, "VL_hits1": 0.2676056338028169, "TR_hits10": 0.46054181389870436, "VL_hits10": 0.3427230046948357}