{"TR_hits1": 0.5258166491043204, "VL_hits1": 0.453781512605042, "TR_hits10": 0.5268703898840885, "VL_hits10": 0.46638655462184875}