{"TR_hits1": 0.9348914858096828, "VL_hits1": 0.9532554257095158, "TR_hits10": 0.6266666666666667, "VL_hits10": 0.8933333333333333}