{"TR_hits1": 0.5674232309746329, "TS_hits1": 0.5767690253671562, "TR_hits10": 0.48068363895317784, "TS_hits10": 0.5487804878048781}