{"TR_hits1": 0.4165554072096128, "TS_hits1": 0.4467687377603703, "TR_hits10": 0.5086782376502003, "TS_hits10": 0.5430834965283959}