{"TR_hits1": 0.8723702664796634, "VL_hits1": 0.8976157082748948, "TR_hits10": 0.7318435754189944, "VL_hits10": 0.8659217877094972}