{"TR_hits1": 0.8742138364779874, "VL_hits1": 0.8930817610062893, "TR_hits10": 0.525, "VL_hits10": 0.875}