{"TR_hits1": 0.619348054679285, "VL_hits1": 0.5294117647058824, "TR_hits10": 0.6246056782334385, "VL_hits10": 0.5966386554621849}