{"TR_hits1": 0.006172839506172839, "VL_hits1": 0.038580246913580245, "TR_hits10": 0.08024691358024691, "VL_hits10": 0.24691358024691357}