{"TR_hits1": 0.4339622641509434, "VL_hits1": 0.38497652582159625, "TR_hits10": 0.4540094339622642, "VL_hits10": 0.431924882629108}