{"TR_hits1": 0.9101123595505618, "VL_hits1": 0.9438202247191011, "TR_hits10": 0.7696629213483146, "VL_hits10": 0.9438202247191011}