{"TR_hits1": 0.9043020193151887, "VL_hits1": 0.9429323968393327, "TR_hits10": 0.7982456140350878, "VL_hits10": 0.9473684210526315}