{"TR_hits1": 0.7085162423178226, "VL_hits1": 0.7177348551360843, "TR_hits10": 0.5859649122807018, "VL_hits10": 0.6385964912280702}