{"TR_hits1": 0.20701168614357263, "VL_hits1": 0.25041736227045075, "TR_hits10": 0.17333333333333334, "VL_hits10": 0.21333333333333335}