{"TR_hits1": 0.7919227392449517, "VL_hits1": 0.795873573309921, "TR_hits10": 0.7, "VL_hits10": 0.7456140350877193}