{"TR_hits1": 0.39565943238731216, "VL_hits1": 0.41903171953255425, "TR_hits10": 0.36, "VL_hits10": 0.38}