{"TR_hits1": 0.9161913119789381, "VL_hits1": 0.9565598946906538, "TR_hits10": 0.8350877192982457, "VL_hits10": 0.9666666666666667}