{"TR_hits1": 0.882258064516129, "VL_hits1": 0.9145161290322581, "TR_hits10": 0.6129032258064516, "VL_hits10": 0.9225806451612903}