{"TR_hits1": 0.8055555555555556, "VL_hits1": 0.8271604938271605, "TR_hits10": 0.4567901234567901, "VL_hits10": 0.7716049382716049}