{"TR_hits1": 0.38564273789649417, "VL_hits1": 0.4073455759599332, "TR_hits10": 0.34, "VL_hits10": 0.38666666666666666}