{"TR_hits1": 0.9464677490127249, "VL_hits1": 0.9618253620008775, "TR_hits10": 0.8105263157894737, "VL_hits10": 0.956140350877193}