{"TR_hits1": 0.23353819139596138, "VL_hits1": 0.28182616330114135, "TR_hits10": 0.21929824561403508, "VL_hits10": 0.2649122807017544}