{"TR_hits1": 0.7647628267182962, "TS_hits1": 0.41053187742162733, "TR_hits10": 0.882865440464666, "TS_hits10": 0.5422684043677352}