{"TR_hits1": 0.8052550231839258, "VL_hits1": 0.8423493044822257, "TR_hits10": 0.5061728395061729, "VL_hits10": 0.7962962962962963}