{"TR_hits1": 0.7857769973661106, "VL_hits1": 0.7936786654960492, "TR_hits10": 0.6754385964912281, "VL_hits10": 0.7263157894736842}