{"TR_hits1": 0.1709090909090909, "VL_hits1": 0.19806763285024154, "TR_hits10": 0.21333333333333335, "VL_hits10": 0.22705314009661837}