{"TR_hits1": 0.572829131652661, "VL_hits1": 0.6078431372549019, "TR_hits10": 0.5139664804469274, "VL_hits10": 0.553072625698324}