{"TR_hits1": 0.8059701492537313, "VL_hits1": 0.8134328358208955, "TR_hits10": 0.7175438596491228, "VL_hits10": 0.7596491228070176}