{"TR_hits1": 0.7453906935908692, "VL_hits1": 0.7541703248463565, "TR_hits10": 0.6964912280701754, "VL_hits10": 0.7315789473684211}