{"TR_hits1": 0.5671641791044776, "VL_hits1": 0.5702370500438981, "TR_hits10": 0.5526315789473685, "VL_hits10": 0.5666666666666667}