{"TR_hits1": 0.933641975308642, "VL_hits1": 0.9351851851851852, "TR_hits10": 0.5679012345679012, "VL_hits10": 0.8395061728395061}