{"TR_hits1": 0.4109396914446003, "VL_hits1": 0.41935483870967744, "TR_hits10": 0.3463687150837989, "VL_hits10": 0.39106145251396646}