{"TR_hits1": 0.9292452830188679, "VL_hits1": 0.9371069182389937, "TR_hits10": 0.6352201257861635, "VL_hits10": 0.8553459119496856}