{"TR_hits1": 0.6839332748024582, "VL_hits1": 0.6918349429323969, "TR_hits10": 0.5929824561403508, "VL_hits10": 0.6298245614035087}