{"TR_hits1": 0.1544811320754717, "VL_hits1": 0.15023474178403756, "TR_hits10": 0.21226415094339623, "VL_hits10": 0.2112676056338028}