{"TR_hits1": 0.4856070087609512, "VL_hits1": 0.48, "TR_hits10": 0.5256570713391739, "VL_hits10": 0.535}