{"TR_hits1": 0.7727910238429172, "VL_hits1": 0.7755960729312763, "TR_hits10": 0.6703910614525139, "VL_hits10": 0.6871508379888268}