{"TR_hits1": 0.3587962962962963, "VL_hits1": 0.4166666666666667, "TR_hits10": 0.44907407407407407, "VL_hits10": 0.49537037037037035}