{"TR_hits1": 0.8797190517998245, "VL_hits1": 0.8814749780509219, "TR_hits10": 0.7543859649122807, "VL_hits10": 0.8157894736842105}