{"TR_hits1": 0.4731296101159115, "VL_hits1": 0.4117647058823529, "TR_hits10": 0.49631190727081137, "VL_hits10": 0.49159663865546216}