{"TR_hits1": 0.7515723270440252, "VL_hits1": 0.8191823899371069, "TR_hits10": 0.49375, "VL_hits10": 0.76875}