{"TR_hits1": 0.13856427378964942, "VL_hits1": 0.16026711185308848, "TR_hits10": 0.12, "VL_hits10": 0.16666666666666666}