{"TR_hits1": 0.9311797752808989, "VL_hits1": 0.9424157303370787, "TR_hits10": 0.7471910112359551, "VL_hits10": 0.898876404494382}