{"TR_hits1": 0.19128329297820823, "VL_hits1": 0.15942028985507245, "TR_hits10": 0.24213075060532688, "VL_hits10": 0.2318840579710145}