{"TR_hits1": 0.6134453781512605, "VL_hits1": 0.6176470588235294, "TR_hits10": 0.5027932960893855, "VL_hits10": 0.5418994413407822}