{"TR_hits1": 0.4540901502504174, "VL_hits1": 0.4707846410684474, "TR_hits10": 0.44, "VL_hits10": 0.4666666666666667}