{"TR_hits1": 0.6062124248496994, "TS_hits1": 0.4261265361857078, "TR_hits10": 0.656312625250501, "TS_hits10": 0.5289940828402366}