{"TR_hits1": 0.6940298507462687, "VL_hits1": 0.7098331870061457, "TR_hits10": 0.6192982456140351, "VL_hits10": 0.6596491228070176}