{"TR_hits1": 0.6828240252897787, "VL_hits1": 0.6470588235294118, "TR_hits10": 0.6996838777660696, "VL_hits10": 0.6554621848739496}