{"TR_hits1": 0.8464106844741235, "VL_hits1": 0.8497495826377296, "TR_hits10": 0.5, "VL_hits10": 0.76}