{"TR_hits1": 0.4305555555555556, "VL_hits1": 0.38425925925925924, "TR_hits10": 0.5162037037037037, "VL_hits10": 0.4722222222222222}