{"TR_hits1": 0.7854322071083809, "VL_hits1": 0.7893813075910487, "TR_hits10": 0.7298245614035088, "VL_hits10": 0.7649122807017544}