{"TR_hits1": 0.9325842696629213, "VL_hits1": 0.9452247191011236, "TR_hits10": 0.7640449438202247, "VL_hits10": 0.9157303370786517}