{"TR_hits1": 0.5792426367461431, "VL_hits1": 0.5083798882681564, "TR_hits10": 0.6423562412342216, "VL_hits10": 0.5586592178770949}