{"TR_hits1": 0.726507713884993, "VL_hits1": 0.7279102384291725, "TR_hits10": 0.5642458100558659, "VL_hits10": 0.6256983240223464}