{"TR_hits1": 0.9302019315188762, "VL_hits1": 0.9547848990342406, "TR_hits10": 0.8245614035087719, "VL_hits10": 0.956140350877193}