{"TR_hits1": 0.9537815126050421, "VL_hits1": 0.9551820728291317, "TR_hits10": 0.6759776536312849, "VL_hits10": 0.8547486033519553}