{"TR_hits1": 0.21818181818181817, "VL_hits1": 0.15458937198067632, "TR_hits10": 0.26545454545454544, "VL_hits10": 0.18840579710144928}