{"TR_hits1": 0.8364197530864198, "VL_hits1": 0.8611111111111112, "TR_hits10": 0.5740740740740741, "VL_hits10": 0.8333333333333334}