{"TR_hits1": 0.2535377358490566, "VL_hits1": 0.18779342723004694, "TR_hits10": 0.2936320754716981, "VL_hits10": 0.2676056338028169}