{"TR_hits1": 0.5362000877577885, "VL_hits1": 0.5511189118034225, "TR_hits10": 0.5175438596491229, "VL_hits10": 0.5263157894736842}