{"TR_hits1": 0.9495091164095372, "VL_hits1": 0.9523141654978962, "TR_hits10": 0.7877094972067039, "VL_hits10": 0.9217877094972067}