{"TR_hits1": 0.6089588377723971, "VL_hits1": 0.5072463768115942, "TR_hits10": 0.6573849878934624, "VL_hits10": 0.5507246376811594}