{"TR_hits1": 0.38731218697829717, "VL_hits1": 0.39232053422370616, "TR_hits10": 0.24, "VL_hits10": 0.29333333333333333}