{"TR_hits1": 0.48484848484848486, "VL_hits1": 0.357487922705314, "TR_hits10": 0.5139393939393939, "VL_hits10": 0.40096618357487923}