{"TR_hits1": 0.7806451612903226, "VL_hits1": 0.7887096774193548, "TR_hits10": 0.5096774193548387, "VL_hits10": 0.7419354838709677}