{"TR_hits1": 0.4523809523809524, "VL_hits1": 0.4579831932773109, "TR_hits10": 0.44692737430167595, "VL_hits10": 0.45251396648044695}