{"avg_TR_hits1": 0.7502427087266446, "std_TR_hits1": 0.10088980184322306, "avg_TS_hits1": 0.5862444845547262, "std_TS_hits1": 0.031800757812428825, "avg_TR_hits10": 0.8213916921246239, "std_TR_hits10": 0.11394553811314621, "avg_TS_hits10": 0.6840431255283917, "std_TS_hits10": 0.03743067589525418}