{"TR_hits1": 0.7067603160667252, "VL_hits1": 0.7212467076382791, "TR_hits10": 0.6350877192982456, "VL_hits10": 0.6929824561403509}