{"TR_hits1": 0.5589622641509434, "VL_hits1": 0.28169014084507044, "TR_hits10": 0.6073113207547169, "VL_hits10": 0.5446009389671361}