{"TR_hits1": 0.46226415094339623, "VL_hits1": 0.38125, "TR_hits10": 0.5251572327044025, "VL_hits10": 0.45}