{"TR_hits1": 0.004214963119072708, "VL_hits1": 0.004201680672268907, "TR_hits10": 0.008429926238145416, "VL_hits10": 0.012605042016806723}