{"TR_hits1": 0.6643518518518519, "VL_hits1": 0.35185185185185186, "TR_hits10": 0.7013888888888888, "VL_hits10": 0.6527777777777778}