{"TR_hits1": 0.6747146619841967, "VL_hits1": 0.6830553116769096, "TR_hits10": 0.6263157894736842, "VL_hits10": 0.6736842105263158}