{"TR_hits1": 0.9666666666666667, "TS_hits1": 0.9938271604938271, "TR_hits10": 0.627922291735265, "TS_hits10": 0.8658215344089563}