{"TR_hits1": 0.8962962962962963, "TS_hits1": 0.3312479420480738, "TR_hits10": 0.9469135802469136, "TS_hits10": 0.6156568982548568}