{"TR_hits1": 0.32053422370617696, "VL_hits1": 0.34891485809682804, "TR_hits10": 0.31333333333333335, "VL_hits10": 0.34}