{"TR_hits1": 0.2013888888888889, "VL_hits1": 0.13425925925925927, "TR_hits10": 0.21412037037037038, "VL_hits10": 0.14814814814814814}