{"TR_hits1": 0.5816505706760317, "VL_hits1": 0.5864793678665496, "TR_hits10": 0.49298245614035086, "VL_hits10": 0.5035087719298246}