{"TR_hits1": 0.7212020033388982, "VL_hits1": 0.7529215358931552, "TR_hits10": 0.49333333333333335, "VL_hits10": 0.74}