{"TR_hits1": 0.3445378151260504, "VL_hits1": 0.3627450980392157, "TR_hits10": 0.2569832402234637, "VL_hits10": 0.3128491620111732}