{"TR_hits1": 0.4307178631051753, "VL_hits1": 0.5141903171953256, "TR_hits10": 0.42, "VL_hits10": 0.5266666666666666}