{"TR_hits1": 0.44806007509386736, "VL_hits1": 0.465, "TR_hits10": 0.509386733416771, "VL_hits10": 0.51}