{"TR_hits1": 0.5678233438485805, "VL_hits1": 0.5588235294117647, "TR_hits10": 0.6277602523659306, "VL_hits10": 0.6260504201680672}