{"TR_hits1": 0.7743634767339772, "VL_hits1": 0.7805092186128183, "TR_hits10": 0.6842105263157895, "VL_hits10": 0.7263157894736842}