{"TR_hits1": 0.5106132075471698, "VL_hits1": 0.460093896713615, "TR_hits10": 0.5436320754716981, "VL_hits10": 0.49765258215962443}