{"TR_hits1": 0.3739565943238731, "VL_hits1": 0.3772954924874791, "TR_hits10": 0.26, "VL_hits10": 0.28}