{"TR_hits1": 0.7292672224659938, "VL_hits1": 0.7656867046950416, "TR_hits10": 0.7070175438596491, "VL_hits10": 0.7456140350877193}