{"TR_hits1": 0.9495171202809481, "VL_hits1": 0.9503950834064969, "TR_hits10": 0.8087719298245614, "VL_hits10": 0.9298245614035088}