{"TR_hits1": 0.7145242070116862, "VL_hits1": 0.8180300500834724, "TR_hits10": 0.5733333333333334, "VL_hits10": 0.7933333333333333}