{"TR_hits1": 0.5508474576271186, "VL_hits1": 0.41545893719806765, "TR_hits10": 0.5992736077481841, "VL_hits10": 0.5024154589371981}