{"TR_hits1": 0.3591989987484355, "VL_hits1": 0.355, "TR_hits10": 0.4405506883604506, "VL_hits10": 0.43}