{"TR_hits1": 0.8465266558966075, "VL_hits1": 0.8578352180936996, "TR_hits10": 0.49032258064516127, "VL_hits10": 0.8258064516129032}