{"TR_hits1": 0.2637729549248748, "VL_hits1": 0.3005008347245409, "TR_hits10": 0.22666666666666666, "VL_hits10": 0.2733333333333333}