{"TR_hits1": 0.9444444444444444, "VL_hits1": 0.9598765432098766, "TR_hits10": 0.6604938271604939, "VL_hits10": 0.9135802469135802}