{"TR_hits1": 0.7163053722902922, "TS_hits1": 0.5917073588623318, "TR_hits10": 0.822808671065033, "TS_hits10": 0.6910819840657929}