{"TR_hits1": 0.5347467608951708, "VL_hits1": 0.4131455399061033, "TR_hits10": 0.5512367491166078, "VL_hits10": 0.45539906103286387}