{"TR_hits1": 0.48062953995157387, "VL_hits1": 0.45410628019323673, "TR_hits10": 0.5230024213075061, "VL_hits10": 0.5458937198067633}