{"TR_hits1": 0.4674457429048414, "VL_hits1": 0.4741235392320534, "TR_hits10": 0.47333333333333333, "VL_hits10": 0.4866666666666667}