{"TR_hits1": 0.31789737171464333, "VL_hits1": 0.29, "TR_hits10": 0.3429286608260325, "VL_hits10": 0.35}