{"TR_hits1": 0.21026282853566958, "VL_hits1": 0.155, "TR_hits10": 0.2227784730913642, "VL_hits10": 0.18}