{"TR_hits1": 0.43478260869565216, "VL_hits1": 0.5273492286115007, "TR_hits10": 0.45251396648044695, "VL_hits10": 0.5586592178770949}