{"TR_hits1": 0.4991652754590985, "VL_hits1": 0.5041736227045075, "TR_hits10": 0.41333333333333333, "VL_hits10": 0.4533333333333333}