{"TR_hits1": 0.9187884108867428, "VL_hits1": 0.9464442493415277, "TR_hits10": 0.7684210526315789, "VL_hits10": 0.9368421052631579}