{"TR_hits1": 0.6044880785413744, "VL_hits1": 0.6465638148667602, "TR_hits10": 0.5363128491620112, "VL_hits10": 0.5698324022346368}