{"TR_hits1": 0.7515432098765432, "VL_hits1": 0.8148148148148148, "TR_hits10": 0.5432098765432098, "VL_hits10": 0.7716049382716049}