{"TR_hits1": 0.41068447412353926, "VL_hits1": 0.4941569282136895, "TR_hits10": 0.41333333333333333, "VL_hits10": 0.46}