{"TR_hits1": 0.5521601685985248, "VL_hits1": 0.4957983193277311, "TR_hits10": 0.5774499473129611, "VL_hits10": 0.5294117647058824}