{"TR_hits1": 0.7521008403361344, "VL_hits1": 0.7619047619047619, "TR_hits10": 0.6201117318435754, "VL_hits10": 0.6424581005586593}