{"TR_hits1": 0.7835820895522388, "VL_hits1": 0.7949956101843723, "TR_hits10": 0.7087719298245614, "VL_hits10": 0.7403508771929824}