{"TR_hits1": 0.2514484356894554, "VL_hits1": 0.28703703703703703, "TR_hits10": 0.2734646581691773, "VL_hits10": 0.3425925925925926}