{"TR_hits1": 0.8641975308641975, "VL_hits1": 0.875, "TR_hits10": 0.5802469135802469, "VL_hits10": 0.8148148148148148}