{"TR_hits1": 0.41975308641975306, "VL_hits1": 0.4074074074074074, "TR_hits10": 0.5154320987654321, "VL_hits10": 0.49382716049382713}