{"TR_hits1": 0.2429245283018868, "VL_hits1": 0.1784037558685446, "TR_hits10": 0.2535377358490566, "VL_hits10": 0.20657276995305165}