{"TR_hits1": 0.7279411764705882, "VL_hits1": 0.5714285714285714, "TR_hits10": 0.7310924369747899, "VL_hits10": 0.6554621848739496}