{"TR_hits1": 0.0004389815627743635, "VL_hits1": 0.0030728709394205445, "TR_hits10": 0.0, "VL_hits10": 0.0035087719298245615}