{"TR_hits1": 0.2954808806488992, "VL_hits1": 0.2638888888888889, "TR_hits10": 0.3163383545770568, "VL_hits10": 0.3101851851851852}