{"TR_hits1": 0.7845911949685535, "VL_hits1": 0.8160377358490566, "TR_hits10": 0.49375, "VL_hits10": 0.775}