{"TR_hits1": 0.6162227602905569, "VL_hits1": 0.5072463768115942, "TR_hits10": 0.6440677966101694, "VL_hits10": 0.5893719806763285}