{"TR_hits1": 0.4448621553884712, "VL_hits1": 0.48, "TR_hits10": 0.5037593984962406, "VL_hits10": 0.575}