{"TR_hits1": 0.531328320802005, "VL_hits1": 0.375, "TR_hits10": 0.556390977443609, "VL_hits10": 0.47}