{"TR_hits1": 0.9396067415730337, "VL_hits1": 0.949438202247191, "TR_hits10": 0.7078651685393258, "VL_hits10": 0.9269662921348315}