{"TR_hits1": 0.42237061769616024, "VL_hits1": 0.42237061769616024, "TR_hits10": 0.4, "VL_hits10": 0.42}