{"TR_hits1": 0.42857142857142855, "VL_hits1": 0.3487394957983193, "TR_hits10": 0.45588235294117646, "VL_hits10": 0.4369747899159664}