{"TR_hits1": 0.4740566037735849, "VL_hits1": 0.4694835680751174, "TR_hits10": 0.5247641509433962, "VL_hits10": 0.5070422535211268}