{"TR_hits1": 0.7743634767339772, "VL_hits1": 0.7787532923617209, "TR_hits10": 0.7263157894736842, "VL_hits10": 0.7649122807017544}