{"TR_hits1": 0.9425770308123249, "VL_hits1": 0.9509803921568627, "TR_hits10": 0.7430167597765364, "VL_hits10": 0.9497206703910615}