{"TR_hits1": 0.1712962962962963, "VL_hits1": 0.18981481481481483, "TR_hits10": 0.1886574074074074, "VL_hits10": 0.2175925925925926}