{"TR_hits1": 0.5115740740740741, "VL_hits1": 0.5370370370370371, "TR_hits10": 0.6064814814814815, "VL_hits10": 0.6064814814814815}