{"TR_hits1": 0.42360379346680715, "VL_hits1": 0.3697478991596639, "TR_hits10": 0.46048472075869334, "VL_hits10": 0.47058823529411764}