{"TR_hits1": 0.27212020033388984, "VL_hits1": 0.330550918196995, "TR_hits10": 0.24, "VL_hits10": 0.30666666666666664}