{"TR_hits1": 0.6072931276297335, "VL_hits1": 0.6269284712482468, "TR_hits10": 0.5363128491620112, "VL_hits10": 0.5754189944134078}