{"TR_hits1": 0.79768177028451, "VL_hits1": 0.5504201680672269, "TR_hits10": 0.8429926238145417, "VL_hits10": 0.8445378151260504}