{"TR_hits1": 0.17070217917675545, "VL_hits1": 0.16908212560386474, "TR_hits10": 0.21428571428571427, "VL_hits10": 0.2222222222222222}