{"TR_hits1": 0.9425186485300571, "VL_hits1": 0.9679684071961386, "TR_hits10": 0.8070175438596491, "VL_hits10": 0.9526315789473684}