{"TR_hits1": 0.565598946906538, "VL_hits1": 0.636682755594559, "TR_hits10": 0.5456140350877193, "VL_hits10": 0.6087719298245614}