{"TR_hits1": 0.6097453906935909, "VL_hits1": 0.6115013169446883, "TR_hits10": 0.5877192982456141, "VL_hits10": 0.6157894736842106}