{"TR_hits1": 0.9410112359550562, "VL_hits1": 0.9536516853932584, "TR_hits10": 0.7696629213483146, "VL_hits10": 0.9550561797752809}