{"TR_hits1": 0.514486391571554, "VL_hits1": 0.5662862159789289, "TR_hits10": 0.5105263157894737, "VL_hits10": 0.5473684210526316}