{"TR_hits1": 0.5533707865168539, "VL_hits1": 0.5730337078651685, "TR_hits10": 0.6151685393258427, "VL_hits10": 0.6123595505617978}