{"TR_hits1": 0.5094339622641509, "VL_hits1": 0.4225352112676056, "TR_hits10": 0.5330188679245284, "VL_hits10": 0.4835680751173709}