{"TR_hits1": 0.23272727272727273, "VL_hits1": 0.13526570048309178, "TR_hits10": 0.25575757575757574, "VL_hits10": 0.21256038647342995}