{"TR_hits1": 0.8852201257861635, "VL_hits1": 0.889937106918239, "TR_hits10": 0.5875, "VL_hits10": 0.85625}