{"TR_hits1": 0.35544430538172717, "VL_hits1": 0.375, "TR_hits10": 0.392991239048811, "VL_hits10": 0.42}