{"TR_hits1": 0.17271589486858574, "VL_hits1": 0.185, "TR_hits10": 0.20400500625782228, "VL_hits10": 0.21}