{"TR_hits1": 0.8568920105355575, "VL_hits1": 0.8595258999122037, "TR_hits10": 0.7491228070175439, "VL_hits10": 0.7982456140350878}