{"TR_hits1": 0.7344161545215101, "VL_hits1": 0.7374890254609306, "TR_hits10": 0.6824561403508772, "VL_hits10": 0.7052631578947368}