{"TR_hits1": 0.8860640301318268, "TS_hits1": 0.33087731322823855, "TR_hits10": 0.943502824858757, "TS_hits10": 0.6456477039067855}