{"TR_hits1": 0.41745283018867924, "VL_hits1": 0.39436619718309857, "TR_hits10": 0.4528301886792453, "VL_hits10": 0.460093896713615}