{"TR_hits1": 0.9694629694629695, "TS_hits1": 0.979056979056979, "TR_hits10": 0.7038565074906368, "TS_hits10": 0.7646886704119851}