{"TR_hits1": 0.7433380084151473, "VL_hits1": 0.8723702664796634, "TR_hits10": 0.7039106145251397, "VL_hits10": 0.8770949720670391}