{"TR_hits1": 0.6851851851851852, "VL_hits1": 0.7608024691358025, "TR_hits10": 0.5123456790123457, "VL_hits10": 0.7777777777777778}