{"TR_hits1": 0.613277133825079, "VL_hits1": 0.5840336134453782, "TR_hits10": 0.6501580611169653, "VL_hits10": 0.6386554621848739}