{"ts_hits1": 0.011318314110164924, "ts_hits10": 0.05098631022960009, "tr_hits1": 0.0154, "tr_hits10": 0.0548}