{"ts_hits1": 0.6020265171930581, "ts_hits10": 0.662929826452517, "tr_hits1": 0.671, "tr_hits10": 0.7032}