{"ts_hits1": 0.011965074916460063, "ts_hits10": 0.041716072006036435, "tr_hits1": 0.0194, "tr_hits10": 0.0446}