{"ts_hits1": 0.5901692357443139, "ts_hits10": 0.6506413711329093, "tr_hits1": 0.6756, "tr_hits10": 0.7092}