{"ts_hits1": 0.015845639754230895, "ts_hits10": 0.06004096151773203, "tr_hits1": 0.02, "tr_hits10": 0.0548}