{"ts_hits1": 0.5927562789694945, "ts_hits10": 0.656138837986418, "tr_hits1": 0.6666, "tr_hits10": 0.7066}