{"ts_hits1": 0.03643419208795947, "ts_hits10": 0.1429341381912256, "tr_hits1": 0.0384, "tr_hits10": 0.1388}