{"ts_hits1": 0.6083863317882936, "ts_hits10": 0.6687506737091732, "tr_hits1": 0.6862, "tr_hits10": 0.7214}