{"ts_hits1": 0.027271747332111674, "ts_hits10": 0.10822464158671985, "tr_hits1": 0.041, "tr_hits10": 0.1098}