{"ts_hits1": 0.5870432251805541, "ts_hits10": 0.6506413711329093, "tr_hits1": 0.6548, "tr_hits10": 0.6926}