{"ts_hits1": 0.02112751967230786, "ts_hits10": 0.08472566562466315, "tr_hits1": 0.034, "tr_hits10": 0.0848}