{"ts_hits1": 0.605799288563113, "ts_hits10": 0.6628220329848011, "tr_hits1": 0.6814, "tr_hits10": 0.7114}