{"ts_hits1": 0.02737954079982753, "ts_hits10": 0.10800905465128813, "tr_hits1": 0.0418, "tr_hits10": 0.1134}