{"ts_hits1": 0.604397973482807, "ts_hits10": 0.6643311415328231, "tr_hits1": 0.6626, "tr_hits10": 0.7016}