{"ts_hits1": 0.032984801121052065, "ts_hits10": 0.13204699795192412, "tr_hits1": 0.0444, "tr_hits10": 0.1286}