{"ts_hits1": 0.5992238870324458, "ts_hits10": 0.6594804354856095, "tr_hits1": 0.6574, "tr_hits10": 0.7016}