{"ts_hits1": 0.03945240918400345, "ts_hits10": 0.14681470302899643, "tr_hits1": 0.0492, "tr_hits10": 0.1326}