{"ts_hits1": 0.5950199417915274, "ts_hits10": 0.6557076641155546, "tr_hits1": 0.6564, "tr_hits10": 0.6942}