{"ts_hits1": 0.005497466853508677, "ts_hits10": 0.028780855880133665, "tr_hits1": 0.0152, "tr_hits10": 0.034}