{"ts_hits1": 0.5969602242104128, "ts_hits10": 0.6616363048399267, "tr_hits1": 0.6728, "tr_hits10": 0.71}