{"ts_hits1": 0.054112320793359925, "ts_hits10": 0.20642449067586505, "tr_hits1": 0.0732, "tr_hits10": 0.1968}