{"ts_hits1": 0.620135819769322, "ts_hits10": 0.6840573461248248, "tr_hits1": 0.6826, "tr_hits10": 0.7188}