{"ts_hits1": 0.01056375983615393, "ts_hits10": 0.04117710466745715, "tr_hits1": 0.0176, "tr_hits10": 0.046}