{"ts_hits1": 0.6116201358197694, "ts_hits10": 0.667457152096583, "tr_hits1": 0.6664, "tr_hits10": 0.7068}