{"ts_hits1": 0.02824188854155438, "ts_hits10": 0.11145844561819554, "tr_hits1": 0.0424, "tr_hits10": 0.1194}