{"ts_hits1": 0.6010563759836154, "ts_hits10": 0.662929826452517, "tr_hits1": 0.6678, "tr_hits10": 0.7018}