{"ts_hits1": 0.011857281448744206, "ts_hits10": 0.04742912579497682, "tr_hits1": 0.0146, "tr_hits10": 0.0428}