{"ts_hits1": 0.5994394739678776, "ts_hits10": 0.6586180877438828, "tr_hits1": 0.6584, "tr_hits10": 0.6956}