{"ts_hits1": 0.03244583378247278, "ts_hits10": 0.14153282311091947, "tr_hits1": 0.0424, "tr_hits10": 0.1424}