{"ts_hits1": 0.6010563759836154, "ts_hits10": 0.6664870108871402, "tr_hits1": 0.6688, "tr_hits10": 0.712}