{"ts_hits1": 0.010132585965290503, "ts_hits10": 0.04193165894146815, "tr_hits1": 0.0164, "tr_hits10": 0.0458}