{"ts_hits1": 0.6238007976716611, "ts_hits10": 0.6906327476554921, "tr_hits1": 0.6742, "tr_hits10": 0.7164}