{"ts_hits1": 0.05357335345478064, "ts_hits10": 0.19596852430742698, "tr_hits1": 0.0694, "tr_hits10": 0.1878}