{"ts_hits1": 0.6078473644497143, "ts_hits10": 0.6686428802414573, "tr_hits1": 0.677, "tr_hits10": 0.706}