{"ts_hits1": 0.03643419208795947, "ts_hits10": 0.13172361754877654, "tr_hits1": 0.0472, "tr_hits10": 0.1302}