{"ts_hits1": 0.6165786353346987, "ts_hits10": 0.6780209119327368, "tr_hits1": 0.6818, "tr_hits10": 0.7222}