{"ts_hits1": 0.0150910854802199, "ts_hits10": 0.07092810175703353, "tr_hits1": 0.0212, "tr_hits10": 0.0808}