{"ts_hits1": 0.5957744960655385, "ts_hits10": 0.6555998706478388, "tr_hits1": 0.6668, "tr_hits10": 0.6982}