{"ts_hits1": 0.04300959361862671, "ts_hits10": 0.15489921310768567, "tr_hits1": 0.0534, "tr_hits10": 0.1564}