{"ts_hits1": 0.6018109302576264, "ts_hits10": 0.6681039129028781, "tr_hits1": 0.6708, "tr_hits10": 0.7076}