{"TR_hits1": 0.7437472575691093, "VL_hits1": 0.7525230364194823, "TR_hits10": 0.6350877192982456, "VL_hits10": 0.6912280701754386}