{"TR_hits1": 0.04113924050632911, "VL_hits1": 0.029411764705882353, "TR_hits10": 0.056962025316455694, "VL_hits10": 0.046218487394957986}