{"TR_hits1": 0.35225375626043404, "VL_hits1": 0.41736227045075125, "TR_hits10": 0.36666666666666664, "VL_hits10": 0.4533333333333333}