{"TR_hits1": 0.5098493626882966, "VL_hits1": 0.4537037037037037, "TR_hits10": 0.5422943221320974, "VL_hits10": 0.5231481481481481}