{"TR_hits1": 0.9662921348314607, "VL_hits1": 0.9691011235955056, "TR_hits10": 0.8258426966292135, "VL_hits10": 0.9550561797752809}