{"TR_hits1": 0.5780590717299579, "VL_hits1": 0.3739495798319328, "TR_hits10": 0.5875527426160337, "VL_hits10": 0.4579831932773109}