{"TR_hits1": 0.4693366708385482, "VL_hits1": 0.42, "TR_hits10": 0.5456821026282853, "VL_hits10": 0.505}