{"TR_hits1": 0.7295873573309921, "VL_hits1": 0.7541703248463565, "TR_hits10": 0.6824561403508772, "VL_hits10": 0.7333333333333333}