{"TR_hits1": 0.7602905569007264, "VL_hits1": 0.48792270531400966, "TR_hits10": 0.8305084745762712, "VL_hits10": 0.7777777777777778}