{"TR_hits1": 0.6207865168539326, "VL_hits1": 0.5865921787709497, "TR_hits10": 0.6924157303370787, "VL_hits10": 0.664804469273743}