{"TR_hits1": 0.7994389901823282, "VL_hits1": 0.8022440392706872, "TR_hits10": 0.6759776536312849, "VL_hits10": 0.7150837988826816}