{"TR_hits1": 0.6002805049088359, "VL_hits1": 0.5754189944134078, "TR_hits10": 0.6872370266479664, "VL_hits10": 0.6312849162011173}