{"TR_hits1": 0.17696160267111852, "VL_hits1": 0.21535893155258765, "TR_hits10": 0.16, "VL_hits10": 0.22}