{"TR_hits1": 0.39398998330550916, "VL_hits1": 0.4, "TR_hits10": 0.4774624373956594, "VL_hits10": 0.44666666666666666}