{"TR_hits1": 0.9582967515364355, "VL_hits1": 0.9582967515364355, "TR_hits10": 0.8105263157894737, "VL_hits10": 0.9456140350877194}