{"TR_hits1": 0.7726075504828798, "VL_hits1": 0.781387181738367, "TR_hits10": 0.6947368421052632, "VL_hits10": 0.7456140350877193}