{"TR_hits1": 0.6933614330874605, "VL_hits1": 0.6890756302521008, "TR_hits10": 0.7144362486828241, "VL_hits10": 0.726890756302521}