{"TR_hits1": 0.34223706176961605, "VL_hits1": 0.35392320534223703, "TR_hits10": 0.32, "VL_hits10": 0.34}