{"TR_hits1": 0.896358543417367, "VL_hits1": 0.9117647058823529, "TR_hits10": 0.7597765363128491, "VL_hits10": 0.9217877094972067}