{"TR_hits1": 0.5511921458625526, "VL_hits1": 0.6269284712482468, "TR_hits10": 0.4748603351955307, "VL_hits10": 0.5586592178770949}