{"TR_hits1": 0.4257095158597663, "VL_hits1": 0.4307178631051753, "TR_hits10": 0.38, "VL_hits10": 0.4066666666666667}