{"TR_hits1": 0.9508426966292135, "VL_hits1": 0.9536516853932584, "TR_hits10": 0.8033707865168539, "VL_hits10": 0.9213483146067416}