{"TR_hits1": 0.6694468832309043, "VL_hits1": 0.679982440737489, "TR_hits10": 0.5350877192982456, "VL_hits10": 0.5596491228070175}