{"TR_hits1": 0.4736611062335382, "VL_hits1": 0.49209833187006147, "TR_hits10": 0.47192982456140353, "VL_hits10": 0.49122807017543857}