{"TR_hits1": 0.4115566037735849, "VL_hits1": 0.37089201877934275, "TR_hits10": 0.41391509433962265, "VL_hits10": 0.40375586854460094}