{"TR_hits1": 0.7777777777777778, "VL_hits1": 0.5185185185185185, "TR_hits10": 0.7986111111111112, "VL_hits10": 0.7916666666666666}