{"TR_hits1": 0.889937106918239, "VL_hits1": 0.9135220125786163, "TR_hits10": 0.63125, "VL_hits10": 0.85625}