{"TR_hits1": 0.8498122653316645, "VL_hits1": 0.56, "TR_hits10": 0.8660826032540676, "VL_hits10": 0.845}