{"TR_hits1": 0.40896358543417366, "VL_hits1": 0.4341736694677871, "TR_hits10": 0.3240223463687151, "VL_hits10": 0.329608938547486}