{"TR_hits1": 0.6527655838454784, "VL_hits1": 0.6782265144863916, "TR_hits10": 0.6035087719298246, "VL_hits10": 0.6403508771929824}