{"TR_hits1": 0.5694444444444444, "VL_hits1": 0.5833333333333334, "TR_hits10": 0.5740740740740741, "VL_hits10": 0.6172839506172839}