{"TR_hits1": 0.5582047685834503, "VL_hits1": 0.6100981767180925, "TR_hits10": 0.4748603351955307, "VL_hits10": 0.5586592178770949}