{"TR_hits1": 0.16, "VL_hits1": 0.15942028985507245, "TR_hits10": 0.19515151515151516, "VL_hits10": 0.1932367149758454}