{"TR_hits1": 0.7054433713784021, "VL_hits1": 0.7194907813871817, "TR_hits10": 0.6, "VL_hits10": 0.6491228070175439}