{"TR_hits1": 0.24939467312348668, "VL_hits1": 0.1642512077294686, "TR_hits10": 0.2639225181598063, "VL_hits10": 0.2222222222222222}