{"TR_hits1": 0.8764607679465777, "VL_hits1": 0.8914858096828047, "TR_hits10": 0.5866666666666667, "VL_hits10": 0.7866666666666666}