{"TR_hits1": 0.7011308562197092, "VL_hits1": 0.7512116316639742, "TR_hits10": 0.41935483870967744, "VL_hits10": 0.7161290322580646}