{"TR_hits1": 0.5774462483545415, "VL_hits1": 0.6472136902150066, "TR_hits10": 0.5842105263157895, "VL_hits10": 0.6421052631578947}