{"TR_hits1": 0.47578692493946734, "VL_hits1": 0.41545893719806765, "TR_hits10": 0.5641646489104116, "VL_hits10": 0.46859903381642515}