{"TR_hits1": 0.5903361344537815, "VL_hits1": 0.5336134453781513, "TR_hits10": 0.6334033613445378, "VL_hits10": 0.6050420168067226}