{"TR_hits1": 0.3684210526315789, "VL_hits1": 0.3, "TR_hits10": 0.37969924812030076, "VL_hits10": 0.345}