{"TR_hits1": 0.4019607843137255, "VL_hits1": 0.4173669467787115, "TR_hits10": 0.3240223463687151, "VL_hits10": 0.3854748603351955}