{"TR_hits1": 0.4323873121869783, "VL_hits1": 0.38, "TR_hits10": 0.5225375626043406, "VL_hits10": 0.4533333333333333}