{"TR_hits1": 0.21368948247078465, "VL_hits1": 0.23205342237061768, "TR_hits10": 0.20666666666666667, "VL_hits10": 0.26666666666666666}