{"TR_hits1": 0.22036727879799667, "VL_hits1": 0.2921535893155259, "TR_hits10": 0.19333333333333333, "VL_hits10": 0.24666666666666667}