{"TR_hits1": 0.6084284460052678, "VL_hits1": 0.6150131694468832, "TR_hits10": 0.6017543859649123, "VL_hits10": 0.6175438596491228}