{"TR_hits1": 0.8268933539412674, "VL_hits1": 0.8531684698608965, "TR_hits10": 0.5370370370370371, "VL_hits10": 0.808641975308642}