{"TR_hits1": 0.41235392320534225, "VL_hits1": 0.4791318864774624, "TR_hits10": 0.4, "VL_hits10": 0.44}