{"TR_hits1": 0.7801667397981571, "VL_hits1": 0.7898200965335673, "TR_hits10": 0.6842105263157895, "VL_hits10": 0.7385964912280701}