{"TR_hits1": 0.509493670886076, "VL_hits1": 0.5756302521008403, "TR_hits10": 0.5654008438818565, "VL_hits10": 0.6260504201680672}