{"TR_hits1": 0.9609477841158403, "VL_hits1": 0.9714787187362879, "TR_hits10": 0.8368421052631579, "VL_hits10": 0.9719298245614035}