{"TR_hits1": 0.47418335089567965, "VL_hits1": 0.4831932773109244, "TR_hits10": 0.523709167544784, "VL_hits10": 0.5336134453781513}