{"TR_hits1": 0.20534223706176963, "VL_hits1": 0.24707846410684475, "TR_hits10": 0.13333333333333333, "VL_hits10": 0.17333333333333334}