{"TR_hits1": 0.4315151515151515, "VL_hits1": 0.357487922705314, "TR_hits10": 0.4581818181818182, "VL_hits10": 0.4057971014492754}