{"TR_hits1": 0.7008760951188986, "VL_hits1": 0.395, "TR_hits10": 0.7484355444305382, "VL_hits10": 0.745}