{"TR_hits1": 0.015432098765432098, "VL_hits1": 0.05246913580246913, "TR_hits10": 0.0, "VL_hits10": 0.006172839506172839}