{"TR_hits1": 0.20949074074074073, "VL_hits1": 0.14351851851851852, "TR_hits10": 0.23958333333333334, "VL_hits10": 0.18055555555555555}