{"TR_hits1": 0.6114381833473507, "TS_hits1": 0.3405409535452323, "TR_hits10": 0.6677880571909167, "TS_hits10": 0.6561735941320294}