{"TR_hits1": 0.0015432098765432098, "VL_hits1": 0.009259259259259259, "TR_hits10": 0.0, "VL_hits10": 0.018518518518518517}