{"TR_hits1": 0.37696969696969695, "VL_hits1": 0.2898550724637681, "TR_hits10": 0.4012121212121212, "VL_hits10": 0.3333333333333333}