{"TR_hits1": 0.5206124852767963, "VL_hits1": 0.460093896713615, "TR_hits10": 0.5724381625441696, "VL_hits10": 0.5023474178403756}