{"TR_hits1": 0.43160377358490565, "VL_hits1": 0.39436619718309857, "TR_hits10": 0.46108490566037735, "VL_hits10": 0.4507042253521127}