{"TR_hits1": 0.7673397717295873, "VL_hits1": 0.7726075504828798, "TR_hits10": 0.7087719298245614, "VL_hits10": 0.7631578947368421}