{"TR_hits1": 0.9640193067134708, "VL_hits1": 0.9780605528740676, "TR_hits10": 0.8947368421052632, "VL_hits10": 0.980701754385965}