{"TR_hits1": 0.42296918767507, "VL_hits1": 0.43557422969187676, "TR_hits10": 0.36312849162011174, "VL_hits10": 0.39664804469273746}