{"TR_hits1": 0.8436974789915966, "TS_hits1": 0.7226255062275541, "TR_hits10": 0.8546218487394958, "TS_hits10": 0.7758080537938412}