{"TR_hits1": 0.2783018867924528, "VL_hits1": 0.2863849765258216, "TR_hits10": 0.32075471698113206, "VL_hits10": 0.3380281690140845}