{"TR_hits1": 0.6821247892074199, "TS_hits1": 0.6572194561470701, "TR_hits10": 0.6913996627318718, "TS_hits10": 0.6874760628111835}