{"TR_hits1": 0.7291483757682178, "VL_hits1": 0.7401229148375769, "TR_hits10": 0.6859649122807018, "VL_hits10": 0.7175438596491228}