{"TR_hits1": 0.9029850746268657, "VL_hits1": 0.9416154521510096, "TR_hits10": 0.7614035087719299, "VL_hits10": 0.9368421052631579}