{"TR_hits1": 0.37061769616026713, "VL_hits1": 0.3789649415692821, "TR_hits10": 0.24666666666666667, "VL_hits10": 0.28}