{"TR_hits1": 0.5030864197530864, "VL_hits1": 0.5617283950617284, "TR_hits10": 0.5, "VL_hits10": 0.5308641975308642}