{"TR_hits1": 0.285563751317176, "VL_hits1": 0.1722689075630252, "TR_hits10": 0.410958904109589, "VL_hits10": 0.38235294117647056}