{"TR_hits1": 0.33490566037735847, "VL_hits1": 0.2347417840375587, "TR_hits10": 0.3384433962264151, "VL_hits10": 0.27230046948356806}