{"TR_hits1": 0.6746746746746747, "TS_hits1": 0.31846321922796794, "TR_hits10": 0.7717717717717718, "TS_hits10": 0.418244719592134}