{"TR_hits1": 0.6314797360980208, "TS_hits1": 0.5582112567463376, "TR_hits10": 0.6955702167766258, "TS_hits10": 0.6476484194294526}