{"TR_hits1": 0.9811557788944724, "TS_hits1": 0.9974874371859297, "TR_hits10": 0.6759926285810018, "TS_hits10": 0.8905176746523705}