{"TR_hits1": 0.9108040201005025, "TS_hits1": 0.32677165354330706, "TR_hits10": 0.9535175879396985, "TS_hits10": 0.6459205897135198}