{"TR_hits1": 0.8045234248788369, "VL_hits1": 0.8093699515347335, "TR_hits10": 0.5096774193548387, "VL_hits10": 0.7870967741935484}