{"TR_hits1": 0.8008429926238145, "VL_hits1": 0.6176470588235294, "TR_hits10": 0.8640674394099052, "VL_hits10": 0.8907563025210085}