{"TR_hits1": 0.7380430013163668, "VL_hits1": 0.749012724879333, "TR_hits10": 0.6578947368421053, "VL_hits10": 0.6912280701754386}