{"TR_hits1": 0.4224537037037037, "VL_hits1": 0.37037037037037035, "TR_hits10": 0.5277777777777778, "VL_hits10": 0.4675925925925926}