{"TR_hits1": 0.4518147684605757, "VL_hits1": 0.405, "TR_hits10": 0.5193992490613266, "VL_hits10": 0.495}