{"TR_hits1": 0.15288220551378445, "VL_hits1": 0.125, "TR_hits10": 0.17794486215538846, "VL_hits10": 0.16}