{"TR_hits1": 0.7005813953488372, "TS_hits1": 0.4736285991018755, "TR_hits10": 0.7151162790697675, "TS_hits10": 0.744034516157436}