{"TR_hits1": 0.4827044025157233, "VL_hits1": 0.4625, "TR_hits10": 0.6084905660377359, "VL_hits10": 0.5625}