{"TR_hits1": 0.7405618964003512, "VL_hits1": 0.7431957857769974, "TR_hits10": 0.7017543859649122, "VL_hits10": 0.7491228070175439}