{"TR_hits1": 0.7216856892010536, "VL_hits1": 0.7291483757682178, "TR_hits10": 0.5736842105263158, "VL_hits10": 0.6140350877192983}