{"TR_hits1": 0.592436974789916, "VL_hits1": 0.5042016806722689, "TR_hits10": 0.601890756302521, "VL_hits10": 0.592436974789916}