{"TR_hits1": 0.5456821026282853, "VL_hits1": 0.535, "TR_hits10": 0.5669586983729662, "VL_hits10": 0.61}