{"TR_hits1": 0.43287037037037035, "VL_hits1": 0.4074074074074074, "TR_hits10": 0.5127314814814815, "VL_hits10": 0.49537037037037035}