{"TR_hits1": 0.4119496855345912, "VL_hits1": 0.40625, "TR_hits10": 0.5125786163522013, "VL_hits10": 0.5125}