{"TR_hits1": 0.4800420168067227, "VL_hits1": 0.42857142857142855, "TR_hits10": 0.5052521008403361, "VL_hits10": 0.4831932773109244}