{"TR_hits1": 0.8032258064516129, "VL_hits1": 0.8096774193548387, "TR_hits10": 0.5612903225806452, "VL_hits10": 0.7483870967741936}