{"TR_hits1": 0.812637121544537, "VL_hits1": 0.8183413777972796, "TR_hits10": 0.7421052631578947, "VL_hits10": 0.7824561403508772}