{"TR_hits1": 0.4938542581211589, "VL_hits1": 0.5057067603160668, "TR_hits10": 0.4666666666666667, "VL_hits10": 0.49298245614035086}