{"TR_hits1": 0.9453417602996255, "TS_hits1": 0.9623127340823969, "TR_hits10": 0.7133912636414173, "TS_hits10": 0.7819128704760233}