{"TR_hits1": 0.3604038630377524, "VL_hits1": 0.45127304653204564, "TR_hits10": 0.36140350877192984, "VL_hits10": 0.4456140350877193}