{"TR_hits1": 0.7633889376646181, "VL_hits1": 0.7690956979806848, "TR_hits10": 0.7210526315789474, "VL_hits10": 0.7526315789473684}