{"TR_hits1": 0.6347673397717296, "VL_hits1": 0.6409130816505707, "TR_hits10": 0.5754385964912281, "VL_hits10": 0.6070175438596491}