{"TR_hits1": 0.8902546093064091, "VL_hits1": 0.9385425812115891, "TR_hits10": 0.7596491228070176, "VL_hits10": 0.9175438596491228}