{"TR_hits1": 0.2496493688639551, "VL_hits1": 0.30014025245441794, "TR_hits10": 0.22346368715083798, "VL_hits10": 0.27932960893854747}