{"TR_hits1": 0.21202003338898165, "VL_hits1": 0.22203672787979967, "TR_hits10": 0.2, "VL_hits10": 0.21333333333333335}