{"TR_hits1": 0.3466807165437302, "VL_hits1": 0.31092436974789917, "TR_hits10": 0.37091675447839834, "VL_hits10": 0.3235294117647059}