{"TR_hits1": 0.8033362598770851, "VL_hits1": 0.8064091308165057, "TR_hits10": 0.6473684210526316, "VL_hits10": 0.7070175438596491}