{"TR_hits1": 0.6025943396226415, "VL_hits1": 0.38497652582159625, "TR_hits10": 0.7134433962264151, "VL_hits10": 0.6948356807511737}