{"TR_hits1": 0.925561797752809, "VL_hits1": 0.9367977528089888, "TR_hits10": 0.6573033707865169, "VL_hits10": 0.898876404494382}