{"TR_hits1": 0.7880649407634928, "VL_hits1": 0.7928916191311979, "TR_hits10": 0.7035087719298245, "VL_hits10": 0.7421052631578947}