{"TR_hits1": 0.9315489249670909, "VL_hits1": 0.9648968845985081, "TR_hits10": 0.8385964912280702, "VL_hits10": 0.9719298245614035}