{"TR_hits1": 0.7172859450726979, "VL_hits1": 0.7221324717285945, "TR_hits10": 0.43870967741935485, "VL_hits10": 0.6645161290322581}