{"TR_hits1": 0.0016155088852988692, "VL_hits1": 0.0, "TR_hits10": 0.009693053311793215, "VL_hits10": 0.0064516129032258064}