{"TR_hits1": 0.3983050847457627, "VL_hits1": 0.37681159420289856, "TR_hits10": 0.43946731234866826, "VL_hits10": 0.4106280193236715}