{"TR_hits1": 0.3722871452420701, "VL_hits1": 0.3823038397328882, "TR_hits10": 0.30666666666666664, "VL_hits10": 0.34}