{"TR_hits1": 0.9332748024582967, "VL_hits1": 0.9438103599648815, "TR_hits10": 0.7403508771929824, "VL_hits10": 0.9087719298245615}