{"TR_hits1": 0.11272727272727273, "VL_hits1": 0.1111111111111111, "TR_hits10": 0.12484848484848485, "VL_hits10": 0.12077294685990338}