{"TR_hits1": 0.24764150943396226, "VL_hits1": 0.2300469483568075, "TR_hits10": 0.27476415094339623, "VL_hits10": 0.29577464788732394}