{"TR_hits1": 0.9185393258426966, "VL_hits1": 0.9508426966292135, "TR_hits10": 0.7247191011235955, "VL_hits10": 0.9269662921348315}