{"TR_hits1": 0.24320987654320989, "TS_hits1": 0.12059598287783997, "TR_hits10": 0.3851851851851852, "TS_hits10": 0.3502634178465591}