{"TR_hits1": 0.8962962962962963, "TS_hits1": 0.9135802469135802, "TR_hits10": 0.6307211063549556, "TS_hits10": 0.8631050378663154}