{"TR_hits1": 0.2606132075471698, "VL_hits1": 0.19248826291079812, "TR_hits10": 0.27358490566037735, "VL_hits10": 0.2347417840375587}