{"TR_hits1": 0.2627118644067797, "VL_hits1": 0.2898550724637681, "TR_hits10": 0.2772397094430993, "VL_hits10": 0.3285024154589372}