{"TR_hits1": 0.7458296751536435, "VL_hits1": 0.7559262510974539, "TR_hits10": 0.6807017543859649, "VL_hits10": 0.7228070175438597}