{"TR_hits1": 0.7265353418308227, "VL_hits1": 0.48148148148148145, "TR_hits10": 0.7636152954808807, "VL_hits10": 0.7685185185185185}