{"TR_hits1": 0.7623456790123457, "VL_hits1": 0.808641975308642, "TR_hits10": 0.5246913580246914, "VL_hits10": 0.7777777777777778}