{"TR_hits1": 0.9429323968393327, "VL_hits1": 0.9591747146619842, "TR_hits10": 0.8122807017543859, "VL_hits10": 0.9491228070175438}