{"TR_hits1": 0.328881469115192, "VL_hits1": 0.38564273789649417, "TR_hits10": 0.24, "VL_hits10": 0.28}