{"TR_hits1": 0.20040080160320642, "TS_hits1": 0.16504324078288576, "TR_hits10": 0.23947895791583165, "TS_hits10": 0.22330450614474284}