{"TR_hits1": 0.7722132471728594, "VL_hits1": 0.7819063004846527, "TR_hits10": 0.3935483870967742, "VL_hits10": 0.6580645161290323}