{"TR_hits1": 0.8072870939420544, "VL_hits1": 0.8099209833187007, "TR_hits10": 0.7473684210526316, "VL_hits10": 0.7947368421052632}