{"TR_hits1": 0.8112379280070237, "VL_hits1": 0.8129938542581212, "TR_hits10": 0.7157894736842105, "VL_hits10": 0.7526315789473684}