{"TR_hits1": 0.03878787878787879, "VL_hits1": 0.01932367149758454, "TR_hits10": 0.04363636363636364, "VL_hits10": 0.033816425120772944}