{"TR_hits1": 0.8852201257861635, "VL_hits1": 0.9308176100628931, "TR_hits10": 0.59375, "VL_hits10": 0.90625}