{"TR_hits1": 0.6390449438202247, "VL_hits1": 0.601123595505618, "TR_hits10": 0.6643258426966292, "VL_hits10": 0.6460674157303371}