{"TR_hits1": 0.5252100840336135, "VL_hits1": 0.5280112044817927, "TR_hits10": 0.5083798882681564, "VL_hits10": 0.5083798882681564}