{"TR_hits1": 0.2328767123287671, "VL_hits1": 0.22268907563025211, "TR_hits10": 0.26870389884088514, "VL_hits10": 0.2689075630252101}