{"TR_hits1": 0.4734982332155477, "VL_hits1": 0.39906103286384975, "TR_hits10": 0.5123674911660777, "VL_hits10": 0.4413145539906103}