{"TR_hits1": 0.41659350307287096, "VL_hits1": 0.4231782265144864, "TR_hits10": 0.4280701754385965, "VL_hits10": 0.43859649122807015}