{"TR_hits1": 0.6106233538191396, "VL_hits1": 0.6549604916593503, "TR_hits10": 0.6052631578947368, "VL_hits10": 0.6666666666666666}