{"TR_hits1": 0.28587962962962965, "VL_hits1": 0.2962962962962963, "TR_hits10": 0.3113425925925926, "VL_hits10": 0.35648148148148145}