{"TR_hits1": 0.8831385642737897, "VL_hits1": 0.9031719532554258, "TR_hits10": 0.5866666666666667, "VL_hits10": 0.8733333333333333}