{"TR_hits1": 0.0, "VL_hits1": 0.0, "TR_hits10": 0.006053268765133172, "VL_hits10": 0.004830917874396135}