{"TR_hits1": 0.39398998330550916, "VL_hits1": 0.42237061769616024, "TR_hits10": 0.35333333333333333, "VL_hits10": 0.4066666666666667}