{"TR_hits1": 0.9148148148148149, "TS_hits1": 0.3399562215861256, "TR_hits10": 0.9638888888888889, "TS_hits10": 0.621569287758882}