{"TR_hits1": 0.34223706176961605, "VL_hits1": 0.34390651085141904, "TR_hits10": 0.24666666666666667, "VL_hits10": 0.2866666666666667}