{"TR_hits1": 0.5194942044257113, "VL_hits1": 0.5168067226890757, "TR_hits10": 0.5247629083245522, "VL_hits10": 0.5210084033613446}