{"TR_hits1": 0.03009259259259259, "VL_hits1": 0.018518518518518517, "TR_hits10": 0.03587962962962963, "VL_hits10": 0.027777777777777776}