{"TR_hits1": 0.9420798595875384, "VL_hits1": 0.9653356735410268, "TR_hits10": 0.8210526315789474, "VL_hits10": 0.9508771929824561}