{"TR_hits1": 0.3643867924528302, "VL_hits1": 0.29107981220657275, "TR_hits10": 0.392688679245283, "VL_hits10": 0.3380281690140845}