{"TR_hits1": 0.3137254901960784, "VL_hits1": 0.3333333333333333, "TR_hits10": 0.33519553072625696, "VL_hits10": 0.3743016759776536}