{"TR_hits1": 0.5856741573033708, "VL_hits1": 0.5337078651685393, "TR_hits10": 0.6657303370786517, "VL_hits10": 0.6235955056179775}