{"TR_hits1": 0.5138888888888888, "VL_hits1": 0.4691358024691358, "TR_hits10": 0.5972222222222222, "VL_hits10": 0.5802469135802469}