{"TR_hits1": 0.31401475237091675, "VL_hits1": 0.2857142857142857, "TR_hits10": 0.36037934668071653, "VL_hits10": 0.31932773109243695}