{"TR_hits1": 0.8411949685534591, "VL_hits1": 0.8632075471698113, "TR_hits10": 0.575, "VL_hits10": 0.825}