{"TR_hits1": 0.8361344537815126, "TS_hits1": 0.7227783296401009, "TR_hits10": 0.8613445378151261, "TS_hits10": 0.7899442194544204}