{"TR_hits1": 0.7769973661106233, "VL_hits1": 0.7844600526777875, "TR_hits10": 0.7035087719298245, "VL_hits10": 0.7473684210526316}