{"TR_hits1": 0.7393483709273183, "VL_hits1": 0.465, "TR_hits10": 0.7656641604010025, "VL_hits10": 0.74}