{"TR_hits1": 0.4090150250417362, "VL_hits1": 0.44407345575959933, "TR_hits10": 0.35333333333333333, "VL_hits10": 0.44}