{"TR_hits1": 0.48914858096828046, "VL_hits1": 0.5266666666666666, "TR_hits10": 0.5943238731218697, "VL_hits10": 0.6066666666666667}