{"TR_hits1": 0.5304621848739496, "VL_hits1": 0.4789915966386555, "TR_hits10": 0.5409663865546218, "VL_hits10": 0.5}