{"TR_hits1": 0.6733490566037735, "VL_hits1": 0.431924882629108, "TR_hits10": 0.7193396226415094, "VL_hits10": 0.7511737089201878}