{"TR_hits1": 0.42887249736564803, "VL_hits1": 0.4831932773109244, "TR_hits10": 0.46891464699683877, "VL_hits10": 0.5168067226890757}