{"TR_hits1": 0.9449081803005008, "VL_hits1": 0.9465776293823038, "TR_hits10": 0.6133333333333333, "VL_hits10": 0.9}