{"TR_hits1": 0.8823529411764706, "VL_hits1": 0.9369747899159664, "TR_hits10": 0.7318435754189944, "VL_hits10": 0.9441340782122905}