{"TR_hits1": 0.1964956195244055, "VL_hits1": 0.19, "TR_hits10": 0.2490613266583229, "VL_hits10": 0.27}