{"TR_hits1": 0.8113522537562604, "VL_hits1": 0.8530884808013356, "TR_hits10": 0.54, "VL_hits10": 0.84}