{"TR_hits1": 0.8852201257861635, "VL_hits1": 0.8915094339622641, "TR_hits10": 0.46875, "VL_hits10": 0.775}