{"TR_hits1": 0.5340453938584779, "TS_hits1": 0.20072992700729927, "TR_hits10": 0.5380507343124166, "TS_hits10": 0.502492433683461}