{"TR_hits1": 0.8878504672897196, "TS_hits1": 0.9012016021361816, "TR_hits10": 0.6089549581627203, "TS_hits10": 0.8552608153818765}