{"TR_hits1": 0.16627358490566038, "VL_hits1": 0.19248826291079812, "TR_hits10": 0.2099056603773585, "VL_hits10": 0.22535211267605634}