{"TR_hits1": 0.9223002633889377, "VL_hits1": 0.9460052677787533, "TR_hits10": 0.8122807017543859, "VL_hits10": 0.9473684210526315}