{"TR_hits1": 0.038580246913580245, "VL_hits1": 0.11419753086419752, "TR_hits10": 0.043209876543209874, "VL_hits10": 0.17901234567901234}