{"TR_hits1": 0.9490781387181738, "VL_hits1": 0.9683933274802459, "TR_hits10": 0.8333333333333334, "VL_hits10": 0.956140350877193}