{"TR_hits1": 0.44240400667779634, "VL_hits1": 0.4524207011686144, "TR_hits10": 0.38, "VL_hits10": 0.44666666666666666}