{"TR_hits1": 0.5294117647058824, "VL_hits1": 0.49159663865546216, "TR_hits10": 0.5336134453781513, "VL_hits10": 0.5210084033613446}