{"TR_hits1": 0.5776942355889725, "VL_hits1": 0.425, "TR_hits10": 0.5877192982456141, "VL_hits10": 0.51}