{"TR_hits1": 0.6935908691834943, "VL_hits1": 0.7142230026338894, "TR_hits10": 0.6017543859649123, "VL_hits10": 0.6473684210526316}