{"TR_hits1": 0.3739495798319328, "VL_hits1": 0.37815126050420167, "TR_hits10": 0.40336134453781514, "VL_hits10": 0.41596638655462187}