{"TR_hits1": 0.0425531914893617, "VL_hits1": 0.02, "TR_hits10": 0.057571964956195244, "VL_hits10": 0.04}