{"TR_hits1": 0.04881101376720901, "VL_hits1": 0.035, "TR_hits10": 0.08760951188986232, "VL_hits10": 0.085}