{"TR_hits1": 0.7243195785776997, "VL_hits1": 0.7273924495171202, "TR_hits10": 0.6298245614035087, "VL_hits10": 0.656140350877193}