{"TR_hits1": 0.3286219081272085, "VL_hits1": 0.23943661971830985, "TR_hits10": 0.35335689045936397, "VL_hits10": 0.29107981220657275}