{"TR_hits1": 0.9465408805031447, "VL_hits1": 0.9638364779874213, "TR_hits10": 0.61875, "VL_hits10": 0.88125}