{"TR_hits1": 0.6905179982440738, "VL_hits1": 0.699297629499561, "TR_hits10": 0.5578947368421052, "VL_hits10": 0.6157894736842106}