{"TR_hits1": 0.5280948200175593, "VL_hits1": 0.611062335381914, "TR_hits10": 0.5385964912280702, "VL_hits10": 0.6175438596491228}