{"TR_hits1": 0.9256661991584852, "VL_hits1": 0.9438990182328191, "TR_hits10": 0.7877094972067039, "VL_hits10": 0.9329608938547486}