{"TR_hits1": 0.5092186128182616, "VL_hits1": 0.5210711150131695, "TR_hits10": 0.4842105263157895, "VL_hits10": 0.5140350877192983}