{"TR_hits1": 0.36363636363636365, "VL_hits1": 0.3285024154589372, "TR_hits10": 0.38666666666666666, "VL_hits10": 0.3719806763285024}