{"TR_hits1": 0.2668776371308017, "VL_hits1": 0.23949579831932774, "TR_hits10": 0.2974683544303797, "VL_hits10": 0.31932773109243695}