{"TR_hits1": 0.790258885476086, "VL_hits1": 0.8060552874067574, "TR_hits10": 0.712280701754386, "VL_hits10": 0.7631578947368421}