{"TR_hits1": 0.28661749209694415, "VL_hits1": 0.2605042016806723, "TR_hits10": 0.3445732349841939, "VL_hits10": 0.3067226890756303}