{"TR_hits1": 0.9472693032015066, "TS_hits1": 0.5827621658670322, "TR_hits10": 0.9811676082862524, "TS_hits10": 0.8463845099383139}