{"TR_hits1": 0.7040673211781207, "VL_hits1": 0.7110799438990182, "TR_hits10": 0.5307262569832403, "VL_hits10": 0.5921787709497207}