{"TR_hits1": 0.7607550482879719, "VL_hits1": 0.7721685689201053, "TR_hits10": 0.712280701754386, "VL_hits10": 0.7403508771929824}