{"TR_hits1": 0.5287517531556802, "VL_hits1": 0.6325385694249649, "TR_hits10": 0.4860335195530726, "VL_hits10": 0.5810055865921788}