{"TR_hits1": 0.9101123595505618, "VL_hits1": 0.9339887640449438, "TR_hits10": 0.6853932584269663, "VL_hits10": 0.9044943820224719}