{"TR_hits1": 0.5430201931518877, "VL_hits1": 0.5798946444249341, "TR_hits10": 0.531578947368421, "VL_hits10": 0.5736842105263158}