{"TR_hits1": 0.5572619569986836, "VL_hits1": 0.573058358929355, "TR_hits10": 0.5052631578947369, "VL_hits10": 0.5491228070175439}