{"TR_hits1": 0.889937106918239, "VL_hits1": 0.9182389937106918, "TR_hits10": 0.6289308176100629, "VL_hits10": 0.8616352201257862}