{"TR_hits1": 0.31485849056603776, "VL_hits1": 0.2863849765258216, "TR_hits10": 0.33490566037735847, "VL_hits10": 0.323943661971831}