{"TR_hits1": 0.9223002633889377, "VL_hits1": 0.9569798068481123, "TR_hits10": 0.8035087719298246, "VL_hits10": 0.9368421052631579}