{"TR_hits1": 0.680672268907563, "VL_hits1": 0.6862745098039216, "TR_hits10": 0.5251396648044693, "VL_hits10": 0.5865921787709497}