{"TR_hits1": 0.7564516129032258, "VL_hits1": 0.8758064516129033, "TR_hits10": 0.535483870967742, "VL_hits10": 0.8387096774193549}