{"TR_hits1": 0.7096774193548387, "VL_hits1": 0.7223001402524544, "TR_hits10": 0.659217877094972, "VL_hits10": 0.6703910614525139}