{"TR_hits1": 0.7885802469135802, "VL_hits1": 0.7932098765432098, "TR_hits10": 0.49382716049382713, "VL_hits10": 0.7592592592592593}