{"TR_hits1": 0.5110642781875658, "VL_hits1": 0.40336134453781514, "TR_hits10": 0.5184404636459431, "VL_hits10": 0.42016806722689076}