{"TR_hits1": 0.3756260434056761, "VL_hits1": 0.4073455759599332, "TR_hits10": 0.3333333333333333, "VL_hits10": 0.38}