{"TR_hits1": 0.7407407407407407, "VL_hits1": 0.7731481481481481, "TR_hits10": 0.4382716049382716, "VL_hits10": 0.7222222222222222}