{"TR_hits1": 0.33709273182957394, "VL_hits1": 0.24, "TR_hits10": 0.38095238095238093, "VL_hits10": 0.31}