{"avg_TR_hits1": 0.6784474078650785, "std_TR_hits1": 0.19294345724602244, "avg_TS_hits1": 0.3906626704964758, "std_TS_hits1": 0.07121720532247845, "avg_TR_hits10": 0.7588539342555407, "std_TR_hits10": 0.2127865935563587, "avg_TS_hits10": 0.5203409934950386, "std_TS_hits10": 0.09145918799194763}