{"TR_hits1": 0.4540901502504174, "VL_hits1": 0.4557595993322204, "TR_hits10": 0.35333333333333333, "VL_hits10": 0.38}