{"TR_hits1": 0.3656093489148581, "VL_hits1": 0.3772954924874791, "TR_hits10": 0.3933333333333333, "VL_hits10": 0.3933333333333333}