{"TR_hits1": 0.4028268551236749, "VL_hits1": 0.27230046948356806, "TR_hits10": 0.4275618374558304, "VL_hits10": 0.3568075117370892}