{"TR_hits1": 0.7916666666666666, "VL_hits1": 0.8040123456790124, "TR_hits10": 0.5432098765432098, "VL_hits10": 0.7530864197530864}