{"TR_hits1": 0.6978998384491115, "VL_hits1": 0.7124394184168013, "TR_hits10": 0.4129032258064516, "VL_hits10": 0.6903225806451613}