{"TR_hits1": 0.2397094430992736, "VL_hits1": 0.2222222222222222, "TR_hits10": 0.2736077481840194, "VL_hits10": 0.25120772946859904}