{"TR_hits1": 0.39937106918238996, "VL_hits1": 0.4375, "TR_hits10": 0.5, "VL_hits10": 0.53125}