{"TR_hits1": 0.8916191311978938, "VL_hits1": 0.8946906537955244, "TR_hits10": 0.7929824561403509, "VL_hits10": 0.8473684210526315}