{"TR_hits1": 0.33718487394957986, "VL_hits1": 0.31512605042016806, "TR_hits10": 0.39705882352941174, "VL_hits10": 0.36134453781512604}