{"TR_hits1": 0.48050579557428874, "VL_hits1": 0.46638655462184875, "TR_hits10": 0.5184404636459431, "VL_hits10": 0.5168067226890757}