{"TR_hits1": 0.567603160667252, "VL_hits1": 0.5768217734855136, "TR_hits10": 0.5526315789473685, "VL_hits10": 0.5631578947368421}