{"TR_hits1": 0.7660228270412642, "VL_hits1": 0.7748024582967515, "TR_hits10": 0.6982456140350877, "VL_hits10": 0.7403508771929824}