{"TR_hits1": 0.37735849056603776, "VL_hits1": 0.4084507042253521, "TR_hits10": 0.4410377358490566, "VL_hits10": 0.4694835680751174}