{"TR_hits1": 0.9561018437225637, "VL_hits1": 0.9688323090430202, "TR_hits10": 0.8508771929824561, "VL_hits10": 0.9526315789473684}