{"TR_hits1": 0.514726507713885, "VL_hits1": 0.5245441795231417, "TR_hits10": 0.441340782122905, "VL_hits10": 0.46368715083798884}