{"TR_hits1": 0.9677871148459384, "VL_hits1": 0.9761904761904762, "TR_hits10": 0.7206703910614525, "VL_hits10": 0.8938547486033519}