{"TR_hits1": 0.3523002421307506, "VL_hits1": 0.3285024154589372, "TR_hits10": 0.3789346246973366, "VL_hits10": 0.3719806763285024}