{"TR_hits1": 0.8725806451612903, "VL_hits1": 0.885483870967742, "TR_hits10": 0.49032258064516127, "VL_hits10": 0.7870967741935484}