{"TR_hits1": 0.9523809523809523, "VL_hits1": 0.9607843137254902, "TR_hits10": 0.6983240223463687, "VL_hits10": 0.8547486033519553}