{"TR_hits1": 0.3879849812265332, "VL_hits1": 0.4, "TR_hits10": 0.4493116395494368, "VL_hits10": 0.47}