{"TR_hits1": 0.6385658914728682, "TS_hits1": 0.4107598837721229, "TR_hits10": 0.6637596899224806, "TS_hits10": 0.6856564233512371}