{"TR_hits1": 0.8428446005267779, "VL_hits1": 0.8467954345917471, "TR_hits10": 0.7543859649122807, "VL_hits10": 0.8210526315789474}