{"TR_hits1": 0.9446883230904302, "VL_hits1": 0.9561018437225637, "TR_hits10": 0.8035087719298246, "VL_hits10": 0.9631578947368421}