{"TR_hits1": 0.15046296296296297, "VL_hits1": 0.1527777777777778, "TR_hits10": 0.2152777777777778, "VL_hits10": 0.2175925925925926}