{"TR_hits1": 0.6782700421940928, "VL_hits1": 0.6260504201680672, "TR_hits10": 0.6856540084388185, "VL_hits10": 0.6596638655462185}