{"TR_hits1": 0.7641357027463651, "VL_hits1": 0.7722132471728594, "TR_hits10": 0.4645161290322581, "VL_hits10": 0.7419354838709677}