{"TR_hits1": 0.9339887640449438, "VL_hits1": 0.9396067415730337, "TR_hits10": 0.7696629213483146, "VL_hits10": 0.9044943820224719}