{"TR_hits1": 0.815269855199649, "VL_hits1": 0.8179025888547609, "TR_hits10": 0.7280701754385965, "VL_hits10": 0.7736842105263158}