{"TR_hits1": 0.9368863955119214, "VL_hits1": 0.9438990182328191, "TR_hits10": 0.7318435754189944, "VL_hits10": 0.9217877094972067}