{"TR_hits1": 0.2085747392815759, "VL_hits1": 0.19444444444444445, "TR_hits10": 0.2410196987253766, "VL_hits10": 0.23148148148148148}