{"TR_hits1": 0.19548872180451127, "VL_hits1": 0.205, "TR_hits10": 0.23558897243107768, "VL_hits10": 0.28}