{"TR_hits1": 0.9108867427568043, "VL_hits1": 0.9363476733977173, "TR_hits10": 0.756140350877193, "VL_hits10": 0.9491228070175438}