{"TR_hits1": 0.34787735849056606, "VL_hits1": 0.2112676056338028, "TR_hits10": 0.35023584905660377, "VL_hits10": 0.23943661971830985}