{"TR_hits1": 0.40569020021074814, "VL_hits1": 0.4117647058823529, "TR_hits10": 0.42571127502634354, "VL_hits10": 0.42016806722689076}