{"TR_hits1": 0.699297629499561, "VL_hits1": 0.7168568920105356, "TR_hits10": 0.6824561403508772, "VL_hits10": 0.7087719298245614}