{"TR_hits1": 0.9732338745063625, "VL_hits1": 0.98376480912681, "TR_hits10": 0.8385964912280702, "VL_hits10": 0.9649122807017544}