{"TR_hits1": 0.908835904628331, "VL_hits1": 0.9270687237026648, "TR_hits10": 0.776536312849162, "VL_hits10": 0.8994413407821229}