{"TR_hits1": 0.3609022556390977, "VL_hits1": 0.305, "TR_hits10": 0.39348370927318294, "VL_hits10": 0.33}