{"TR_hits1": 0.8932584269662921, "VL_hits1": 0.9213483146067416, "TR_hits10": 0.6853932584269663, "VL_hits10": 0.9157303370786517}