{"TR_hits1": 0.6331719128329297, "VL_hits1": 0.38164251207729466, "TR_hits10": 0.6864406779661016, "VL_hits10": 0.6328502415458938}