{"TR_hits1": 0.5596072931276297, "VL_hits1": 0.5778401122019635, "TR_hits10": 0.41899441340782123, "VL_hits10": 0.4748603351955307}