{"TR_hits1": 0.6358543417366946, "VL_hits1": 0.6372549019607843, "TR_hits10": 0.5754189944134078, "VL_hits10": 0.5977653631284916}