{"TR_hits1": 0.22159887798036465, "VL_hits1": 0.23422159887798036, "TR_hits10": 0.18435754189944134, "VL_hits10": 0.20670391061452514}