{"TR_hits1": 0.38397328881469117, "VL_hits1": 0.41736227045075125, "TR_hits10": 0.26666666666666666, "VL_hits10": 0.36666666666666664}