{"TR_hits1": 0.49081803005008345, "VL_hits1": 0.4666666666666667, "TR_hits10": 0.5843071786310517, "VL_hits10": 0.5466666666666666}