{"TR_hits1": 0.7775683317624882, "TS_hits1": 0.606185213741112, "TR_hits10": 0.8567389255419415, "TS_hits10": 0.6902253062623147}