{"TR_hits1": 0.19212962962962962, "VL_hits1": 0.17592592592592593, "TR_hits10": 0.22916666666666666, "VL_hits10": 0.2222222222222222}