{"TR_hits1": 0.4411764705882353, "VL_hits1": 0.530812324929972, "TR_hits10": 0.36312849162011174, "VL_hits10": 0.4748603351955307}