{"TR_hits1": 0.28213689482470783, "VL_hits1": 0.2988313856427379, "TR_hits10": 0.28, "VL_hits10": 0.3466666666666667}