{"TR_hits1": 0.2983490566037736, "VL_hits1": 0.2535211267605634, "TR_hits10": 0.33726415094339623, "VL_hits10": 0.30985915492957744}