{"TR_hits1": 0.8352180936995154, "VL_hits1": 0.8352180936995154, "TR_hits10": 0.5225806451612903, "VL_hits10": 0.8129032258064516}