{"TR_hits1": 0.922739244951712, "VL_hits1": 0.9508340649692713, "TR_hits10": 0.8403508771929824, "VL_hits10": 0.9438596491228071}