{"TR_hits1": 0.480546792849632, "VL_hits1": 0.42857142857142855, "TR_hits10": 0.5005257623554153, "VL_hits10": 0.4957983193277311}