{"TR_hits1": 0.046365914786967416, "VL_hits1": 0.025, "TR_hits10": 0.07393483709273183, "VL_hits10": 0.09}