{"TR_hits1": 0.8877980364656382, "VL_hits1": 0.9102384291725105, "TR_hits10": 0.6815642458100558, "VL_hits10": 0.888268156424581}