{"TR_hits1": 0.27545909849749584, "VL_hits1": 0.3055091819699499, "TR_hits10": 0.18, "VL_hits10": 0.23333333333333334}