{"TR_hits1": 0.49516129032258066, "VL_hits1": 0.4645161290322581, "TR_hits10": 0.6, "VL_hits10": 0.5806451612903226}