{"TR_hits1": 0.6940298507462687, "VL_hits1": 0.7036874451273046, "TR_hits10": 0.6263157894736842, "VL_hits10": 0.6526315789473685}