{"TR_hits1": 0.7696358051777096, "VL_hits1": 0.7718297498903027, "TR_hits10": 0.6894736842105263, "VL_hits10": 0.7315789473684211}