{"TR_hits1": 0.6988586479367866, "VL_hits1": 0.704126426690079, "TR_hits10": 0.5824561403508772, "VL_hits10": 0.6350877192982456}