{"TR_hits1": 0.9775280898876404, "VL_hits1": 0.9873595505617978, "TR_hits10": 0.7988826815642458, "VL_hits10": 0.9329608938547486}