{"TR_hits1": 0.7151009657594382, "VL_hits1": 0.7269534679543459, "TR_hits10": 0.5771929824561404, "VL_hits10": 0.6192982456140351}