{"TR_hits1": 0.8183413777972796, "VL_hits1": 0.8301886792452831, "TR_hits10": 0.7368421052631579, "VL_hits10": 0.7631578947368421}