{"TR_hits1": 0.2028301886792453, "VL_hits1": 0.20187793427230047, "TR_hits10": 0.23938679245283018, "VL_hits10": 0.24882629107981222}