{"TR_hits1": 0.4267834793491865, "VL_hits1": 0.4, "TR_hits10": 0.4806007509386733, "VL_hits10": 0.455}