{"TR_hits1": 0.34837962962962965, "VL_hits1": 0.3333333333333333, "TR_hits10": 0.4224537037037037, "VL_hits10": 0.3888888888888889}