{"TR_hits1": 0.5666199158485273, "VL_hits1": 0.5708274894810659, "TR_hits10": 0.4581005586592179, "VL_hits10": 0.4748603351955307}