{"TR_hits1": 0.32398316970546986, "VL_hits1": 0.332398316970547, "TR_hits10": 0.3240223463687151, "VL_hits10": 0.329608938547486}