{"TR_hits1": 0.637999122422115, "VL_hits1": 0.6634488810881966, "TR_hits10": 0.6192982456140351, "VL_hits10": 0.6631578947368421}