{"TR_hits1": 0.8632075471698113, "VL_hits1": 0.8773584905660378, "TR_hits10": 0.5125, "VL_hits10": 0.81875}