{"TR_hits1": 0.31856540084388185, "VL_hits1": 0.2605042016806723, "TR_hits10": 0.33860759493670883, "VL_hits10": 0.29411764705882354}