{"TR_hits1": 0.41087962962962965, "VL_hits1": 0.3055555555555556, "TR_hits10": 0.42592592592592593, "VL_hits10": 0.3472222222222222}