{"TR_hits1": 0.8773584905660378, "VL_hits1": 0.89937106918239, "TR_hits10": 0.5625, "VL_hits10": 0.85}