{"TR_hits1": 0.5304621848739496, "VL_hits1": 0.48739495798319327, "TR_hits10": 0.5913865546218487, "VL_hits10": 0.5336134453781513}