{"TR_hits1": 0.5122914837576822, "VL_hits1": 0.5860403863037752, "TR_hits10": 0.5175438596491229, "VL_hits10": 0.5912280701754385}