{"TR_hits1": 0.8160377358490566, "VL_hits1": 0.8836477987421384, "TR_hits10": 0.49375, "VL_hits10": 0.7875}