{"TR_hits1": 0.5040387722132472, "VL_hits1": 0.4258064516129032, "TR_hits10": 0.5573505654281099, "VL_hits10": 0.47096774193548385}