{"TR_hits1": 0.33726415094339623, "VL_hits1": 0.27230046948356806, "TR_hits10": 0.357311320754717, "VL_hits10": 0.29107981220657275}