{"TR_hits1": 0.6659663865546218, "VL_hits1": 0.5630252100840336, "TR_hits10": 0.6995798319327731, "VL_hits10": 0.6386554621848739}