{"TR_hits1": 0.001755926251097454, "VL_hits1": 0.005706760316066725, "TR_hits10": 0.0017543859649122807, "VL_hits10": 0.0035087719298245615}