{"TR_hits1": 0.14814814814814814, "VL_hits1": 0.12962962962962962, "TR_hits10": 0.21180555555555555, "VL_hits10": 0.17592592592592593}