{"TR_hits1": 0.601890756302521, "VL_hits1": 0.6386554621848739, "TR_hits10": 0.6617647058823529, "VL_hits10": 0.6974789915966386}