{"TR_hits1": 0.28459119496855345, "VL_hits1": 0.07547169811320754, "TR_hits10": 0.35377358490566035, "VL_hits10": 0.3018867924528302}