{"TR_hits1": 0.7688679245283019, "VL_hits1": 0.7971698113207547, "TR_hits10": 0.4528301886792453, "VL_hits10": 0.7169811320754716}