{"TR_hits1": 0.8637640449438202, "VL_hits1": 0.922752808988764, "TR_hits10": 0.7134831460674157, "VL_hits10": 0.9044943820224719}