{"TR_hits1": 0.2428035043804756, "VL_hits1": 0.25, "TR_hits10": 0.27284105131414266, "VL_hits10": 0.31}