{"TR_hits1": 0.2608695652173913, "VL_hits1": 0.302945301542777, "TR_hits10": 0.18435754189944134, "VL_hits10": 0.25139664804469275}