{"TR_hits1": 0.47453703703703703, "VL_hits1": 0.41203703703703703, "TR_hits10": 0.4965277777777778, "VL_hits10": 0.47685185185185186}