{"TR_hits1": 0.28601472134595163, "VL_hits1": 0.23109243697478993, "TR_hits10": 0.31230283911671924, "VL_hits10": 0.31092436974789917}