{"TR_hits1": 0.509090909090909, "VL_hits1": 0.41545893719806765, "TR_hits10": 0.5321212121212121, "VL_hits10": 0.4975845410628019}