{"TR_hits1": 0.4859525899912204, "VL_hits1": 0.5605794556628622, "TR_hits10": 0.4842105263157895, "VL_hits10": 0.543859649122807}