{"TR_hits1": 0.7854938271604939, "VL_hits1": 0.7993827160493827, "TR_hits10": 0.5617283950617284, "VL_hits10": 0.7222222222222222}