{"TR_hits1": 0.5021949078138718, "VL_hits1": 0.5741878841088675, "TR_hits10": 0.5017543859649123, "VL_hits10": 0.5842105263157895}