{"TR_hits1": 0.437046004842615, "VL_hits1": 0.34782608695652173, "TR_hits10": 0.4891041162227603, "VL_hits10": 0.4057971014492754}