{"TR_hits1": 0.956540825285338, "VL_hits1": 0.9675153643546971, "TR_hits10": 0.8228070175438597, "VL_hits10": 0.9421052631578948}