{"TR_hits1": 0.5974754558204769, "VL_hits1": 0.547486033519553, "TR_hits10": 0.6732117812061711, "VL_hits10": 0.6256983240223464}