{"TR_hits1": 0.605890603085554, "VL_hits1": 0.6143057503506312, "TR_hits10": 0.44692737430167595, "VL_hits10": 0.5195530726256983}