{"TR_hits1": 0.14858490566037735, "VL_hits1": 0.1267605633802817, "TR_hits10": 0.20872641509433962, "VL_hits10": 0.18309859154929578}