{"TR_hits1": 0.7405618964003512, "VL_hits1": 0.7554872695346796, "TR_hits10": 0.7017543859649122, "VL_hits10": 0.7403508771929824}