{"TR_hits1": 0.6802244039270687, "VL_hits1": 0.6802244039270687, "TR_hits10": 0.5586592178770949, "VL_hits10": 0.6089385474860335}