{"TR_hits1": 0.1875, "VL_hits1": 0.12206572769953052, "TR_hits10": 0.22523584905660377, "VL_hits10": 0.1643192488262911}