{"TR_hits1": 0.4921212121212121, "VL_hits1": 0.30434782608695654, "TR_hits10": 0.49575757575757573, "VL_hits10": 0.33816425120772947}