{"TR_hits1": 0.6877637130801688, "VL_hits1": 0.6680672268907563, "TR_hits10": 0.7109704641350211, "VL_hits10": 0.7100840336134454}