{"TR_hits1": 0.8568920105355575, "VL_hits1": 0.858647936786655, "TR_hits10": 0.775438596491228, "VL_hits10": 0.8122807017543859}