{"TR_hits1": 0.6186974789915967, "VL_hits1": 0.5546218487394958, "TR_hits10": 0.6323529411764706, "VL_hits10": 0.5756302521008403}