{"TR_hits1": 0.8580402010050251, "TS_hits1": 0.3275255486681186, "TR_hits10": 0.9346733668341709, "TS_hits10": 0.6528731780867817}