{"TR_hits1": 0.9434673366834171, "TS_hits1": 0.9899497487437185, "TR_hits10": 0.618947897470263, "TS_hits10": 0.8674819902831296}