{"TR_hits1": 0.31886477462437396, "VL_hits1": 0.32220367278797996, "TR_hits10": 0.2733333333333333, "VL_hits10": 0.2866666666666667}