{"TR_hits1": 0.49054621848739494, "VL_hits1": 0.3697478991596639, "TR_hits10": 0.5189075630252101, "VL_hits10": 0.46218487394957986}