{"TR_hits1": 0.7453703703703703, "VL_hits1": 0.7777777777777778, "TR_hits10": 0.48148148148148145, "VL_hits10": 0.7777777777777778}