{"TR_hits1": 0.25, "VL_hits1": 0.2647058823529412, "TR_hits10": 0.31092436974789917, "VL_hits10": 0.3277310924369748}