{"TR_hits1": 0.4271708683473389, "VL_hits1": 0.4565826330532213, "TR_hits10": 0.3743016759776536, "VL_hits10": 0.4245810055865922}