{"TR_hits1": 0.3121869782971619, "VL_hits1": 0.3121869782971619, "TR_hits10": 0.25333333333333335, "VL_hits10": 0.26}