{"TR_hits1": 0.16165413533834586, "VL_hits1": 0.18, "TR_hits10": 0.21804511278195488, "VL_hits10": 0.23}