{"TR_hits1": 0.2711864406779661, "VL_hits1": 0.1932367149758454, "TR_hits10": 0.2929782082324455, "VL_hits10": 0.24154589371980675}