{"TR_hits1": 0.6342592592592593, "VL_hits1": 0.5123456790123457, "TR_hits10": 0.6805555555555556, "VL_hits10": 0.5987654320987654}