{"TR_hits1": 0.23958333333333334, "VL_hits1": 0.125, "TR_hits10": 0.2881944444444444, "VL_hits10": 0.19907407407407407}