{"TR_hits1": 0.29976851851851855, "VL_hits1": 0.2962962962962963, "TR_hits10": 0.3414351851851852, "VL_hits10": 0.33796296296296297}