{"TR_hits1": 0.92756804214223, "VL_hits1": 0.9534679543459175, "TR_hits10": 0.8122807017543859, "VL_hits10": 0.9280701754385965}