{"TR_hits1": 0.4636459430979979, "VL_hits1": 0.38235294117647056, "TR_hits10": 0.46996838777660693, "VL_hits10": 0.4117647058823529}