{"TR_hits1": 0.9270687237026648, "VL_hits1": 0.9270687237026648, "TR_hits10": 0.6536312849162011, "VL_hits10": 0.8491620111731844}