{"TR_hits1": 0.49842767295597484, "VL_hits1": 0.45625, "TR_hits10": 0.5817610062893082, "VL_hits10": 0.55625}