{"TR_hits1": 0.2287145242070117, "VL_hits1": 0.24373956594323873, "TR_hits10": 0.24, "VL_hits10": 0.29333333333333333}