{"TR_hits1": 0.9297752808988764, "VL_hits1": 0.9396067415730337, "TR_hits10": 0.6853932584269663, "VL_hits10": 0.9157303370786517}