{"TR_hits1": 0.6963580517770952, "VL_hits1": 0.7055726195699868, "TR_hits10": 0.5473684210526316, "VL_hits10": 0.6228070175438597}