{"TR_hits1": 0.9508426966292135, "VL_hits1": 0.9592696629213483, "TR_hits10": 0.7247191011235955, "VL_hits10": 0.9325842696629213}