{"TR_hits1": 0.8749451513821852, "VL_hits1": 0.9521720052654673, "TR_hits10": 0.8087719298245614, "VL_hits10": 0.9473684210526315}