{"TR_hits1": 0.6395511921458625, "VL_hits1": 0.6423562412342216, "TR_hits10": 0.5586592178770949, "VL_hits10": 0.5865921787709497}