{"TR_hits1": 0.5511921458625526, "VL_hits1": 0.5582047685834503, "TR_hits10": 0.5139664804469274, "VL_hits10": 0.5195530726256983}