{"TR_hits1": 0.720679012345679, "VL_hits1": 0.7901234567901234, "TR_hits10": 0.5493827160493827, "VL_hits10": 0.7469135802469136}