{"TR_hits1": 0.6747685185185185, "VL_hits1": 0.4537037037037037, "TR_hits10": 0.7233796296296297, "VL_hits10": 0.7314814814814815}