{"TR_hits1": 0.7802907915993538, "VL_hits1": 0.7883683360258481, "TR_hits10": 0.4064516129032258, "VL_hits10": 0.6516129032258065}