{"TR_hits1": 0.8121158911325724, "VL_hits1": 0.8156277436347673, "TR_hits10": 0.7385964912280701, "VL_hits10": 0.7859649122807018}