{"TR_hits1": 0.22995283018867924, "VL_hits1": 0.26291079812206575, "TR_hits10": 0.24528301886792453, "VL_hits10": 0.2863849765258216}