{"avg_TR_hits1": 0.8173932469657944, "std_TR_hits1": 0.15850806900387188, "avg_TS_hits1": 0.3970914011231586, "std_TS_hits1": 0.08728087272044682, "avg_TR_hits10": 0.8682305451649, "std_TR_hits10": 0.15496129334194975, "avg_TS_hits10": 0.6992434288462007, "std_TS_hits10": 0.11004028920186276}