{"TR_hits1": 0.4290484140233723, "VL_hits1": 0.35333333333333333, "TR_hits10": 0.46410684474123537, "VL_hits10": 0.44}