{"TR_hits1": 0.47334410339256866, "VL_hits1": 0.432258064516129, "TR_hits10": 0.5573505654281099, "VL_hits10": 0.535483870967742}