{"TR_hits1": 0.22537562604340566, "VL_hits1": 0.24040066777963273, "TR_hits10": 0.2, "VL_hits10": 0.25333333333333335}