{"TR_hits1": 0.20833333333333334, "VL_hits1": 0.1388888888888889, "TR_hits10": 0.24768518518518517, "VL_hits10": 0.21296296296296297}