{"TR_hits1": 0.5252100840336135, "VL_hits1": 0.530812324929972, "TR_hits10": 0.48044692737430167, "VL_hits10": 0.5083798882681564}