{"TR_hits1": 0.35084033613445376, "VL_hits1": 0.3907563025210084, "TR_hits10": 0.37815126050420167, "VL_hits10": 0.41596638655462187}