{"TR_hits1": 0.5733099209833187, "VL_hits1": 0.5794556628621598, "TR_hits10": 0.543859649122807, "VL_hits10": 0.5578947368421052}