{"TR_hits1": 0.7128547579298832, "VL_hits1": 0.8163606010016694, "TR_hits10": 0.44, "VL_hits10": 0.82}