{"TR_hits1": 0.6308165057067603, "VL_hits1": 0.6738366988586479, "TR_hits10": 0.6017543859649123, "VL_hits10": 0.6596491228070176}