{"TR_hits1": 0.031512605042016806, "VL_hits1": 0.012605042016806723, "TR_hits10": 0.0546218487394958, "VL_hits10": 0.046218487394957986}