{"TR_hits1": 0.750242013552759, "TS_hits1": 0.42021838675589995, "TR_hits10": 0.8693126815101646, "TS_hits10": 0.5501937301866855}