{"TR_hits1": 0.7801667397981571, "VL_hits1": 0.7928916191311979, "TR_hits10": 0.7035087719298245, "VL_hits10": 0.7280701754385965}