{"TR_hits1": 0.8146911519198664, "VL_hits1": 0.8263772954924875, "TR_hits10": 0.4666666666666667, "VL_hits10": 0.7333333333333333}