{"TR_hits1": 0.9249341527655839, "VL_hits1": 0.9381035996488147, "TR_hits10": 0.7807017543859649, "VL_hits10": 0.9280701754385965}