{"TR_hits1": 0.4670406732117812, "VL_hits1": 0.49789621318373073, "TR_hits10": 0.39664804469273746, "VL_hits10": 0.45251396648044695}