{"TR_hits1": 0.38095238095238093, "VL_hits1": 0.275, "TR_hits10": 0.40476190476190477, "VL_hits10": 0.355}