{"TR_hits1": 0.9064969271290606, "VL_hits1": 0.9482001755926251, "TR_hits10": 0.7912280701754386, "VL_hits10": 0.9368421052631579}