{"TR_hits1": 0.5143929912390488, "VL_hits1": 0.445, "TR_hits10": 0.5644555694618273, "VL_hits10": 0.525}