{"TR_hits1": 0.33372641509433965, "VL_hits1": 0.2347417840375587, "TR_hits10": 0.3466981132075472, "VL_hits10": 0.27230046948356806}