{"TR_hits1": 0.8614357262103506, "VL_hits1": 0.8964941569282137, "TR_hits10": 0.5666666666666667, "VL_hits10": 0.86}