{"TR_hits1": 0.7441037735849056, "VL_hits1": 0.4647887323943662, "TR_hits10": 0.7936320754716981, "VL_hits10": 0.7417840375586855}