{"TR_hits1": 0.8223270440251572, "VL_hits1": 0.8380503144654088, "TR_hits10": 0.4716981132075472, "VL_hits10": 0.7547169811320755}