{"TR_hits1": 0.5243055555555556, "VL_hits1": 0.4398148148148148, "TR_hits10": 0.5868055555555556, "VL_hits10": 0.5277777777777778}