{"TR_hits1": 0.4056761268781302, "VL_hits1": 0.4657762938230384, "TR_hits10": 0.3933333333333333, "VL_hits10": 0.42}