{"TR_hits1": 0.14858096828046743, "VL_hits1": 0.1652754590984975, "TR_hits10": 0.16666666666666666, "VL_hits10": 0.18666666666666668}