{"TR_hits1": 0.8247078464106845, "VL_hits1": 0.8347245409015025, "TR_hits10": 0.5, "VL_hits10": 0.74}