{"TR_hits1": 0.5882352941176471, "VL_hits1": 0.5042016806722689, "TR_hits10": 0.5913865546218487, "VL_hits10": 0.5714285714285714}