{"TR_hits1": 0.9315188762071993, "VL_hits1": 0.9521510096575944, "TR_hits10": 0.8087719298245614, "VL_hits10": 0.9350877192982456}