{"TR_hits1": 0.8807854137447405, "VL_hits1": 0.8877980364656382, "TR_hits10": 0.6256983240223464, "VL_hits10": 0.8547486033519553}