{"TR_hits1": 0.7374890254609306, "VL_hits1": 0.7467076382791923, "TR_hits10": 0.643859649122807, "VL_hits10": 0.6736842105263158}