{"TR_hits1": 0.9270687237026648, "VL_hits1": 0.9312762973352033, "TR_hits10": 0.7262569832402235, "VL_hits10": 0.9162011173184358}