{"TR_hits1": 0.4009433962264151, "VL_hits1": 0.3755868544600939, "TR_hits10": 0.43160377358490565, "VL_hits10": 0.41784037558685444}