{"TR_hits1": 0.1162227602905569, "VL_hits1": 0.024154589371980676, "TR_hits10": 0.1513317191283293, "VL_hits10": 0.0966183574879227}