{"TR_hits1": 0.5040556199304751, "VL_hits1": 0.4861111111111111, "TR_hits10": 0.5619930475086906, "VL_hits10": 0.5694444444444444}