{"TR_hits1": 0.514726507713885, "VL_hits1": 0.5301542776998598, "TR_hits10": 0.4860335195530726, "VL_hits10": 0.5027932960893855}