{"TR_hits1": 0.5469845722300141, "VL_hits1": 0.5525946704067322, "TR_hits10": 0.4860335195530726, "VL_hits10": 0.5418994413407822}