{"TR_hits1": 0.9048152295632699, "TS_hits1": 0.42916915720263, "TR_hits10": 0.948488241881299, "TS_hits10": 0.7288553496712492}