{"TR_hits1": 0.9932810750279956, "TS_hits1": 0.9966405375139977, "TR_hits10": 0.7715929468021518, "TS_hits10": 0.9346981470412433}