{"TR_hits1": 0.532563025210084, "VL_hits1": 0.5336134453781513, "TR_hits10": 0.5577731092436975, "VL_hits10": 0.5630252100840336}