{"TR_hits1": 0.5708989805375347, "TS_hits1": 0.4151864635070292, "TR_hits10": 0.5764596848934198, "TS_hits10": 0.5166259786177287}