{"TR_hits1": 0.48634453781512604, "VL_hits1": 0.49159663865546216, "TR_hits10": 0.4989495798319328, "VL_hits10": 0.5084033613445378}