{"TR_hits1": 0.8946540880503144, "VL_hits1": 0.9056603773584906, "TR_hits10": 0.5375, "VL_hits10": 0.90625}