{"TR_hits1": 0.4308176100628931, "VL_hits1": 0.42138364779874216, "TR_hits10": 0.5078616352201258, "VL_hits10": 0.5220125786163522}