{"TR_hits1": 0.549363756033348, "VL_hits1": 0.6121105748135147, "TR_hits10": 0.5228070175438596, "VL_hits10": 0.5894736842105263}