{"TR_hits1": 0.18985849056603774, "VL_hits1": 0.1643192488262911, "TR_hits10": 0.2169811320754717, "VL_hits10": 0.19248826291079812}