{"TR_hits1": 0.4307178631051753, "VL_hits1": 0.5308848080133556, "TR_hits10": 0.4266666666666667, "VL_hits10": 0.56}