{"TR_hits1": 0.4273789649415693, "VL_hits1": 0.4590984974958264, "TR_hits10": 0.3466666666666667, "VL_hits10": 0.4}