{"TR_hits1": 0.7391975308641975, "VL_hits1": 0.7916666666666666, "TR_hits10": 0.4444444444444444, "VL_hits10": 0.7469135802469136}