{"TR_hits1": 0.4791318864774624, "VL_hits1": 0.48914858096828046, "TR_hits10": 0.31333333333333335, "VL_hits10": 0.36}