{"TR_hits1": 0.6817226890756303, "VL_hits1": 0.6428571428571429, "TR_hits10": 0.6890756302521008, "VL_hits10": 0.6974789915966386}