{"TR_hits1": 0.6111696522655427, "VL_hits1": 0.5546218487394958, "TR_hits10": 0.6301369863013698, "VL_hits10": 0.592436974789916}