{"TR_hits1": 0.7346698113207547, "VL_hits1": 0.4272300469483568, "TR_hits10": 0.7547169811320755, "VL_hits10": 0.6713615023474179}