{"TR_hits1": 0.38429172510518933, "VL_hits1": 0.3884992987377279, "TR_hits10": 0.3687150837988827, "VL_hits10": 0.3743016759776536}