{"TR_hits1": 0.4528301886792453, "VL_hits1": 0.4625, "TR_hits10": 0.5424528301886793, "VL_hits10": 0.55}