{"TR_hits1": 0.3460648148148148, "VL_hits1": 0.35185185185185186, "TR_hits10": 0.3819444444444444, "VL_hits10": 0.3888888888888889}