{"TR_hits1": 0.646180860403863, "VL_hits1": 0.6501316944688323, "TR_hits10": 0.5719298245614035, "VL_hits10": 0.5964912280701754}