{"TR_hits1": 0.42917251051893407, "VL_hits1": 0.43338008415147267, "TR_hits10": 0.39664804469273746, "VL_hits10": 0.40782122905027934}