{"TR_hits1": 0.6372549019607843, "VL_hits1": 0.6414565826330533, "TR_hits10": 0.547486033519553, "VL_hits10": 0.5642458100558659}