{"TR_hits1": 0.7739244951712028, "VL_hits1": 0.7848990342405618, "TR_hits10": 0.7333333333333333, "VL_hits10": 0.7771929824561403}