{"TR_hits1": 0.3025210084033613, "VL_hits1": 0.2605042016806723, "TR_hits10": 0.3392857142857143, "VL_hits10": 0.31092436974789917}