{"TR_hits1": 0.5306633291614519, "VL_hits1": 0.46, "TR_hits10": 0.5494367959949937, "VL_hits10": 0.495}