{"TR_hits1": 0.8388937664618086, "VL_hits1": 0.8402107111501317, "TR_hits10": 0.724561403508772, "VL_hits10": 0.7666666666666667}