{"TR_hits1": 0.3606010016694491, "VL_hits1": 0.3622704507512521, "TR_hits10": 0.36, "VL_hits10": 0.37333333333333335}