{"TR_hits1": 0.9354697102721685, "VL_hits1": 0.9451273046532046, "TR_hits10": 0.7719298245614035, "VL_hits10": 0.9350877192982456}