{"TR_hits1": 0.9197016235190874, "VL_hits1": 0.960070206230803, "TR_hits10": 0.8315789473684211, "VL_hits10": 0.9631578947368421}