{"TR_hits1": 0.4243827160493827, "VL_hits1": 0.3765432098765432, "TR_hits10": 0.5108024691358025, "VL_hits10": 0.4567901234567901}