{"TR_hits1": 0.8126009693053312, "VL_hits1": 0.8303715670436187, "TR_hits10": 0.47096774193548385, "VL_hits10": 0.7354838709677419}