{"TR_hits1": 0.42360379346680715, "VL_hits1": 0.2773109243697479, "TR_hits10": 0.4499473129610116, "VL_hits10": 0.35714285714285715}