{"TR_hits1": 0.7198879551820728, "VL_hits1": 0.7394957983193278, "TR_hits10": 0.5865921787709497, "VL_hits10": 0.6145251396648045}