{"TR_hits1": 0.6526610644257703, "VL_hits1": 0.6145251396648045, "TR_hits10": 0.742296918767507, "VL_hits10": 0.7318435754189944}