{"TR_hits1": 0.8271604938271605, "VL_hits1": 0.8487654320987654, "TR_hits10": 0.6049382716049383, "VL_hits10": 0.8333333333333334}