{"TR_hits1": 0.9283707865168539, "VL_hits1": 0.9367977528089888, "TR_hits10": 0.797752808988764, "VL_hits10": 0.9325842696629213}