{"TR_hits1": 0.5509989484752892, "VL_hits1": 0.5336134453781513, "TR_hits10": 0.6151419558359621, "VL_hits10": 0.5714285714285714}