{"TR_hits1": 0.1721698113207547, "VL_hits1": 0.12206572769953052, "TR_hits10": 0.20518867924528303, "VL_hits10": 0.1643192488262911}