{"TR_hits1": 0.38870967741935486, "VL_hits1": 0.3161290322580645, "TR_hits10": 0.4661290322580645, "VL_hits10": 0.3935483870967742}