{"TR_hits1": 0.19791666666666666, "VL_hits1": 0.16203703703703703, "TR_hits10": 0.2789351851851852, "VL_hits10": 0.19907407407407407}