{"TR_hits1": 0.0047169811320754715, "VL_hits1": 0.04559748427672956, "TR_hits10": 0.01875, "VL_hits10": 0.075}