{"TR_hits1": 0.5, "VL_hits1": 0.5224719101123596, "TR_hits10": 0.5786516853932584, "VL_hits10": 0.5730337078651685}