{"TR_hits1": 0.44240400667779634, "VL_hits1": 0.4574290484140234, "TR_hits10": 0.41333333333333333, "VL_hits10": 0.44}