{"TR_hits1": 0.7024185068349106, "VL_hits1": 0.6596638655462185, "TR_hits10": 0.7171398527865405, "VL_hits10": 0.7058823529411765}