{"TR_hits1": 0.9416154521510096, "VL_hits1": 0.9631255487269534, "TR_hits10": 0.8070175438596491, "VL_hits10": 0.9333333333333333}