{"TR_hits1": 0.6106442577030813, "VL_hits1": 0.6162464985994398, "TR_hits10": 0.5083798882681564, "VL_hits10": 0.5586592178770949}