{"TR_hits1": 0.8863955119214586, "VL_hits1": 0.8990182328190743, "TR_hits10": 0.7094972067039106, "VL_hits10": 0.888268156424581}