{"TR_hits1": 0.9631255487269534, "VL_hits1": 0.9719051799824407, "TR_hits10": 0.8543859649122807, "VL_hits10": 0.9631578947368421}