{"TR_hits1": 0.6061320754716981, "VL_hits1": 0.2535211267605634, "TR_hits10": 0.6580188679245284, "VL_hits10": 0.6009389671361502}