{"TR_hits1": 0.7739244951712028, "VL_hits1": 0.7774363476733978, "TR_hits10": 0.6842105263157895, "VL_hits10": 0.7070175438596491}