{"TR_hits1": 0.4006677796327212, "VL_hits1": 0.48080133555926546, "TR_hits10": 0.3466666666666667, "VL_hits10": 0.41333333333333333}