{"TR_hits1": 0.35878787878787877, "VL_hits1": 0.2222222222222222, "TR_hits10": 0.3903030303030303, "VL_hits10": 0.28502415458937197}