{"TR_hits1": 0.5761298815269855, "VL_hits1": 0.5844668714348399, "TR_hits10": 0.5789473684210527, "VL_hits10": 0.5894736842105263}