{"TR_hits1": 0.5267778753292361, "VL_hits1": 0.5465320456540825, "TR_hits10": 0.46842105263157896, "VL_hits10": 0.5333333333333333}