{"TR_hits1": 0.05873261205564142, "VL_hits1": 0.15919629057187018, "TR_hits10": 0.06790123456790123, "VL_hits10": 0.1728395061728395}