{"TR_hits1": 0.5690200210748156, "VL_hits1": 0.5126050420168067, "TR_hits10": 0.5932560590094836, "VL_hits10": 0.5336134453781513}