{"TR_hits1": 0.5500526870389885, "VL_hits1": 0.5756302521008403, "TR_hits10": 0.6016859852476291, "VL_hits10": 0.6176470588235294}