{"TR_hits1": 0.4827044025157233, "VL_hits1": 0.46875, "TR_hits10": 0.5613207547169812, "VL_hits10": 0.5625}