{"TR_hits1": 0.7067603160667252, "VL_hits1": 0.7129060579455663, "TR_hits10": 0.6298245614035087, "VL_hits10": 0.6842105263157895}