{"TR_hits1": 0.4303030303030303, "VL_hits1": 0.26570048309178745, "TR_hits10": 0.44, "VL_hits10": 0.34299516908212563}