{"TR_hits1": 0.7016806722689075, "VL_hits1": 0.6512605042016807, "TR_hits10": 0.7016806722689075, "VL_hits10": 0.7058823529411765}