{"TR_hits1": 0.45310853530031614, "VL_hits1": 0.40336134453781514, "TR_hits10": 0.46153846153846156, "VL_hits10": 0.4579831932773109}