{"TR_hits1": 0.7609046849757674, "VL_hits1": 0.7867528271405493, "TR_hits10": 0.49032258064516127, "VL_hits10": 0.7483870967741936}