{"TR_hits1": 0.5868347338935574, "VL_hits1": 0.5980392156862745, "TR_hits10": 0.5251396648044693, "VL_hits10": 0.5810055865921788}