{"TR_hits1": 0.2835648148148148, "VL_hits1": 0.25, "TR_hits10": 0.31828703703703703, "VL_hits10": 0.3194444444444444}