{"TR_hits1": 0.8216292134831461, "VL_hits1": 0.8637640449438202, "TR_hits10": 0.6348314606741573, "VL_hits10": 0.8539325842696629}