{"TR_hits1": 0.6988795518207283, "VL_hits1": 0.7394957983193278, "TR_hits10": 0.6424581005586593, "VL_hits10": 0.6871508379888268}