{"TR_hits1": 0.922752808988764, "VL_hits1": 0.9564606741573034, "TR_hits10": 0.7262569832402235, "VL_hits10": 0.9162011173184358}