{"TR_hits1": 0.25302663438256656, "VL_hits1": 0.18357487922705315, "TR_hits10": 0.3099273607748184, "VL_hits10": 0.2898550724637681}