{"TR_hits1": 0.01938610662358643, "VL_hits1": 0.01935483870967742, "TR_hits10": 0.0420032310177706, "VL_hits10": 0.03870967741935484}