{"TR_hits1": 0.7399030694668821, "VL_hits1": 0.7641357027463651, "TR_hits10": 0.41935483870967744, "VL_hits10": 0.6967741935483871}