{"TR_hits1": 0.6248354541465555, "VL_hits1": 0.6309784993418166, "TR_hits10": 0.5614035087719298, "VL_hits10": 0.5842105263157895}