{"TR_hits1": 0.926251097453907, "VL_hits1": 0.9582967515364355, "TR_hits10": 0.8140350877192982, "VL_hits10": 0.9403508771929825}