{"TR_hits1": 0.4446786090621707, "VL_hits1": 0.3235294117647059, "TR_hits10": 0.45626975763962063, "VL_hits10": 0.3487394957983193}