{"TR_hits1": 0.6414565826330533, "VL_hits1": 0.6596638655462185, "TR_hits10": 0.5642458100558659, "VL_hits10": 0.6536312849162011}