{"TR_hits1": 0.6703703703703704, "TS_hits1": 0.5188508396443859, "TR_hits10": 0.8123456790123457, "TS_hits10": 0.6369772802107343}