{"TR_hits1": 0.925561797752809, "VL_hits1": 0.9297752808988764, "TR_hits10": 0.6966292134831461, "VL_hits10": 0.8932584269662921}