{"TR_hits1": 0.5588235294117647, "VL_hits1": 0.5706760316066726, "TR_hits10": 0.5368421052631579, "VL_hits10": 0.5473684210526316}