{"TR_hits1": 0.6869747899159664, "VL_hits1": 0.6764705882352942, "TR_hits10": 0.7111344537815126, "VL_hits10": 0.7310924369747899}