{"TR_hits1": 0.42452830188679247, "VL_hits1": 0.45625, "TR_hits10": 0.529874213836478, "VL_hits10": 0.525}