{"TR_hits1": 0.62071992976295, "VL_hits1": 0.636523266022827, "TR_hits10": 0.5771929824561404, "VL_hits10": 0.6087719298245614}