{"TR_hits1": 0.5648050579557429, "VL_hits1": 0.5630252100840336, "TR_hits10": 0.5974710221285564, "VL_hits10": 0.5966386554621849}