{"TR_hits1": 0.5079030558482613, "VL_hits1": 0.5294117647058824, "TR_hits10": 0.5395152792413066, "VL_hits10": 0.5630252100840336}