{"TR_hits1": 0.6729587357330992, "VL_hits1": 0.6804214223002634, "TR_hits10": 0.6280701754385964, "VL_hits10": 0.6649122807017543}