{"TR_hits1": 0.9098567818028643, "TS_hits1": 0.44783208212042286, "TR_hits10": 0.962089300758214, "TS_hits10": 0.7609161942699556}