{"TR_hits1": 0.5121668597914253, "VL_hits1": 0.49074074074074076, "TR_hits10": 0.589803012746234, "VL_hits10": 0.5555555555555556}