{"TR_hits1": 0.7870939420544337, "VL_hits1": 0.7919227392449517, "TR_hits10": 0.6982456140350877, "VL_hits10": 0.743859649122807}