{"TR_hits1": 0.9353932584269663, "VL_hits1": 0.9480337078651685, "TR_hits10": 0.7303370786516854, "VL_hits10": 0.9213483146067416}