{"TR_hits1": 0.5409663865546218, "VL_hits1": 0.4957983193277311, "TR_hits10": 0.5987394957983193, "VL_hits10": 0.5504201680672269}