{"TR_hits1": 0.42452830188679247, "VL_hits1": 0.475, "TR_hits10": 0.5062893081761006, "VL_hits10": 0.55625}