{"TR_hits1": 0.6512605042016807, "VL_hits1": 0.7156862745098039, "TR_hits10": 0.6033519553072626, "VL_hits10": 0.6703910614525139}