{"TR_hits1": 0.009696969696969697, "VL_hits1": 0.024154589371980676, "TR_hits10": 0.03272727272727273, "VL_hits10": 0.04830917874396135}