{"TR_hits1": 0.19515151515151516, "VL_hits1": 0.14009661835748793, "TR_hits10": 0.24363636363636362, "VL_hits10": 0.18357487922705315}