{"TR_hits1": 0.82141290039491, "VL_hits1": 0.8310662571303203, "TR_hits10": 0.7614035087719299, "VL_hits10": 0.787719298245614}