{"TR_hits1": 0.6185133239831697, "VL_hits1": 0.6199158485273493, "TR_hits10": 0.553072625698324, "VL_hits10": 0.5586592178770949}