{"TR_hits1": 0.6673346693386774, "TS_hits1": 0.20591715976331362, "TR_hits10": 0.6933867735470942, "TS_hits10": 0.5294492489758762}