{"TR_hits1": 0.6397058823529411, "VL_hits1": 0.6134453781512605, "TR_hits10": 0.6911764705882353, "VL_hits10": 0.6848739495798319}