{"TR_hits1": 0.40336134453781514, "VL_hits1": 0.4957983193277311, "TR_hits10": 0.43575418994413406, "VL_hits10": 0.5251396648044693}