{"TR_hits1": 0.5368744512730466, "VL_hits1": 0.6097453906935909, "TR_hits10": 0.47192982456140353, "VL_hits10": 0.531578947368421}