{"TR_hits1": 0.7239199157007377, "VL_hits1": 0.47058823529411764, "TR_hits10": 0.8071654373024236, "VL_hits10": 0.7478991596638656}