{"TR_hits1": 0.6721105527638191, "TS_hits1": 0.5605629083598592, "TR_hits10": 0.7902010050251256, "TS_hits10": 0.6599095325850226}