{"TR_hits1": 0.7888784165881244, "TS_hits1": 0.4336503041206202, "TR_hits10": 0.8774740810556079, "TS_hits10": 0.5581255889659898}