{"TR_hits1": 0.665266106442577, "VL_hits1": 0.6145251396648045, "TR_hits10": 0.7450980392156863, "VL_hits10": 0.7039106145251397}