{"TR_hits1": 0.6778711484593838, "VL_hits1": 0.7408963585434174, "TR_hits10": 0.659217877094972, "VL_hits10": 0.7150837988826816}