{"TR_hits1": 0.34167709637046306, "VL_hits1": 0.3, "TR_hits10": 0.3692115143929912, "VL_hits10": 0.325}