{"TR_hits1": 0.3540569020021075, "VL_hits1": 0.27310924369747897, "TR_hits10": 0.3677555321390938, "VL_hits10": 0.28991596638655465}