{"TR_hits1": 0.9396067415730337, "VL_hits1": 0.949438202247191, "TR_hits10": 0.664804469273743, "VL_hits10": 0.8994413407821229}