{"TR_hits1": 0.39565943238731216, "VL_hits1": 0.42, "TR_hits10": 0.5091819699499165, "VL_hits10": 0.46}