{"TR_hits1": 0.2003338898163606, "VL_hits1": 0.22036727879799667, "TR_hits10": 0.13333333333333333, "VL_hits10": 0.19333333333333333}