{"TR_hits1": 0.38443396226415094, "VL_hits1": 0.36619718309859156, "TR_hits10": 0.4540094339622642, "VL_hits10": 0.4647887323943662}