{"TR_hits1": 0.03676470588235294, "VL_hits1": 0.037815126050420166, "TR_hits10": 0.05672268907563025, "VL_hits10": 0.06722689075630252}