{"TR_hits1": 0.7006726457399103, "TS_hits1": 0.3571161748225626, "TR_hits10": 0.7230941704035875, "TS_hits10": 0.6679865521105716}