{"TR_hits1": 0.9461883408071748, "TS_hits1": 0.9540358744394619, "TR_hits10": 0.765334329473291, "TS_hits10": 0.9340306313036981}