{"TR_hits1": 0.5254629629629629, "VL_hits1": 0.5370370370370371, "TR_hits10": 0.5972222222222222, "VL_hits10": 0.625}