{"TR_hits1": 0.5660112359550562, "VL_hits1": 0.5955056179775281, "TR_hits10": 0.6446629213483146, "VL_hits10": 0.6460674157303371}