{"TR_hits1": 0.42571127502634354, "VL_hits1": 0.31092436974789917, "TR_hits10": 0.44257112750263433, "VL_hits10": 0.3907563025210084}