{"TR_hits1": 0.8765432098765432, "VL_hits1": 0.9320987654320988, "TR_hits10": 0.5740740740740741, "VL_hits10": 0.8641975308641975}