{"TR_hits1": 0.8688271604938271, "VL_hits1": 0.8703703703703703, "TR_hits10": 0.5802469135802469, "VL_hits10": 0.8209876543209876}