{"TR_hits1": 0.8946188340807175, "TS_hits1": 0.43937243182667163, "TR_hits10": 0.9517937219730942, "TS_hits10": 0.7435935748972731}