{"TR_hits1": 0.9730941704035875, "TS_hits1": 0.9966367713004485, "TR_hits10": 0.7497945461337318, "TS_hits10": 0.9302203959656332}