{"TR_hits1": 0.635593220338983, "VL_hits1": 0.3864734299516908, "TR_hits10": 0.6961259079903148, "VL_hits10": 0.6763285024154589}