{"TR_hits1": 0.5445370776656429, "VL_hits1": 0.5467310223782361, "TR_hits10": 0.5298245614035088, "VL_hits10": 0.5456140350877193}