{"TR_hits1": 0.5052521008403361, "VL_hits1": 0.5336134453781513, "TR_hits10": 0.5220588235294118, "VL_hits10": 0.5588235294117647}