{"TR_hits1": 0.07547169811320754, "VL_hits1": 0.04225352112676056, "TR_hits10": 0.10613207547169812, "VL_hits10": 0.10328638497652583}