{"TR_hits1": 0.6479663394109397, "VL_hits1": 0.6690042075736325, "TR_hits10": 0.5251396648044693, "VL_hits10": 0.5810055865921788}