{"TR_hits1": 0.927170868347339, "VL_hits1": 0.9509803921568627, "TR_hits10": 0.7653631284916201, "VL_hits10": 0.9329608938547486}