{"TR_hits1": 0.2003338898163606, "VL_hits1": 0.21535893155258765, "TR_hits10": 0.15333333333333332, "VL_hits10": 0.17333333333333334}