{"TR_hits1": 0.5114135206321334, "VL_hits1": 0.5895522388059702, "TR_hits10": 0.5070175438596491, "VL_hits10": 0.5824561403508772}