{"TR_hits1": 0.8297161936560935, "VL_hits1": 0.8497495826377296, "TR_hits10": 0.6, "VL_hits10": 0.8866666666666667}