{"TR_hits1": 0.609704641350211, "VL_hits1": 0.680672268907563, "TR_hits10": 0.6476793248945147, "VL_hits10": 0.7058823529411765}