{"TR_hits1": 0.8179025888547609, "VL_hits1": 0.8236068451075033, "TR_hits10": 0.7105263157894737, "VL_hits10": 0.7403508771929824}