{"TR_hits1": 0.3867924528301887, "VL_hits1": 0.38028169014084506, "TR_hits10": 0.4669811320754717, "VL_hits10": 0.4413145539906103}