{"TR_hits1": 0.8034591194968553, "VL_hits1": 0.8726415094339622, "TR_hits10": 0.575, "VL_hits10": 0.8625}