{"TR_hits1": 0.0, "VL_hits1": 0.0052677787532923615, "TR_hits10": 0.0, "VL_hits10": 0.005263157894736842}