{"TR_hits1": 0.2951388888888889, "VL_hits1": 0.24074074074074073, "TR_hits10": 0.32060185185185186, "VL_hits10": 0.27314814814814814}