{"TR_hits1": 0.8129829984544049, "VL_hits1": 0.8438948995363215, "TR_hits10": 0.5432098765432098, "VL_hits10": 0.8641975308641975}