{"TR_hits1": 0.9337428696796841, "VL_hits1": 0.9578762615182097, "TR_hits10": 0.8543859649122807, "VL_hits10": 0.9631578947368421}