{"TR_hits1": 0.27602905569007263, "VL_hits1": 0.27053140096618356, "TR_hits10": 0.3050847457627119, "VL_hits10": 0.3188405797101449}