{"TR_hits1": 0.7594381035996488, "VL_hits1": 0.7677787532923617, "TR_hits10": 0.6771929824561403, "VL_hits10": 0.7087719298245614}