{"TR_hits1": 0.8604038630377524, "VL_hits1": 0.8625987708516243, "TR_hits10": 0.7508771929824561, "VL_hits10": 0.8}