{"TR_hits1": 0.5125208681135225, "VL_hits1": 0.5125208681135225, "TR_hits10": 0.37333333333333335, "VL_hits10": 0.37333333333333335}