{"TR_hits1": 0.1334033613445378, "VL_hits1": 0.0546218487394958, "TR_hits10": 0.19012605042016806, "VL_hits10": 0.13025210084033614}