{"TR_hits1": 0.7932098765432098, "VL_hits1": 0.8317901234567902, "TR_hits10": 0.48148148148148145, "VL_hits10": 0.7469135802469136}