{"TR_hits1": 0.6638655462184874, "VL_hits1": 0.6428571428571429, "TR_hits10": 0.680672268907563, "VL_hits10": 0.7058823529411765}