{"TR_hits1": 0.37318255250403876, "VL_hits1": 0.43870967741935485, "TR_hits10": 0.47334410339256866, "VL_hits10": 0.49032258064516127}