{"TR_hits1": 0.058823529411764705, "VL_hits1": 0.05, "TR_hits10": 0.08635794743429287, "VL_hits10": 0.075}