{"TR_hits1": 0.797190517998244, "VL_hits1": 0.7993854258121159, "TR_hits10": 0.6877192982456141, "VL_hits10": 0.7473684210526316}