{"TR_hits1": 0.9129213483146067, "VL_hits1": 0.9410112359550562, "TR_hits10": 0.7808988764044944, "VL_hits10": 0.9213483146067416}