{"TR_hits1": 0.9018232819074333, "VL_hits1": 0.9298737727910238, "TR_hits10": 0.7430167597765364, "VL_hits10": 0.9217877094972067}