{"TR_hits1": 0.7754442649434572, "VL_hits1": 0.7980613893376414, "TR_hits10": 0.4129032258064516, "VL_hits10": 0.7806451612903226}