{"TR_hits1": 0.6228070175438597, "VL_hits1": 0.38, "TR_hits10": 0.6829573934837093, "VL_hits10": 0.665}