{"TR_hits1": 0.44039270687237025, "VL_hits1": 0.45021037868162694, "TR_hits10": 0.4301675977653631, "VL_hits10": 0.441340782122905}