{"TR_hits1": 0.7495826377295493, "VL_hits1": 0.7796327212020033, "TR_hits10": 0.47333333333333333, "VL_hits10": 0.76}