{"TR_hits1": 0.715670436187399, "VL_hits1": 0.7318255250403877, "TR_hits10": 0.4064516129032258, "VL_hits10": 0.6645161290322581}