{"TR_hits1": 0.32139491046182844, "TS_hits1": 0.0880664781975499, "TR_hits10": 0.36192271442035817, "TS_hits10": 0.25734601216482483}