{"TR_hits1": 0.42976294995610187, "VL_hits1": 0.44073748902546095, "TR_hits10": 0.42105263157894735, "VL_hits10": 0.4421052631578947}