{"TR_hits1": 0.839622641509434, "VL_hits1": 0.8584905660377359, "TR_hits10": 0.5534591194968553, "VL_hits10": 0.7924528301886793}