{"TR_hits1": 0.24446786090621708, "VL_hits1": 0.21428571428571427, "TR_hits10": 0.3108535300316122, "VL_hits10": 0.2605042016806723}