{"TR_hits1": 0.04201680672268908, "VL_hits1": 0.06302521008403361, "TR_hits10": 0.09138655462184873, "VL_hits10": 0.10084033613445378}