{"TR_hits1": 0.8953488372093024, "TS_hits1": 0.5391388570925421, "TR_hits10": 0.9602713178294574, "TS_hits10": 0.7891168442370344}