{"TR_hits1": 0.7800702370500439, "VL_hits1": 0.7840210711150132, "TR_hits10": 0.6684210526315789, "VL_hits10": 0.6947368421052632}