{"TR_hits1": 0.6883230904302019, "VL_hits1": 0.6940298507462687, "TR_hits10": 0.6192982456140351, "VL_hits10": 0.6421052631578947}