{"TR_hits1": 0.6072931276297335, "VL_hits1": 0.6199158485273493, "TR_hits10": 0.5083798882681564, "VL_hits10": 0.5586592178770949}