{"TR_hits1": 0.47146619841966636, "VL_hits1": 0.47761194029850745, "TR_hits10": 0.47543859649122805, "VL_hits10": 0.4824561403508772}