{"TR_hits1": 0.9473222124670764, "VL_hits1": 0.9626865671641791, "TR_hits10": 0.7929824561403509, "VL_hits10": 0.9578947368421052}