{"TR_hits1": 0.6967592592592593, "VL_hits1": 0.46296296296296297, "TR_hits10": 0.7557870370370371, "VL_hits10": 0.7453703703703703}