{"TR_hits1": 0.5017559262510974, "VL_hits1": 0.5741878841088675, "TR_hits10": 0.47192982456140353, "VL_hits10": 0.5175438596491229}