{"TR_hits1": 0.9455662862159789, "VL_hits1": 0.9543459174714662, "TR_hits10": 0.8070175438596491, "VL_hits10": 0.9456140350877194}