{"TR_hits1": 0.27240566037735847, "VL_hits1": 0.2535211267605634, "TR_hits10": 0.3089622641509434, "VL_hits10": 0.28169014084507044}