{"TR_hits1": 0.6738366988586479, "VL_hits1": 0.7063213345039508, "TR_hits10": 0.6368421052631579, "VL_hits10": 0.6947368421052632}