{"TR_hits1": 0.7612903225806451, "VL_hits1": 0.8306451612903226, "TR_hits10": 0.4645161290322581, "VL_hits10": 0.7677419354838709}