{"TR_hits1": 0.46774193548387094, "VL_hits1": 0.25161290322580643, "TR_hits10": 0.5258064516129032, "VL_hits10": 0.5935483870967742}