{"TR_hits1": 0.8161290322580645, "VL_hits1": 0.8370967741935483, "TR_hits10": 0.4967741935483871, "VL_hits10": 0.7935483870967742}