{"TR_hits1": 0.910355486862442, "VL_hits1": 0.9134466769706336, "TR_hits10": 0.6049382716049383, "VL_hits10": 0.8580246913580247}