{"TR_hits1": 0.38898163606010017, "VL_hits1": 0.44, "TR_hits10": 0.4791318864774624, "VL_hits10": 0.5266666666666666}