{"TR_hits1": 0.49248747913188645, "VL_hits1": 0.5275459098497496, "TR_hits10": 0.43333333333333335, "VL_hits10": 0.5066666666666667}