{"TR_hits1": 0.5974539069359087, "VL_hits1": 0.6066725197541704, "TR_hits10": 0.5877192982456141, "VL_hits10": 0.6052631578947368}