{"TR_hits1": 0.19532554257095158, "VL_hits1": 0.2353923205342237, "TR_hits10": 0.21333333333333335, "VL_hits10": 0.23333333333333334}