{"TR_hits1": 0.5217391304347826, "VL_hits1": 0.5273492286115007, "TR_hits10": 0.5027932960893855, "VL_hits10": 0.5139664804469274}