{"TR_hits1": 0.522595596755504, "VL_hits1": 0.4351851851851852, "TR_hits10": 0.5666280417149478, "VL_hits10": 0.5138888888888888}