{"TR_hits1": 0.9381035996488147, "VL_hits1": 0.9486391571553995, "TR_hits10": 0.775438596491228, "VL_hits10": 0.9245614035087719}