{"TR_hits1": 0.7326602282704127, "VL_hits1": 0.7357330992098332, "TR_hits10": 0.6701754385964912, "VL_hits10": 0.6894736842105263}