{"TR_hits1": 0.4109090909090909, "VL_hits1": 0.34782608695652173, "TR_hits10": 0.47878787878787876, "VL_hits10": 0.40096618357487923}