{"TR_hits1": 0.6928477402369461, "VL_hits1": 0.7042562527424309, "TR_hits10": 0.643859649122807, "VL_hits10": 0.6631578947368421}