{"TR_hits1": 0.8581460674157303, "VL_hits1": 0.9101123595505618, "TR_hits10": 0.6573033707865169, "VL_hits10": 0.8595505617977528}