{"TR_hits1": 0.13663133097762073, "VL_hits1": 0.18309859154929578, "TR_hits10": 0.19316843345111898, "VL_hits10": 0.2347417840375587}