{"TR_hits1": 0.48946444249341525, "VL_hits1": 0.4995610184372256, "TR_hits10": 0.48771929824561405, "VL_hits10": 0.5140350877192983}