{"TR_hits1": 0.6927129060579456, "VL_hits1": 0.7098331870061457, "TR_hits10": 0.6473684210526316, "VL_hits10": 0.6912280701754386}