{"TR_hits1": 0.9186535764375876, "VL_hits1": 0.9270687237026648, "TR_hits10": 0.6703910614525139, "VL_hits10": 0.8715083798882681}