{"TR_hits1": 0.77270732777534, "VL_hits1": 0.775340061430452, "TR_hits10": 0.6824561403508772, "VL_hits10": 0.7192982456140351}