{"TR_hits1": 0.2760800842992624, "VL_hits1": 0.21008403361344538, "TR_hits10": 0.3108535300316122, "VL_hits10": 0.25210084033613445}