{"TR_hits1": 0.4043583535108959, "VL_hits1": 0.30917874396135264, "TR_hits10": 0.42009685230024213, "VL_hits10": 0.3864734299516908}