{"TR_hits1": 0.935908691834943, "VL_hits1": 0.9591747146619842, "TR_hits10": 0.7842105263157895, "VL_hits10": 0.9403508771929825}