{"TR_hits1": 0.582089552238806, "VL_hits1": 0.6005267778753293, "TR_hits10": 0.6035087719298246, "VL_hits10": 0.6210526315789474}