{"TR_hits1": 0.5403863037752414, "VL_hits1": 0.5425812115891132, "TR_hits10": 0.48771929824561405, "VL_hits10": 0.5}