{"TR_hits1": 0.9460289600702062, "VL_hits1": 0.9635805177709522, "TR_hits10": 0.8280701754385965, "VL_hits10": 0.9596491228070175}