{"TR_hits1": 0.9499561018437226, "VL_hits1": 0.9582967515364355, "TR_hits10": 0.7842105263157895, "VL_hits10": 0.9228070175438596}