{"TR_hits1": 0.332220367278798, "VL_hits1": 0.34056761268781305, "TR_hits10": 0.22, "VL_hits10": 0.22666666666666666}