{"TR_hits1": 0.5063025210084033, "VL_hits1": 0.4789915966386555, "TR_hits10": 0.5241596638655462, "VL_hits10": 0.4957983193277311}