{"TR_hits1": 0.9591926283457657, "VL_hits1": 0.9692847740236946, "TR_hits10": 0.8122807017543859, "VL_hits10": 0.9614035087719298}