{"TR_hits1": 0.5504201680672269, "VL_hits1": 0.5658263305322129, "TR_hits10": 0.5307262569832403, "VL_hits10": 0.5363128491620112}