{"TR_hits1": 0.7963125548726954, "VL_hits1": 0.8011413520632134, "TR_hits10": 0.7350877192982456, "VL_hits10": 0.7894736842105263}