{"TR_hits1": 0.6154521510096576, "VL_hits1": 0.6185250219490781, "TR_hits10": 0.5929824561403508, "VL_hits10": 0.6228070175438597}