{"TR_hits1": 0.6894824707846411, "VL_hits1": 0.7312186978297162, "TR_hits10": 0.47333333333333333, "VL_hits10": 0.7066666666666667}