{"TR_hits1": 0.7222465993856955, "VL_hits1": 0.7261956998683633, "TR_hits10": 0.6491228070175439, "VL_hits10": 0.6982456140350877}