{"TR_hits1": 0.5854341736694678, "VL_hits1": 0.5854341736694678, "TR_hits10": 0.553072625698324, "VL_hits10": 0.5642458100558659}