{"TR_hits1": 0.8883647798742138, "VL_hits1": 0.9025157232704403, "TR_hits10": 0.625, "VL_hits10": 0.86875}