{"TR_hits1": 0.6008403361344538, "VL_hits1": 0.5378151260504201, "TR_hits10": 0.6512605042016807, "VL_hits10": 0.5966386554621849}