{"TR_hits1": 0.4873417721518987, "VL_hits1": 0.5168067226890757, "TR_hits10": 0.5147679324894515, "VL_hits10": 0.5336134453781513}