{"TR_hits1": 0.2913558578323826, "VL_hits1": 0.33128565160157963, "TR_hits10": 0.2543859649122807, "VL_hits10": 0.3140350877192982}