{"TR_hits1": 0.19924812030075187, "VL_hits1": 0.11, "TR_hits10": 0.22556390977443608, "VL_hits10": 0.17}