{"TR_hits1": 0.5658472344161545, "VL_hits1": 0.568920105355575, "TR_hits10": 0.5543859649122806, "VL_hits10": 0.5684210526315789}