{"TR_hits1": 0.702809482001756, "VL_hits1": 0.7071992976294995, "TR_hits10": 0.6263157894736842, "VL_hits10": 0.6649122807017543}