{"TR_hits1": 0.6701680672268907, "VL_hits1": 0.5882352941176471, "TR_hits10": 0.694327731092437, "VL_hits10": 0.6386554621848739}