{"TR_hits1": 0.8867924528301887, "VL_hits1": 0.9025157232704403, "TR_hits10": 0.59375, "VL_hits10": 0.9125}