{"TR_hits1": 0.7445742904841403, "VL_hits1": 0.7762938230383973, "TR_hits10": 0.4666666666666667, "VL_hits10": 0.7066666666666667}