{"TR_hits1": 0.6496927129060579, "VL_hits1": 0.6536435469710272, "TR_hits10": 0.5754385964912281, "VL_hits10": 0.624561403508772}