{"TR_hits1": 0.47580645161290325, "VL_hits1": 0.36774193548387096, "TR_hits10": 0.5145161290322581, "VL_hits10": 0.44516129032258067}