{"TR_hits1": 0.03676470588235294, "VL_hits1": 0.02100840336134454, "TR_hits10": 0.04726890756302521, "VL_hits10": 0.046218487394957986}