{"TR_hits1": 0.6064425770308123, "VL_hits1": 0.6176470588235294, "TR_hits10": 0.5195530726256983, "VL_hits10": 0.5307262569832403}