{"TR_hits1": 0.24579831932773108, "VL_hits1": 0.18067226890756302, "TR_hits10": 0.27941176470588236, "VL_hits10": 0.226890756302521}