{"TR_hits1": 0.7932148626817448, "VL_hits1": 0.8255250403877221, "TR_hits10": 0.5096774193548387, "VL_hits10": 0.7548387096774194}