{"TR_hits1": 0.23030303030303031, "VL_hits1": 0.21739130434782608, "TR_hits10": 0.2581818181818182, "VL_hits10": 0.2753623188405797}