{"TR_hits1": 0.741553312856516, "VL_hits1": 0.7564721369021501, "TR_hits10": 0.6719298245614035, "VL_hits10": 0.7140350877192982}