{"TR_hits1": 0.25738396624472576, "VL_hits1": 0.21008403361344538, "TR_hits10": 0.28375527426160335, "VL_hits10": 0.25210084033613445}