{"TR_hits1": 0.8809523809523809, "VL_hits1": 0.907563025210084, "TR_hits10": 0.7150837988826816, "VL_hits10": 0.9329608938547486}