{"TR_hits1": 0.5131414267834794, "VL_hits1": 0.32, "TR_hits10": 0.6808510638297872, "VL_hits10": 0.635}