{"TR_hits1": 0.30242360379346683, "VL_hits1": 0.23109243697478993, "TR_hits10": 0.3329820864067439, "VL_hits10": 0.2857142857142857}