{"TR_hits1": 0.6004842615012107, "VL_hits1": 0.42995169082125606, "TR_hits10": 0.6404358353510896, "VL_hits10": 0.5120772946859904}