{"TR_hits1": 0.8805031446540881, "VL_hits1": 0.9040880503144654, "TR_hits10": 0.6, "VL_hits10": 0.8625}