{"TR_hits1": 0.13364779874213836, "VL_hits1": 0.09375, "TR_hits10": 0.20911949685534592, "VL_hits10": 0.25}