{"TR_hits1": 0.27545909849749584, "VL_hits1": 0.27545909849749584, "TR_hits10": 0.24, "VL_hits10": 0.24666666666666667}