{"TR_hits1": 0.8157086441421676, "VL_hits1": 0.822729267222466, "TR_hits10": 0.7280701754385965, "VL_hits10": 0.7771929824561403}