{"TR_hits1": 0.956540825285338, "VL_hits1": 0.9618086040386303, "TR_hits10": 0.7912280701754386, "VL_hits10": 0.9403508771929825}