{"TR_hits1": 0.9648876404494382, "VL_hits1": 0.9705056179775281, "TR_hits10": 0.7808988764044944, "VL_hits10": 0.949438202247191}