{"TR_hits1": 0.9065108514190318, "VL_hits1": 0.9181969949916527, "TR_hits10": 0.5666666666666667, "VL_hits10": 0.86}