{"TR_hits1": 0.5310199789695058, "VL_hits1": 0.47478991596638653, "TR_hits10": 0.5467928496319664, "VL_hits10": 0.49159663865546216}