{"TR_hits1": 0.675153643546971, "VL_hits1": 0.7111501316944688, "TR_hits10": 0.6, "VL_hits10": 0.6403508771929824}