{"TR_hits1": 0.8148310662571303, "VL_hits1": 0.822729267222466, "TR_hits10": 0.7701754385964912, "VL_hits10": 0.8087719298245614}