{"TR_hits1": 0.49841938883034775, "VL_hits1": 0.47058823529411764, "TR_hits10": 0.5068493150684932, "VL_hits10": 0.4831932773109244}