{"TR_hits1": 0.9534883720930233, "VL_hits1": 0.9666520403685828, "TR_hits10": 0.787719298245614, "VL_hits10": 0.9421052631578948}