{"TR_hits1": 0.45732349841938885, "VL_hits1": 0.47478991596638653, "TR_hits10": 0.47523709167544786, "VL_hits10": 0.4789915966386555}