{"TR_hits1": 0.9451513821851689, "VL_hits1": 0.960070206230803, "TR_hits10": 0.7947368421052632, "VL_hits10": 0.9491228070175438}