{"TR_hits1": 0.4715151515151515, "VL_hits1": 0.41545893719806765, "TR_hits10": 0.5018181818181818, "VL_hits10": 0.4396135265700483}