{"TR_hits1": 0.8015803336259877, "VL_hits1": 0.8081650570676031, "TR_hits10": 0.7035087719298245, "VL_hits10": 0.7631578947368421}