{"TR_hits1": 0.18648310387984982, "VL_hits1": 0.17, "TR_hits10": 0.2428035043804756, "VL_hits10": 0.245}