{"TR_hits1": 0.9319327731092437, "TS_hits1": 0.6916023534805532, "TR_hits10": 0.9630252100840336, "TS_hits10": 0.7804691678765187}