{"TR_hits1": 0.7804621848739496, "VL_hits1": 0.6008403361344538, "TR_hits10": 0.8771008403361344, "VL_hits10": 0.8781512605042017}