{"TR_hits1": 0.333889816360601, "VL_hits1": 0.38397328881469117, "TR_hits10": 0.35333333333333333, "VL_hits10": 0.4}