{"TR_hits1": 0.01685985247629083, "VL_hits1": 0.01680672268907563, "TR_hits10": 0.04636459430979979, "VL_hits10": 0.03361344537815126}