{"TR_hits1": 0.7, "VL_hits1": 0.7774193548387097, "TR_hits10": 0.5290322580645161, "VL_hits10": 0.7612903225806451}