{"TR_hits1": 0.8580968280467446, "VL_hits1": 0.8747913188647746, "TR_hits10": 0.5, "VL_hits10": 0.78}