{"TR_hits1": 0.5995785036880927, "VL_hits1": 0.5546218487394958, "TR_hits10": 0.6396206533192834, "VL_hits10": 0.6008403361344538}