{"TR_hits1": 0.9763659763659763, "TS_hits1": 0.9918099918099917, "TR_hits10": 0.8371371722846442, "TS_hits10": 0.959620786516854}