{"TR_hits1": 0.7449517120280948, "VL_hits1": 0.7598770851624231, "TR_hits10": 0.6210526315789474, "VL_hits10": 0.6508771929824562}