{"TR_hits1": 0.8693548387096774, "VL_hits1": 0.8725806451612903, "TR_hits10": 0.5935483870967742, "VL_hits10": 0.7806451612903226}