{"TR_hits1": 0.530031612223393, "VL_hits1": 0.4831932773109244, "TR_hits10": 0.5363540569020021, "VL_hits10": 0.5042016806722689}