{"TR_hits1": 0.44573643410852715, "TS_hits1": 0.35634410495729507, "TR_hits10": 0.47189922480620156, "TS_hits10": 0.45029497226380205}