{"TR_hits1": 0.3576437587657784, "VL_hits1": 0.37166900420757365, "TR_hits10": 0.3854748603351955, "VL_hits10": 0.40782122905027934}