{"TR_hits1": 0.5511921458625526, "VL_hits1": 0.6100981767180925, "TR_hits10": 0.5642458100558659, "VL_hits10": 0.6368715083798883}