{"TR_hits1": 0.869622475856014, "VL_hits1": 0.8726953467954346, "TR_hits10": 0.7666666666666667, "VL_hits10": 0.8192982456140351}