{"TR_hits1": 0.7861635220125787, "VL_hits1": 0.8128930817610063, "TR_hits10": 0.50625, "VL_hits10": 0.825}