{"TR_hits1": 0.4674457429048414, "VL_hits1": 0.5008347245409015, "TR_hits10": 0.38, "VL_hits10": 0.44666666666666666}