{"TR_hits1": 0.5075125208681135, "VL_hits1": 0.5, "TR_hits10": 0.5358931552587646, "VL_hits10": 0.5533333333333333}