{"TR_hits1": 0.940737489025461, "VL_hits1": 0.9508340649692713, "TR_hits10": 0.7771929824561403, "VL_hits10": 0.9157894736842105}