{"TR_hits1": 0.7955974842767296, "VL_hits1": 0.8207547169811321, "TR_hits10": 0.5125, "VL_hits10": 0.84375}