{"TR_hits1": 0.9622475856014048, "VL_hits1": 0.9705882352941176, "TR_hits10": 0.8315789473684211, "VL_hits10": 0.9701754385964912}