{"TR_hits1": 0.2888146911519199, "VL_hits1": 0.332220367278798, "TR_hits10": 0.28, "VL_hits10": 0.3466666666666667}