{"TR_hits1": 0.810359964881475, "VL_hits1": 0.8195785776997366, "TR_hits10": 0.7543859649122807, "VL_hits10": 0.8122807017543859}