{"TR_hits1": 0.7115151515151515, "VL_hits1": 0.43478260869565216, "TR_hits10": 0.7551515151515151, "VL_hits10": 0.7198067632850241}