{"TR_hits1": 0.7384453781512605, "VL_hits1": 0.5378151260504201, "TR_hits10": 0.819327731092437, "VL_hits10": 0.7941176470588235}