{"TR_hits1": 0.652122641509434, "VL_hits1": 0.5492957746478874, "TR_hits10": 0.6580188679245284, "VL_hits10": 0.6103286384976526}