{"TR_hits1": 0.22732626619552415, "VL_hits1": 0.18779342723004694, "TR_hits10": 0.2791519434628975, "VL_hits10": 0.2300469483568075}