{"TR_hits1": 0.8081761006289309, "VL_hits1": 0.85062893081761, "TR_hits10": 0.53125, "VL_hits10": 0.80625}