{"TR_hits1": 0.9074333800841514, "VL_hits1": 0.9242636746143057, "TR_hits10": 0.6424581005586593, "VL_hits10": 0.8994413407821229}