{"TR_hits1": 0.5021097046413502, "VL_hits1": 0.5840336134453782, "TR_hits10": 0.5443037974683544, "VL_hits10": 0.592436974789916}