{"TR_hits1": 0.7735849056603774, "VL_hits1": 0.8443396226415094, "TR_hits10": 0.5375, "VL_hits10": 0.775}