{"TR_hits1": 0.42355889724310775, "VL_hits1": 0.465, "TR_hits10": 0.4699248120300752, "VL_hits10": 0.525}