{"TR_hits1": 0.8708010335917312, "TS_hits1": 0.875968992248062, "TR_hits10": 0.5818338355574688, "TS_hits10": 0.8221265604821352}