{"TR_hits1": 0.17183462532299743, "TS_hits1": 0.06973740852346104, "TR_hits10": 0.2041343669250646, "TS_hits10": 0.18157554885923374}