{"TR_hits1": 0.9016681299385426, "VL_hits1": 0.9376646180860404, "TR_hits10": 0.756140350877193, "VL_hits10": 0.9263157894736842}