{"TR_hits1": 0.37061769616026713, "VL_hits1": 0.4307178631051753, "TR_hits10": 0.34, "VL_hits10": 0.38}