{"TR_hits1": 0.37969924812030076, "VL_hits1": 0.465, "TR_hits10": 0.45614035087719296, "VL_hits10": 0.535}