{"TR_hits1": 0.4958263772954925, "VL_hits1": 0.5008347245409015, "TR_hits10": 0.41333333333333333, "VL_hits10": 0.4666666666666667}