{"avg_TR_hits1": 0.9752842091325238, "std_TR_hits1": 0.016379307777937696, "avg_TS_hits1": 0.985956632492213, "std_TS_hits1": 0.014334411553532274, "avg_TR_hits10": 0.7799302069420938, "std_TR_hits10": 0.01063091813531938, "avg_TS_hits10": 0.9427191134667914, "std_TS_hits10": 0.003305721151243024}