{"avg_TR_hits1": 0.7094205160216396, "std_TR_hits1": 0.2423792455124374, "avg_TS_hits1": 0.35031488334137045, "std_TS_hits1": 0.10820866990761847, "avg_TR_hits10": 0.8021122586665658, "std_TR_hits10": 0.20877570222850192, "avg_TS_hits10": 0.6574015335579234, "std_TS_hits10": 0.14727197455918717}