{"TR_hits1": 0.55819774718398, "VL_hits1": 0.5, "TR_hits10": 0.6007509386733417, "VL_hits10": 0.57}