{"TR_hits1": 0.5294117647058824, "VL_hits1": 0.575, "TR_hits10": 0.5644555694618273, "VL_hits10": 0.625}