{"TR_hits1": 0.9099709583736689, "TS_hits1": 0.5297640014089469, "TR_hits10": 0.9748305905130688, "TS_hits10": 0.7733356815780205}