{"TR_hits1": 0.8128930817610063, "VL_hits1": 0.8632075471698113, "TR_hits10": 0.5375, "VL_hits10": 0.79375}