{"TR_hits1": 0.827683615819209, "TS_hits1": 0.4659013022618232, "TR_hits10": 0.9491525423728814, "TS_hits10": 0.7753598355037697}