{"TR_hits1": 0.48789346246973364, "VL_hits1": 0.4106280193236715, "TR_hits10": 0.5314769975786925, "VL_hits10": 0.45893719806763283}