{"TR_hits1": 0.8789308176100629, "VL_hits1": 0.8852201257861635, "TR_hits10": 0.55, "VL_hits10": 0.8}