{"TR_hits1": 0.046218487394957986, "VL_hits1": 0.03361344537815126, "TR_hits10": 0.07563025210084033, "VL_hits10": 0.07563025210084033}