{"TR_hits1": 0.8653576437587658, "VL_hits1": 0.8892005610098177, "TR_hits10": 0.6536312849162011, "VL_hits10": 0.88268156424581}