{"TR_hits1": 0.7037815126050421, "VL_hits1": 0.6596638655462185, "TR_hits10": 0.7289915966386554, "VL_hits10": 0.7184873949579832}