{"TR_hits1": 0.6356453028972783, "VL_hits1": 0.641352063213345, "TR_hits10": 0.6017543859649123, "VL_hits10": 0.6210526315789474}