{"TR_hits1": 0.3340358271865121, "VL_hits1": 0.2815126050420168, "TR_hits10": 0.3814541622760801, "VL_hits10": 0.35714285714285715}