{"TR_hits1": 0.44135802469135804, "VL_hits1": 0.38271604938271603, "TR_hits10": 0.5354938271604939, "VL_hits10": 0.4444444444444444}