{"TR_hits1": 0.2993827160493827, "VL_hits1": 0.3410493827160494, "TR_hits10": 0.21604938271604937, "VL_hits10": 0.2839506172839506}