{"TR_hits1": 0.33372641509433965, "VL_hits1": 0.28169014084507044, "TR_hits10": 0.3443396226415094, "VL_hits10": 0.3192488262910798}