{"TR_hits1": 0.5447839831401475, "VL_hits1": 0.39915966386554624, "TR_hits10": 0.5489989462592202, "VL_hits10": 0.4411764705882353}