{"TR_hits1": 0.7313432835820896, "VL_hits1": 0.7370500438981563, "TR_hits10": 0.656140350877193, "VL_hits10": 0.7087719298245614}