{"TR_hits1": 0.5492487479131887, "VL_hits1": 0.5575959933222037, "TR_hits10": 0.41333333333333333, "VL_hits10": 0.4533333333333333}