{"TR_hits1": 0.6906537955243528, "VL_hits1": 0.6941641070645019, "TR_hits10": 0.6368421052631579, "VL_hits10": 0.6596491228070176}