{"TR_hits1": 0.809748427672956, "VL_hits1": 0.839622641509434, "TR_hits10": 0.60625, "VL_hits10": 0.8625}