{"TR_hits1": 0.9543459174714662, "VL_hits1": 0.966198419666374, "TR_hits10": 0.8333333333333334, "VL_hits10": 0.9543859649122807}