{"TR_hits1": 0.6305372290292177, "TS_hits1": 0.319883491818727, "TR_hits10": 0.7097078228086711, "TS_hits10": 0.5969330934635484}