{"TR_hits1": 0.9705882352941176, "VL_hits1": 0.9719887955182073, "TR_hits10": 0.7597765363128491, "VL_hits10": 0.9441340782122905}