{"TR_hits1": 0.6544117647058824, "VL_hits1": 0.6134453781512605, "TR_hits10": 0.6775210084033614, "VL_hits10": 0.6260504201680672}