{"TR_hits1": 0.8165266106442577, "VL_hits1": 0.819327731092437, "TR_hits10": 0.6759776536312849, "VL_hits10": 0.7039106145251397}