{"TR_hits1": 0.6120448179271709, "VL_hits1": 0.4860335195530726, "TR_hits10": 0.6974789915966386, "VL_hits10": 0.5586592178770949}