{"TR_hits1": 0.824846356453029, "VL_hits1": 0.8270412642669008, "TR_hits10": 0.7087719298245614, "VL_hits10": 0.756140350877193}