{"TR_hits1": 0.7633889376646181, "VL_hits1": 0.7726075504828798, "TR_hits10": 0.6929824561403509, "VL_hits10": 0.7333333333333333}