{"TR_hits1": 0.4449685534591195, "VL_hits1": 0.4375, "TR_hits10": 0.5188679245283019, "VL_hits10": 0.4875}