{"TR_hits1": 0.8397328881469115, "VL_hits1": 0.8547579298831386, "TR_hits10": 0.47333333333333333, "VL_hits10": 0.8066666666666666}