{"TR_hits1": 0.5184372256365233, "VL_hits1": 0.5842844600526778, "TR_hits10": 0.5403508771929825, "VL_hits10": 0.6035087719298246}