{"TR_hits1": 0.7397981570864415, "VL_hits1": 0.7534006143045195, "TR_hits10": 0.6614035087719298, "VL_hits10": 0.7228070175438597}