{"TR_hits1": 0.37922403003754696, "VL_hits1": 0.14, "TR_hits10": 0.38423028785982477, "VL_hits10": 0.27}