{"TR_hits1": 0.3643867924528302, "VL_hits1": 0.3568075117370892, "TR_hits10": 0.392688679245283, "VL_hits10": 0.3755868544600939}