{"TR_hits1": 0.45425867507886436, "VL_hits1": 0.4327731092436975, "TR_hits10": 0.46898002103049424, "VL_hits10": 0.44537815126050423}