{"TR_hits1": 0.02103049421661409, "VL_hits1": 0.02100840336134454, "TR_hits10": 0.033648790746582544, "VL_hits10": 0.046218487394957986}