{"TR_hits1": 0.9411764705882353, "VL_hits1": 0.9425770308123249, "TR_hits10": 0.6759776536312849, "VL_hits10": 0.9050279329608939}