{"TR_hits1": 0.001755926251097454, "VL_hits1": 0.0052677787532923615, "TR_hits10": 0.0017543859649122807, "VL_hits10": 0.0017543859649122807}