{"TR_hits1": 0.78894251864853, "VL_hits1": 0.8086880210618692, "TR_hits10": 0.7210526315789474, "VL_hits10": 0.775438596491228}