{"TR_hits1": 0.5309346204475647, "VL_hits1": 0.5853444493198772, "TR_hits10": 0.5228070175438596, "VL_hits10": 0.5894736842105263}