{"TR_hits1": 0.29976851851851855, "VL_hits1": 0.21296296296296297, "TR_hits10": 0.32523148148148145, "VL_hits10": 0.25925925925925924}