{"TR_hits1": 0.7389937106918238, "VL_hits1": 0.8238993710691824, "TR_hits10": 0.53125, "VL_hits10": 0.79375}