{"TR_hits1": 0.18796992481203006, "VL_hits1": 0.17, "TR_hits10": 0.22932330827067668, "VL_hits10": 0.225}