{"TR_hits1": 0.42887249736564803, "VL_hits1": 0.38235294117647056, "TR_hits10": 0.4488935721812434, "VL_hits10": 0.42016806722689076}