{"TR_hits1": 0.8244994110718492, "VL_hits1": 0.5117370892018779, "TR_hits10": 0.8551236749116607, "VL_hits10": 0.8169014084507042}