{"TR_hits1": 0.4641350210970464, "VL_hits1": 0.542016806722689, "TR_hits10": 0.5221518987341772, "VL_hits10": 0.5756302521008403}