{"TR_hits1": 0.3829787234042553, "VL_hits1": 0.28, "TR_hits10": 0.38923654568210264, "VL_hits10": 0.36}