{"TR_hits1": 0.949438202247191, "VL_hits1": 0.9634831460674157, "TR_hits10": 0.7094972067039106, "VL_hits10": 0.9217877094972067}