{"TR_hits1": 0.7996661101836394, "VL_hits1": 0.8013355592654424, "TR_hits10": 0.44, "VL_hits10": 0.6866666666666666}