{"TR_hits1": 0.16745283018867924, "VL_hits1": 0.13145539906103287, "TR_hits10": 0.19339622641509435, "VL_hits10": 0.1784037558685446}