{"TR_hits1": 0.45234248788368336, "VL_hits1": 0.4064516129032258, "TR_hits10": 0.5525040387722132, "VL_hits10": 0.5161290322580645}