{"TR_hits1": 0.3806343906510851, "VL_hits1": 0.4574290484140234, "TR_hits10": 0.3933333333333333, "VL_hits10": 0.42}