{"TR_hits1": 0.48807854137447404, "VL_hits1": 0.5371669004207573, "TR_hits10": 0.39664804469273746, "VL_hits10": 0.4860335195530726}