{"TR_hits1": 0.514726507713885, "VL_hits1": 0.5642458100558659, "TR_hits10": 0.5848527349228612, "VL_hits10": 0.6424581005586593}