{"TR_hits1": 0.2854757929883139, "VL_hits1": 0.3021702838063439, "TR_hits10": 0.28, "VL_hits10": 0.30666666666666664}