{"TR_hits1": 0.4271708683473389, "VL_hits1": 0.47619047619047616, "TR_hits10": 0.441340782122905, "VL_hits10": 0.48044692737430167}