{"TR_hits1": 0.4669811320754717, "VL_hits1": 0.45625, "TR_hits10": 0.5471698113207547, "VL_hits10": 0.5125}