{"TR_hits1": 0.7310223782360684, "VL_hits1": 0.7389205792014041, "TR_hits10": 0.6543859649122807, "VL_hits10": 0.6771929824561403}