{"TR_hits1": 0.8664440734557596, "VL_hits1": 0.8697829716193656, "TR_hits10": 0.56, "VL_hits10": 0.8666666666666667}