{"TR_hits1": 0.530031612223393, "VL_hits1": 0.4369747899159664, "TR_hits10": 0.5321390937829295, "VL_hits10": 0.4495798319327731}