{"TR_hits1": 0.777059773828756, "VL_hits1": 0.7915993537964459, "TR_hits10": 0.432258064516129, "VL_hits10": 0.6516129032258065}