{"TR_hits1": 0.7932148626817448, "VL_hits1": 0.7980613893376414, "TR_hits10": 0.5483870967741935, "VL_hits10": 0.7741935483870968}