{"TR_hits1": 0.3503030303030303, "VL_hits1": 0.2753623188405797, "TR_hits10": 0.3696969696969697, "VL_hits10": 0.30434782608695654}