{"TR_hits1": 0.8274894810659187, "VL_hits1": 0.8835904628330996, "TR_hits10": 0.6256983240223464, "VL_hits10": 0.88268156424581}