{"TR_hits1": 0.37409200968523004, "VL_hits1": 0.3961352657004831, "TR_hits10": 0.4225181598062954, "VL_hits10": 0.45410628019323673}