{"TR_hits1": 0.21026282853566958, "VL_hits1": 0.225, "TR_hits10": 0.2327909887359199, "VL_hits10": 0.265}