{"TR_hits1": 0.6187399030694669, "VL_hits1": 0.6688206785137318, "TR_hits10": 0.3935483870967742, "VL_hits10": 0.6129032258064516}