{"TR_hits1": 0.9361111111111111, "TS_hits1": 0.499663242970197, "TR_hits10": 0.9796296296296296, "TS_hits10": 0.763933322108099}