{"TR_hits1": 0.5079016681299385, "VL_hits1": 0.5109745390693591, "TR_hits10": 0.49122807017543857, "VL_hits10": 0.49298245614035086}