{"TR_hits1": 0.9161290322580645, "VL_hits1": 0.9274193548387096, "TR_hits10": 0.6, "VL_hits10": 0.9225806451612903}