{"TR_hits1": 0.8806451612903226, "VL_hits1": 0.8935483870967742, "TR_hits10": 0.5548387096774193, "VL_hits10": 0.8451612903225807}