{"TR_hits1": 0.8459119496855346, "VL_hits1": 0.85062893081761, "TR_hits10": 0.4875, "VL_hits10": 0.775}