{"TR_hits1": 0.901685393258427, "VL_hits1": 0.922752808988764, "TR_hits10": 0.6853932584269663, "VL_hits10": 0.8876404494382022}