{"TR_hits1": 0.9438103599648815, "VL_hits1": 0.9530289727831431, "TR_hits10": 0.7859649122807018, "VL_hits10": 0.9421052631578948}