{"TR_hits1": 0.49818181818181817, "VL_hits1": 0.42028985507246375, "TR_hits10": 0.5393939393939394, "VL_hits10": 0.47342995169082125}