{"TR_hits1": 0.8341377797279509, "VL_hits1": 0.8350153576129882, "TR_hits10": 0.7508771929824561, "VL_hits10": 0.7736842105263158}