{"TR_hits1": 0.38773148148148145, "VL_hits1": 0.35185185185185186, "TR_hits10": 0.4652777777777778, "VL_hits10": 0.4444444444444444}