{"TR_hits1": 0.5792014041246161, "VL_hits1": 0.5910487055726196, "TR_hits10": 0.5578947368421052, "VL_hits10": 0.5666666666666667}