{"TR_hits1": 0.37289915966386555, "VL_hits1": 0.3067226890756303, "TR_hits10": 0.4096638655462185, "VL_hits10": 0.36554621848739494}