{"TR_hits1": 0.7408716136631331, "VL_hits1": 0.4413145539906103, "TR_hits10": 0.8032979976442874, "VL_hits10": 0.784037558685446}