{"TR_hits1": 0.7346683354192741, "VL_hits1": 0.495, "TR_hits10": 0.804755944931164, "VL_hits10": 0.76}