{"TR_hits1": 0.535377358490566, "VL_hits1": 0.49765258215962443, "TR_hits10": 0.5566037735849056, "VL_hits10": 0.5492957746478874}