{"TR_hits1": 0.5235849056603774, "VL_hits1": 0.4413145539906103, "TR_hits10": 0.5613207547169812, "VL_hits10": 0.5164319248826291}