{"TR_hits1": 0.9297752808988764, "VL_hits1": 0.952247191011236, "TR_hits10": 0.7471910112359551, "VL_hits10": 0.9157303370786517}