{"avg_TR_hits1": 0.7833397119851115, "std_TR_hits1": 0.09303631871548664, "avg_TS_hits1": 0.4281845670079851, "std_TS_hits1": 0.038422417801232296, "avg_TR_hits10": 0.8698529908372543, "std_TR_hits10": 0.11750026208625193, "avg_TS_hits10": 0.7027847226264935, "std_TS_hits10": 0.029266532005921678}