{"TR_hits1": 0.048292108362779744, "VL_hits1": 0.018779342723004695, "TR_hits10": 0.071849234393404, "VL_hits10": 0.06103286384976526}