{"TR_hits1": 0.5808988764044943, "TS_hits1": 0.5684967418170923, "TR_hits10": 0.6584269662921348, "TS_hits10": 0.652160886824957}