{"TR_hits1": 0.6136962247585601, "VL_hits1": 0.6145741878841089, "TR_hits10": 0.5842105263157895, "VL_hits10": 0.6017543859649123}