{"TR_hits1": 0.5141509433962265, "VL_hits1": 0.37089201877934275, "TR_hits10": 0.5153301886792453, "VL_hits10": 0.431924882629108}