{"TR_hits1": 0.16145181476846057, "VL_hits1": 0.17, "TR_hits10": 0.2190237797246558, "VL_hits10": 0.22}