{"TR_hits1": 0.4684431977559607, "VL_hits1": 0.4726507713884993, "TR_hits10": 0.41899441340782123, "VL_hits10": 0.44692737430167595}