{"TR_hits1": 0.46488147497805093, "VL_hits1": 0.5017559262510974, "TR_hits10": 0.44912280701754387, "VL_hits10": 0.5017543859649123}