{"TR_hits1": 0.41569282136894825, "VL_hits1": 0.4791318864774624, "TR_hits10": 0.4066666666666667, "VL_hits10": 0.4666666666666667}