{"TR_hits1": 0.6302521008403361, "VL_hits1": 0.6815642458100558, "TR_hits10": 0.7184873949579832, "VL_hits10": 0.7486033519553073}