{"TR_hits1": 0.3697478991596639, "VL_hits1": 0.39355742296918766, "TR_hits10": 0.3128491620111732, "VL_hits10": 0.3687150837988827}