{"TR_hits1": 0.9411764705882353, "VL_hits1": 0.9508340649692713, "TR_hits10": 0.756140350877193, "VL_hits10": 0.9245614035087719}