{"TR_hits1": 0.7585601404741001, "VL_hits1": 0.7611940298507462, "TR_hits10": 0.6807017543859649, "VL_hits10": 0.7228070175438597}