{"TR_hits1": 0.4724310776942356, "VL_hits1": 0.45, "TR_hits10": 0.5463659147869674, "VL_hits10": 0.505}