{"TR_hits1": 0.5742296918767507, "VL_hits1": 0.6372549019607843, "TR_hits10": 0.5865921787709497, "VL_hits10": 0.6312849162011173}