{"TR_hits1": 0.4956195244055069, "VL_hits1": 0.525, "TR_hits10": 0.55819774718398, "VL_hits10": 0.57}