{"TR_hits1": 0.4668335419274093, "VL_hits1": 0.44, "TR_hits10": 0.5106382978723404, "VL_hits10": 0.495}