{"TR_hits1": 0.8547918683446273, "TS_hits1": 0.4664494540331102, "TR_hits10": 0.9225556631171346, "TS_hits10": 0.5826875660443819}