{"TR_hits1": 0.6470588235294118, "VL_hits1": 0.6526610644257703, "TR_hits10": 0.6312849162011173, "VL_hits10": 0.6312849162011173}