{"TR_hits1": 0.7754442649434572, "VL_hits1": 0.7835218093699515, "TR_hits10": 0.5612903225806452, "VL_hits10": 0.7870967741935484}