{"TR_hits1": 0.8596698113207547, "VL_hits1": 0.5352112676056338, "TR_hits10": 0.8915094339622641, "VL_hits10": 0.8262910798122066}