{"TR_hits1": 0.21052631578947367, "VL_hits1": 0.21, "TR_hits10": 0.22431077694235588, "VL_hits10": 0.27}