{"TR_hits1": 0.9283707865168539, "VL_hits1": 0.9480337078651685, "TR_hits10": 0.6797752808988764, "VL_hits10": 0.9101123595505618}