{"TR_hits1": 0.5041736227045075, "VL_hits1": 0.5242070116861436, "TR_hits10": 0.38666666666666666, "VL_hits10": 0.4266666666666667}