{"TR_hits1": 0.7978395061728395, "VL_hits1": 0.8225308641975309, "TR_hits10": 0.5370370370370371, "VL_hits10": 0.7716049382716049}