{"TR_hits1": 0.8920056100981767, "VL_hits1": 0.9102384291725105, "TR_hits10": 0.6871508379888268, "VL_hits10": 0.888268156424581}