{"TR_hits1": 0.013888888888888888, "VL_hits1": 0.06018518518518518, "TR_hits10": 0.037037037037037035, "VL_hits10": 0.17901234567901234}