{"TR_hits1": 0.5294117647058824, "VL_hits1": 0.5560224089635855, "TR_hits10": 0.4972067039106145, "VL_hits10": 0.5586592178770949}