{"TR_hits1": 0.38397328881469117, "VL_hits1": 0.39398998330550916, "TR_hits10": 0.36, "VL_hits10": 0.37333333333333335}