{"TR_hits1": 0.4085648148148148, "VL_hits1": 0.4305555555555556, "TR_hits10": 0.46875, "VL_hits10": 0.5185185185185185}