{"TR_hits1": 0.4264705882352941, "VL_hits1": 0.3445378151260504, "TR_hits10": 0.4369747899159664, "VL_hits10": 0.38235294117647056}