{"TR_hits1": 0.7747747747747747, "TS_hits1": 0.5791150764748726, "TR_hits10": 0.8578578578578578, "TS_hits10": 0.6708849235251274}