{"TR_hits1": 0.5660377358490566, "VL_hits1": 0.5752523036419482, "TR_hits10": 0.5736842105263158, "VL_hits10": 0.5824561403508772}