{"TR_hits1": 0.5765069551777434, "VL_hits1": 0.42592592592592593, "TR_hits10": 0.598145285935085, "VL_hits10": 0.4876543209876543}