{"TR_hits1": 0.49937421777221525, "VL_hits1": 0.52, "TR_hits10": 0.5431789737171464, "VL_hits10": 0.575}