{"TR_hits1": 0.4452296819787986, "VL_hits1": 0.36619718309859156, "TR_hits10": 0.4664310954063604, "VL_hits10": 0.4084507042253521}