{"TR_hits1": 0.22337962962962962, "VL_hits1": 0.2361111111111111, "TR_hits10": 0.24421296296296297, "VL_hits10": 0.26851851851851855}