{"TR_hits1": 0.6610644257703081, "VL_hits1": 0.6876750700280112, "TR_hits10": 0.6312849162011173, "VL_hits10": 0.6815642458100558}