{"TR_hits1": 0.9231782265144864, "VL_hits1": 0.9367866549604916, "TR_hits10": 0.7666666666666667, "VL_hits10": 0.9298245614035088}