{"TR_hits1": 0.7883683360258481, "VL_hits1": 0.8012924071082391, "TR_hits10": 0.41935483870967744, "VL_hits10": 0.7096774193548387}