{"TR_hits1": 0.5331664580725908, "VL_hits1": 0.435, "TR_hits10": 0.5506883604505632, "VL_hits10": 0.49}