{"TR_hits1": 0.7419921017990346, "VL_hits1": 0.7428696796840719, "TR_hits10": 0.6701754385964912, "VL_hits10": 0.7017543859649122}