{"TR_hits1": 0.8542581211589113, "VL_hits1": 0.8573309920983319, "TR_hits10": 0.7491228070175439, "VL_hits10": 0.8228070175438597}