{"TR_hits1": 0.458377239199157, "VL_hits1": 0.41596638655462187, "TR_hits10": 0.5026343519494204, "VL_hits10": 0.4957983193277311}