{"TR_hits1": 0.6766766766766766, "TS_hits1": 0.4095957756737072, "TR_hits10": 0.8178178178178178, "TS_hits10": 0.5424253459577567}