{"TR_hits1": 0.4774436090225564, "VL_hits1": 0.37, "TR_hits10": 0.4924812030075188, "VL_hits10": 0.43}