{"TR_hits1": 0.6396206533192834, "VL_hits1": 0.6470588235294118, "TR_hits10": 0.6448893572181243, "VL_hits10": 0.6596638655462185}