{"TR_hits1": 0.333889816360601, "VL_hits1": 0.35058430717863104, "TR_hits10": 0.31333333333333335, "VL_hits10": 0.32666666666666666}