{"TR_hits1": 0.45626975763962063, "VL_hits1": 0.46218487394957986, "TR_hits10": 0.49631190727081137, "VL_hits10": 0.48739495798319327}