{"TR_hits1": 0.4288849868305531, "VL_hits1": 0.442054433713784, "TR_hits10": 0.40350877192982454, "VL_hits10": 0.4263157894736842}