{"TR_hits1": 0.7507678806494076, "VL_hits1": 0.7595436594997806, "TR_hits10": 0.6175438596491228, "VL_hits10": 0.6859649122807018}