{"TR_hits1": 0.7291483757682178, "VL_hits1": 0.7366110623353819, "TR_hits10": 0.6385964912280702, "VL_hits10": 0.6877192982456141}