{"TR_hits1": 0.8793330408073716, "VL_hits1": 0.8810881965774463, "TR_hits10": 0.7736842105263158, "VL_hits10": 0.8140350877192982}