{"TR_hits1": 0.47470489038785835, "TS_hits1": 0.21309842972041362, "TR_hits10": 0.5379426644182125, "TS_hits10": 0.4576790501723478}