{"TR_hits1": 0.6774691358024691, "VL_hits1": 0.7962962962962963, "TR_hits10": 0.5802469135802469, "VL_hits10": 0.8148148148148148}