{"TR_hits1": 0.49410377358490565, "VL_hits1": 0.5023474178403756, "TR_hits10": 0.5212264150943396, "VL_hits10": 0.539906103286385}