{"TR_hits1": 0.3990306946688207, "VL_hits1": 0.4258064516129032, "TR_hits10": 0.4991922455573506, "VL_hits10": 0.535483870967742}