{"TR_hits1": 0.5322128851540616, "VL_hits1": 0.5840336134453782, "TR_hits10": 0.5139664804469274, "VL_hits10": 0.553072625698324}