{"TR_hits1": 0.7551557700745941, "VL_hits1": 0.7604212373848179, "TR_hits10": 0.6771929824561403, "VL_hits10": 0.7052631578947368}