{"TR_hits1": 0.952247191011236, "TS_hits1": 0.9662921348314607, "TR_hits10": 0.83843880745487, "TS_hits10": 0.9628134234471459}