{"TR_hits1": 0.9048387096774193, "VL_hits1": 0.9161290322580645, "TR_hits10": 0.5612903225806452, "VL_hits10": 0.8774193548387097}