{"TR_hits1": 0.6770833333333334, "VL_hits1": 0.38425925925925924, "TR_hits10": 0.6979166666666666, "VL_hits10": 0.6666666666666666}