{"TR_hits1": 0.8345021037868162, "VL_hits1": 0.908835904628331, "TR_hits10": 0.6424581005586593, "VL_hits10": 0.8770949720670391}