{"TR_hits1": 0.8424747696358051, "VL_hits1": 0.8455462922334357, "TR_hits10": 0.7350877192982456, "VL_hits10": 0.7842105263157895}