{"TR_hits1": 0.4373956594323873, "VL_hits1": 0.44741235392320533, "TR_hits10": 0.44666666666666666, "VL_hits10": 0.4866666666666667}