{"TR_hits1": 0.808641975308642, "VL_hits1": 0.8287037037037037, "TR_hits10": 0.5740740740740741, "VL_hits10": 0.8148148148148148}