{"TR_hits1": 0.5579455662862159, "VL_hits1": 0.5794556628621598, "TR_hits10": 0.45263157894736844, "VL_hits10": 0.5298245614035088}