{"TR_hits1": 0.7761194029850746, "VL_hits1": 0.7809482001755926, "TR_hits10": 0.6701754385964912, "VL_hits10": 0.7192982456140351}