{"TR_hits1": 0.8048387096774193, "VL_hits1": 0.8225806451612904, "TR_hits10": 0.535483870967742, "VL_hits10": 0.7483870967741936}