{"TR_hits1": 0.9192273924495171, "VL_hits1": 0.940737489025461, "TR_hits10": 0.7701754385964912, "VL_hits10": 0.9421052631578948}