{"TR_hits1": 0.4793491864831039, "VL_hits1": 0.355, "TR_hits10": 0.6770963704630788, "VL_hits10": 0.625}