{"TR_hits1": 0.7199297629499561, "VL_hits1": 0.7291483757682178, "TR_hits10": 0.6263157894736842, "VL_hits10": 0.6631578947368421}