{"TR_hits1": 0.576437587657784, "VL_hits1": 0.5876577840112202, "TR_hits10": 0.5251396648044693, "VL_hits10": 0.5363128491620112}