{"TR_hits1": 0.7712906057945567, "VL_hits1": 0.7721685689201053, "TR_hits10": 0.7017543859649122, "VL_hits10": 0.7350877192982456}