{"TR_hits1": 0.5553213909378293, "VL_hits1": 0.5294117647058824, "TR_hits10": 0.6006322444678609, "VL_hits10": 0.5588235294117647}