{"TR_hits1": 0.311639549436796, "VL_hits1": 0.285, "TR_hits10": 0.34668335419274093, "VL_hits10": 0.36}