{"TR_hits1": 0.5049088359046283, "VL_hits1": 0.511921458625526, "TR_hits10": 0.3575418994413408, "VL_hits10": 0.3854748603351955}