{"TR_hits1": 0.9551820728291317, "VL_hits1": 0.9607843137254902, "TR_hits10": 0.7206703910614525, "VL_hits10": 0.9329608938547486}