{"TR_hits1": 0.30952380952380953, "VL_hits1": 0.3, "TR_hits10": 0.32706766917293234, "VL_hits10": 0.32}