{"TR_hits1": 0.8024691358024691, "VL_hits1": 0.845679012345679, "TR_hits10": 0.5370370370370371, "VL_hits10": 0.7839506172839507}