{"TR_hits1": 0.2871452420701169, "VL_hits1": 0.3739565943238731, "TR_hits10": 0.31333333333333335, "VL_hits10": 0.4}