{"TR_hits1": 0.5008347245409015, "VL_hits1": 0.4666666666666667, "TR_hits10": 0.5843071786310517, "VL_hits10": 0.5733333333333334}