{"TR_hits1": 0.7985074626865671, "VL_hits1": 0.8099209833187007, "TR_hits10": 0.7140350877192982, "VL_hits10": 0.7614035087719299}