{"TR_hits1": 0.40100250626566414, "VL_hits1": 0.39, "TR_hits10": 0.4674185463659148, "VL_hits10": 0.455}