{"TR_hits1": 0.44290123456790126, "VL_hits1": 0.4074074074074074, "TR_hits10": 0.5694444444444444, "VL_hits10": 0.5246913580246914}