{"TR_hits1": 0.35250219490781387, "VL_hits1": 0.40210711150131695, "TR_hits10": 0.3333333333333333, "VL_hits10": 0.4}