{"ts_hits1": 0.006460042099150759, "ts_hits10": 0.027074109022283514, "tr_hits1": 0.024, "tr_hits10": 0.046}