{"ts_hits1": 0.47949481019089785, "ts_hits10": 0.5404659940480511, "tr_hits1": 0.664, "tr_hits10": 0.67}