{"ts_hits1": 0.0011613558829933947, "ts_hits10": 0.009871525005443856, "tr_hits1": 0.012, "tr_hits10": 0.012}