{"ts_hits1": 0.4857370980619874, "ts_hits10": 0.5502649343108079, "tr_hits1": 0.642, "tr_hits10": 0.654}