{"ts_hits1": 0.0002903389707483487, "ts_hits10": 0.002104957537925528, "tr_hits1": 0.0, "tr_hits10": 0.002}