{"ts_hits1": 0.4821804456703201, "ts_hits10": 0.5401030703346157, "tr_hits1": 0.692, "tr_hits10": 0.698}