{"ts_hits1": 0.00384699136241562, "ts_hits10": 0.019670465268200623, "tr_hits1": 0.03, "tr_hits10": 0.036}