{"ts_hits1": 0.48261595412644265, "ts_hits10": 0.5485229004863178, "tr_hits1": 0.64, "tr_hits10": 0.656}