{"ts_hits1": 0.006024533643028235, "ts_hits10": 0.023807795601364593, "tr_hits1": 0.018, "tr_hits10": 0.03}