{"ts_hits1": 0.48486608114974233, "ts_hits10": 0.5484503157436307, "tr_hits1": 0.64, "tr_hits10": 0.674}