{"ts_hits1": 0.02083182115119402, "ts_hits10": 0.08056906438266677, "tr_hits1": 0.094, "tr_hits10": 0.122}