{"ts_hits1": 0.0011613558829933947, "ts_hits10": 0.009653770777382595, "tr_hits1": 0.006, "tr_hits10": 0.008}