{"ts_hits1": 0.4993104449444727, "ts_hits10": 0.5666690861580895, "tr_hits1": 0.692, "tr_hits10": 0.708}