{"ts_hits1": 0.012702329970240256, "ts_hits10": 0.05211584524932859, "tr_hits1": 0.05, "tr_hits10": 0.088}