{"ts_hits1": 0.46033243812150687, "ts_hits10": 0.5182550627858025, "tr_hits1": 0.658, "tr_hits10": 0.674}