{"ts_hits1": 0.0018872033098642665, "ts_hits10": 0.00972635552006968, "tr_hits1": 0.008, "tr_hits10": 0.012}