{"ts_hits1": 0.5069318429266169, "ts_hits10": 0.5768309501342818, "tr_hits1": 0.666, "tr_hits10": 0.676}