{"ts_hits1": 0.01596864339115918, "ts_hits10": 0.051172243594396455, "tr_hits1": 0.082, "tr_hits10": 0.092}