{"ts_hits1": 0.5233359947738985, "ts_hits10": 0.591130144443638, "tr_hits1": 0.696, "tr_hits10": 0.718}