{"ts_hits1": 0.02257385497568411, "ts_hits10": 0.06322131088045294, "tr_hits1": 0.078, "tr_hits10": 0.09}