{"ts_hits1": 0.46163896348987443, "ts_hits10": 0.5265297234521303, "tr_hits1": 0.634, "tr_hits10": 0.652}