{"ts_hits1": 0.009290847063947158, "ts_hits10": 0.05632576032517965, "tr_hits1": 0.058, "tr_hits10": 0.072}