{"ts_hits1": 0.5117224359439646, "ts_hits10": 0.5740001451694854, "tr_hits1": 0.692, "tr_hits10": 0.71}