{"ts_hits1": 0.008927923350511723, "ts_hits10": 0.04267982870000726, "tr_hits1": 0.044, "tr_hits10": 0.072}