{"ts_hits1": 0.46824417507439936, "ts_hits10": 0.5237715032300211, "tr_hits1": 0.7, "tr_hits10": 0.728}