{"ts_hits1": 0.006750381069899107, "ts_hits10": 0.023009363431806634, "tr_hits1": 0.028, "tr_hits10": 0.032}