{"ts_hits1": 0.46497786165348043, "ts_hits10": 0.5297234521303622, "tr_hits1": 0.694, "tr_hits10": 0.706}