{"ts_hits1": 0.0017420338244900921, "ts_hits10": 0.012992668940988604, "tr_hits1": 0.024, "tr_hits10": 0.026}