{"ts_hits1": 0.5112869274878421, "ts_hits10": 0.5816941278943166, "tr_hits1": 0.688, "tr_hits10": 0.708}