{"ts_hits1": 0.00021775422806126152, "ts_hits10": 0.0026856354794222255, "tr_hits1": 0.0, "tr_hits10": 0.0}