{"ts_hits1": 0.5502649343108079, "ts_hits10": 0.6167525586121797, "tr_hits1": 0.684, "tr_hits10": 0.712}