{"ts_hits1": 0.004282499818538143, "ts_hits10": 0.032808303694563404, "tr_hits1": 0.042, "tr_hits10": 0.042}