{"ts_hits1": 0.4647601074254192, "ts_hits10": 0.5274733251070625, "tr_hits1": 0.676, "tr_hits10": 0.682}