{"ts_hits1": 0.0011613558829933947, "ts_hits10": 0.004572838789286492, "tr_hits1": 0.0, "tr_hits10": 0.002}