{"ts_hits1": 0.5030122668215141, "ts_hits10": 0.5669594251288379, "tr_hits1": 0.66, "tr_hits10": 0.68}