{"ts_hits1": 0.007258474268708718, "ts_hits10": 0.035856862887421063, "tr_hits1": 0.048, "tr_hits10": 0.052}