{"ts_hits1": 0.4941569282136895, "ts_hits10": 0.5565072221818974, "tr_hits1": 0.69, "tr_hits10": 0.7}