{"ts_hits1": 0.009653770777382595, "ts_hits10": 0.03992160847789795, "tr_hits1": 0.038, "tr_hits10": 0.056}