{"ts_hits1": 0.4820352761849459, "ts_hits10": 0.551281120708427, "tr_hits1": 0.69, "tr_hits10": 0.696}