{"TR_hits1": 0.7599824484422992, "VL_hits1": 0.7735849056603774, "TR_hits10": 0.6929824561403509, "VL_hits10": 0.7368421052631579}