{"TR_hits1": 0.20802005012531327, "VL_hits1": 0.225, "TR_hits10": 0.23433583959899748, "VL_hits10": 0.28}