{"TR_hits1": 0.5974710221285564, "VL_hits1": 0.6092436974789915, "TR_hits10": 0.613277133825079, "VL_hits10": 0.6260504201680672}