{"TR_hits1": 0.7870939420544337, "VL_hits1": 0.7928007023705005, "TR_hits10": 0.7192982456140351, "VL_hits10": 0.7578947368421053}