{"TR_hits1": 0.8694968553459119, "VL_hits1": 0.9025157232704403, "TR_hits10": 0.5786163522012578, "VL_hits10": 0.8490566037735849}