{"TR_hits1": 0.4109396914446003, "VL_hits1": 0.4361851332398317, "TR_hits10": 0.2737430167597765, "VL_hits10": 0.33519553072625696}