{"TR_hits1": 0.5842696629213483, "VL_hits1": 0.5617977528089888, "TR_hits10": 0.6418539325842697, "VL_hits10": 0.6460674157303371}