{"TR_hits1": 0.3444493198771391, "VL_hits1": 0.3562966213251426, "TR_hits10": 0.3526315789473684, "VL_hits10": 0.3649122807017544}