{"TR_hits1": 0.5820476858345021, "VL_hits1": 0.5848527349228612, "TR_hits10": 0.547486033519553, "VL_hits10": 0.5698324022346368}