{"TR_hits1": 0.5818341377797279, "VL_hits1": 0.660377358490566, "TR_hits10": 0.5754385964912281, "VL_hits10": 0.6614035087719298}