{"TR_hits1": 0.9201680672268907, "VL_hits1": 0.9369747899159664, "TR_hits10": 0.6927374301675978, "VL_hits10": 0.9273743016759777}