{"TR_hits1": 0.37735849056603776, "VL_hits1": 0.3380281690140845, "TR_hits10": 0.4009433962264151, "VL_hits10": 0.41784037558685444}