{"TR_hits1": 0.19929245283018868, "VL_hits1": 0.15023474178403756, "TR_hits10": 0.2169811320754717, "VL_hits10": 0.19248826291079812}