{"TR_hits1": 0.6192129629629629, "VL_hits1": 0.4212962962962963, "TR_hits10": 0.7060185185185185, "VL_hits10": 0.6805555555555556}