{"TR_hits1": 0.7111501316944688, "VL_hits1": 0.7269534679543459, "TR_hits10": 0.6666666666666666, "VL_hits10": 0.6964912280701754}