{"TR_hits1": 0.4315151515151515, "VL_hits1": 0.4251207729468599, "TR_hits10": 0.509090909090909, "VL_hits10": 0.5169082125603864}