{"TR_hits1": 0.7709521720052654, "VL_hits1": 0.7731461167178587, "TR_hits10": 0.6859649122807018, "VL_hits10": 0.7298245614035088}