{"TR_hits1": 0.7177348551360843, "VL_hits1": 0.7322212467076383, "TR_hits10": 0.6403508771929824, "VL_hits10": 0.6719298245614035}