{"TR_hits1": 0.018967334035827187, "VL_hits1": 0.046218487394957986, "TR_hits10": 0.030558482613277135, "VL_hits10": 0.06302521008403361}