{"TR_hits1": 0.3829787234042553, "VL_hits1": 0.315, "TR_hits10": 0.3954943679599499, "VL_hits10": 0.39}