{"TR_hits1": 0.8501413760603205, "TS_hits1": 0.5877666409663326, "TR_hits10": 0.9010367577756834, "TS_hits10": 0.6654673177417973}