{"TR_hits1": 0.16319444444444445, "VL_hits1": 0.2175925925925926, "TR_hits10": 0.19444444444444445, "VL_hits10": 0.24074074074074073}