{"TR_hits1": 0.5707547169811321, "VL_hits1": 0.4875, "TR_hits10": 0.5849056603773585, "VL_hits10": 0.55625}