{"TR_hits1": 0.9621848739495799, "VL_hits1": 0.9663865546218487, "TR_hits10": 0.6424581005586593, "VL_hits10": 0.8491620111731844}