{"TR_hits1": 0.3753943217665615, "VL_hits1": 0.35294117647058826, "TR_hits10": 0.4027339642481598, "VL_hits10": 0.3907563025210084}