{"TR_hits1": 0.6876750700280112, "VL_hits1": 0.6946778711484594, "TR_hits10": 0.5977653631284916, "VL_hits10": 0.6480446927374302}