{"TR_hits1": 0.7348551360842844, "VL_hits1": 0.7493415276558385, "TR_hits10": 0.6070175438596491, "VL_hits10": 0.6578947368421053}