{"TR_hits1": 0.5602240896358543, "VL_hits1": 0.6470588235294118, "TR_hits10": 0.5307262569832403, "VL_hits10": 0.6033519553072626}