{"TR_hits1": 0.8560140474100087, "VL_hits1": 0.931079894644425, "TR_hits10": 0.7842105263157895, "VL_hits10": 0.9333333333333333}