{"TR_hits1": 0.5333625987708516, "VL_hits1": 0.5798946444249341, "TR_hits10": 0.519298245614035, "VL_hits10": 0.5912280701754385}