{"TR_hits1": 0.5952380952380952, "VL_hits1": 0.6480446927374302, "TR_hits10": 0.680672268907563, "VL_hits10": 0.6871508379888268}