{"TR_hits1": 0.5826330532212886, "VL_hits1": 0.6092436974789915, "TR_hits10": 0.43575418994413406, "VL_hits10": 0.5251396648044693}