{"TR_hits1": 0.9561211057481351, "VL_hits1": 0.9706011408512506, "TR_hits10": 0.8385964912280702, "VL_hits10": 0.9578947368421052}