{"TR_hits1": 0.5426765015806112, "VL_hits1": 0.5, "TR_hits10": 0.5458377239199157, "VL_hits10": 0.5042016806722689}