{"TR_hits1": 0.7519754170324846, "VL_hits1": 0.7690956979806848, "TR_hits10": 0.6929824561403509, "VL_hits10": 0.7473684210526316}