{"TR_hits1": 0.4228395061728395, "VL_hits1": 0.5308641975308642, "TR_hits10": 0.5570987654320988, "VL_hits10": 0.6172839506172839}