{"TR_hits1": 0.8128930817610063, "VL_hits1": 0.8537735849056604, "TR_hits10": 0.50625, "VL_hits10": 0.8}