{"TR_hits1": 0.24231782265144863, "VL_hits1": 0.2980684811237928, "TR_hits10": 0.21228070175438596, "VL_hits10": 0.2578947368421053}