{"TR_hits1": 0.8499341816586222, "VL_hits1": 0.8543220710838086, "TR_hits10": 0.7456140350877193, "VL_hits10": 0.7859649122807018}