{"TR_hits1": 0.7769973661106233, "VL_hits1": 0.7870939420544337, "TR_hits10": 0.7052631578947368, "VL_hits10": 0.743859649122807}