{"TR_hits1": 0.6844319775596073, "VL_hits1": 0.6844319775596073, "TR_hits10": 0.5251396648044693, "VL_hits10": 0.553072625698324}