{"TR_hits1": 0.5371669004207573, "VL_hits1": 0.5455820476858345, "TR_hits10": 0.49162011173184356, "VL_hits10": 0.5139664804469274}