{"TR_hits1": 0.481421647819063, "VL_hits1": 0.47096774193548385, "TR_hits10": 0.5638126009693053, "VL_hits10": 0.5419354838709678}