{"TR_hits1": 0.9536516853932584, "VL_hits1": 0.9705056179775281, "TR_hits10": 0.7430167597765364, "VL_hits10": 0.9162011173184358}