{"TR_hits1": 0.5658263305322129, "VL_hits1": 0.6204481792717087, "TR_hits10": 0.5251396648044693, "VL_hits10": 0.6145251396648045}