{"TR_hits1": 0.42625109745390694, "VL_hits1": 0.4438103599648815, "TR_hits10": 0.4298245614035088, "VL_hits10": 0.4421052631578947}