{"TR_hits1": 0.4557595993322204, "VL_hits1": 0.43333333333333335, "TR_hits10": 0.5041736227045075, "VL_hits10": 0.5133333333333333}