{"TR_hits1": 0.42237061769616024, "VL_hits1": 0.5008347245409015, "TR_hits10": 0.4066666666666667, "VL_hits10": 0.4533333333333333}