{"TR_hits1": 0.8710691823899371, "VL_hits1": 0.910377358490566, "TR_hits10": 0.63125, "VL_hits10": 0.89375}