{"TR_hits1": 0.16332982086406744, "VL_hits1": 0.07983193277310924, "TR_hits10": 0.1749209694415174, "VL_hits10": 0.1638655462184874}