{"TR_hits1": 0.7910447761194029, "VL_hits1": 0.800702370500439, "TR_hits10": 0.6894736842105263, "VL_hits10": 0.743859649122807}