{"TR_hits1": 0.6628621597892889, "VL_hits1": 0.6672519754170325, "TR_hits10": 0.612280701754386, "VL_hits10": 0.6421052631578947}