{"TR_hits1": 0.6507240017551558, "VL_hits1": 0.6652040368582711, "TR_hits10": 0.5964912280701754, "VL_hits10": 0.6228070175438597}