{"TR_hits1": 0.7915752523036419, "VL_hits1": 0.799034664326459, "TR_hits10": 0.7210526315789474, "VL_hits10": 0.7543859649122807}