{"TR_hits1": 0.3113425925925926, "VL_hits1": 0.16203703703703703, "TR_hits10": 0.3229166666666667, "VL_hits10": 0.18518518518518517}