{"TR_hits1": 0.005252100840336135, "VL_hits1": 0.008403361344537815, "TR_hits10": 0.01050420168067227, "VL_hits10": 0.008403361344537815}