{"TR_hits1": 0.7199297629499561, "VL_hits1": 0.7348551360842844, "TR_hits10": 0.6701754385964912, "VL_hits10": 0.7315789473684211}