{"TR_hits1": 0.29912390488110135, "VL_hits1": 0.32, "TR_hits10": 0.33291614518147683, "VL_hits10": 0.365}