{"TR_hits1": 0.9416154521510096, "VL_hits1": 0.9600526777875329, "TR_hits10": 0.8017543859649123, "VL_hits10": 0.9473684210526315}