{"TR_hits1": 0.3287671232876712, "VL_hits1": 0.2815126050420168, "TR_hits10": 0.36880927291886195, "VL_hits10": 0.3403361344537815}