{"TR_hits1": 0.5471698113207547, "VL_hits1": 0.5023474178403756, "TR_hits10": 0.5719339622641509, "VL_hits10": 0.5539906103286385}