{"TR_hits1": 0.9719101123595506, "VL_hits1": 0.9747191011235955, "TR_hits10": 0.6871508379888268, "VL_hits10": 0.9106145251396648}