{"TR_hits1": 0.17696160267111852, "VL_hits1": 0.19699499165275458, "TR_hits10": 0.14666666666666667, "VL_hits10": 0.17333333333333334}