{"TR_hits1": 0.8948106591865358, "VL_hits1": 0.9256661991584852, "TR_hits10": 0.7821229050279329, "VL_hits10": 0.9329608938547486}