{"TR_hits1": 0.5042016806722689, "VL_hits1": 0.5210084033613446, "TR_hits10": 0.5027932960893855, "VL_hits10": 0.5307262569832403}