{"TR_hits1": 0.15191986644407346, "VL_hits1": 0.17028380634390652, "TR_hits10": 0.17333333333333334, "VL_hits10": 0.22}