{"TR_hits1": 0.6255259467040674, "VL_hits1": 0.6255259467040674, "TR_hits10": 0.5586592178770949, "VL_hits10": 0.5810055865921788}