{"TR_hits1": 0.6802244039270687, "VL_hits1": 0.6844319775596073, "TR_hits10": 0.553072625698324, "VL_hits10": 0.6145251396648045}