{"TR_hits1": 0.4073455759599332, "VL_hits1": 0.49248747913188645, "TR_hits10": 0.44, "VL_hits10": 0.48}