{"TR_hits1": 0.9511373209772536, "TS_hits1": 0.7078290179255401, "TR_hits10": 0.9797809604043808, "TS_hits10": 0.9159644553393596}