{"TR_hits1": 0.8379629629629629, "VL_hits1": 0.8996913580246914, "TR_hits10": 0.6481481481481481, "VL_hits10": 0.8950617283950617}