{"TR_hits1": 0.9452247191011236, "VL_hits1": 0.9550561797752809, "TR_hits10": 0.664804469273743, "VL_hits10": 0.8715083798882681}