{"TR_hits1": 0.6922268907563025, "VL_hits1": 0.6050420168067226, "TR_hits10": 0.7111344537815126, "VL_hits10": 0.6428571428571429}