{"TR_hits1": 0.8146911519198664, "VL_hits1": 0.8514190317195326, "TR_hits10": 0.5666666666666667, "VL_hits10": 0.84}