{"TR_hits1": 0.04881101376720901, "VL_hits1": 0.015, "TR_hits10": 0.07759699624530664, "VL_hits10": 0.035}