{"TR_hits1": 0.8569424964936886, "VL_hits1": 0.908835904628331, "TR_hits10": 0.7039106145251397, "VL_hits10": 0.8994413407821229}