{"TR_hits1": 0.42016806722689076, "VL_hits1": 0.15966386554621848, "TR_hits10": 0.5031512605042017, "VL_hits10": 0.42857142857142855}