{"TR_hits1": 0.7418788410886743, "VL_hits1": 0.7541703248463565, "TR_hits10": 0.6719298245614035, "VL_hits10": 0.7105263157894737}