{"TR_hits1": 0.927170868347339, "VL_hits1": 0.9327731092436975, "TR_hits10": 0.6815642458100558, "VL_hits10": 0.9385474860335196}