{"TR_hits1": 0.8244844229925405, "VL_hits1": 0.8279947345326898, "TR_hits10": 0.7368421052631579, "VL_hits10": 0.7789473684210526}