{"TR_hits1": 0.0047169811320754715, "VL_hits1": 0.009389671361502348, "TR_hits10": 0.009433962264150943, "VL_hits10": 0.014084507042253521}