{"TR_hits1": 0.5667251975417033, "VL_hits1": 0.5728709394205443, "TR_hits10": 0.5473684210526316, "VL_hits10": 0.5701754385964912}