{"TR_hits1": 0.461369622475856, "VL_hits1": 0.47102721685689203, "TR_hits10": 0.4543859649122807, "VL_hits10": 0.47543859649122805}