{"TR_hits1": 0.43364197530864196, "VL_hits1": 0.4567901234567901, "TR_hits10": 0.5354938271604939, "VL_hits10": 0.5864197530864198}