{"TR_hits1": 0.8286163522012578, "VL_hits1": 0.8694968553459119, "TR_hits10": 0.53125, "VL_hits10": 0.80625}