{"TR_hits1": 0.9600526777875329, "VL_hits1": 0.9675153643546971, "TR_hits10": 0.8157894736842105, "VL_hits10": 0.9491228070175438}