{"TR_hits1": 0.5434173669467787, "VL_hits1": 0.5672268907563025, "TR_hits10": 0.5586592178770949, "VL_hits10": 0.5754189944134078}