{"TR_hits1": 0.8331870061457419, "VL_hits1": 0.8349429323968394, "TR_hits10": 0.7105263157894737, "VL_hits10": 0.7614035087719299}