{"TR_hits1": 0.9407634927599825, "VL_hits1": 0.9534883720930233, "TR_hits10": 0.8192982456140351, "VL_hits10": 0.9578947368421052}