{"TR_hits1": 0.8876404494382022, "VL_hits1": 0.8904494382022472, "TR_hits10": 0.5955056179775281, "VL_hits10": 0.8033707865168539}