{"TR_hits1": 0.8113522537562604, "VL_hits1": 0.8447412353923205, "TR_hits10": 0.5866666666666667, "VL_hits10": 0.8133333333333334}