{"TR_hits1": 0.480546792849632, "VL_hits1": 0.453781512605042, "TR_hits10": 0.49737118822292326, "VL_hits10": 0.48739495798319327}