{"TR_hits1": 0.6656428258007898, "VL_hits1": 0.6884598508117595, "TR_hits10": 0.6017543859649123, "VL_hits10": 0.6456140350877193}