{"TR_hits1": 0.3020833333333333, "VL_hits1": 0.14814814814814814, "TR_hits10": 0.33796296296296297, "VL_hits10": 0.2037037037037037}