{"TR_hits1": 0.7445127304653204, "VL_hits1": 0.7616330114135206, "TR_hits10": 0.6807017543859649, "VL_hits10": 0.7421052631578947}