{"TR_hits1": 0.8597662771285476, "VL_hits1": 0.8697829716193656, "TR_hits10": 0.56, "VL_hits10": 0.7933333333333333}