{"TR_hits1": 0.37091675447839834, "VL_hits1": 0.2773109243697479, "TR_hits10": 0.3940990516332982, "VL_hits10": 0.36134453781512604}