{"avg_TR_hits1": 0.6807863934369959, "std_TR_hits1": 0.10220655208756746, "avg_TS_hits1": 0.5620833630465635, "std_TS_hits1": 0.05581618101124253, "avg_TR_hits10": 0.7738531047265985, "std_TR_hits10": 0.11329552855843739, "avg_TS_hits10": 0.6700547769511968, "std_TS_hits10": 0.06303794185526314}