{"TR_hits1": 0.7996661101836394, "VL_hits1": 0.8347245409015025, "TR_hits10": 0.5733333333333334, "VL_hits10": 0.84}