{"TR_hits1": 0.4774624373956594, "VL_hits1": 0.48247078464106846, "TR_hits10": 0.3933333333333333, "VL_hits10": 0.4533333333333333}