{"TR_hits1": 0.4773922187171398, "VL_hits1": 0.42016806722689076, "TR_hits10": 0.4942166140904311, "VL_hits10": 0.48739495798319327}