{"TR_hits1": 0.5146994295743748, "VL_hits1": 0.5252303641948223, "TR_hits10": 0.4824561403508772, "VL_hits10": 0.5017543859649123}