{"TR_hits1": 0.8430717863105175, "VL_hits1": 0.8564273789649416, "TR_hits10": 0.5333333333333333, "VL_hits10": 0.8133333333333334}