{"TR_hits1": 0.5566286215978928, "VL_hits1": 0.564091308165057, "TR_hits10": 0.5280701754385965, "VL_hits10": 0.5561403508771929}