{"TR_hits1": 0.9138576779026217, "TS_hits1": 0.9178370786516855, "TR_hits10": 0.7020977793381901, "TS_hits10": 0.7672547470669123}