{"TR_hits1": 0.18523153942428036, "VL_hits1": 0.16, "TR_hits10": 0.22403003754693368, "VL_hits10": 0.2}