{"TR_hits1": 0.9182389937106918, "VL_hits1": 0.949685534591195, "TR_hits10": 0.625, "VL_hits10": 0.91875}