{"TR_hits1": 0.30434782608695654, "VL_hits1": 0.332398316970547, "TR_hits10": 0.24022346368715083, "VL_hits10": 0.2681564245810056}