{"TR_hits1": 0.9025157232704403, "VL_hits1": 0.9308176100628931, "TR_hits10": 0.6375, "VL_hits10": 0.8875}