{"TR_hits1": 0.5632022471910112, "VL_hits1": 0.5561797752808989, "TR_hits10": 0.6432584269662921, "VL_hits10": 0.6292134831460674}