{"TR_hits1": 0.48247078464106846, "VL_hits1": 0.4974958263772955, "TR_hits10": 0.48, "VL_hits10": 0.5}