{"TR_hits1": 0.8518518518518519, "VL_hits1": 0.8858024691358025, "TR_hits10": 0.5308641975308642, "VL_hits10": 0.8024691358024691}