{"TR_hits1": 0.9499561018437226, "VL_hits1": 0.9556628621597892, "TR_hits10": 0.8210526315789474, "VL_hits10": 0.9385964912280702}