{"TR_hits1": 0.5903361344537815, "VL_hits1": 0.5504201680672269, "TR_hits10": 0.6239495798319328, "VL_hits10": 0.5756302521008403}