{"TR_hits1": 0.7996768982229402, "VL_hits1": 0.8352180936995154, "TR_hits10": 0.49032258064516127, "VL_hits10": 0.7677419354838709}