{"TR_hits1": 0.9012291483757682, "VL_hits1": 0.9345917471466199, "TR_hits10": 0.7631578947368421, "VL_hits10": 0.9175438596491228}