{"TR_hits1": 0.8518518518518519, "VL_hits1": 0.9074074074074074, "TR_hits10": 0.5740740740740741, "VL_hits10": 0.845679012345679}