{"TR_hits1": 0.5232660228270413, "VL_hits1": 0.5263388937664618, "TR_hits10": 0.5245614035087719, "VL_hits10": 0.5456140350877193}