{"TR_hits1": 0.9037037037037037, "TS_hits1": 0.5716450580905876, "TR_hits10": 0.9685185185185186, "TS_hits10": 0.8269910759387102}