{"TR_hits1": 0.41333333333333333, "VL_hits1": 0.34299516908212563, "TR_hits10": 0.4581818181818182, "VL_hits10": 0.41545893719806765}