{"TR_hits1": 0.2861150070126227, "VL_hits1": 0.31837307152875177, "TR_hits10": 0.2737430167597765, "VL_hits10": 0.33519553072625696}