{"TR_hits1": 0.26330532212885155, "VL_hits1": 0.27871148459383754, "TR_hits10": 0.27932960893854747, "VL_hits10": 0.329608938547486}