{"TR_hits1": 0.7270732777534006, "VL_hits1": 0.7318999561211057, "TR_hits10": 0.6526315789473685, "VL_hits10": 0.6771929824561403}