{"TR_hits1": 0.333889816360601, "VL_hits1": 0.34891485809682804, "TR_hits10": 0.2866666666666667, "VL_hits10": 0.32}