{"TR_hits1": 0.5766806722689075, "VL_hits1": 0.5084033613445378, "TR_hits10": 0.582983193277311, "VL_hits10": 0.542016806722689}