{"TR_hits1": 0.5252100840336135, "VL_hits1": 0.5392156862745098, "TR_hits10": 0.4748603351955307, "VL_hits10": 0.5083798882681564}