{"TR_hits1": 0.455188679245283, "VL_hits1": 0.352112676056338, "TR_hits10": 0.4693396226415094, "VL_hits10": 0.41784037558685444}