{"TR_hits1": 0.6821773485513608, "VL_hits1": 0.6953467954345918, "TR_hits10": 0.6070175438596491, "VL_hits10": 0.6263157894736842}