{"TR_hits1": 0.8437225636523266, "VL_hits1": 0.8463564530289728, "TR_hits10": 0.7789473684210526, "VL_hits10": 0.8140350877192982}