{"TR_hits1": 0.6016859852476291, "VL_hits1": 0.5714285714285714, "TR_hits10": 0.6185458377239199, "VL_hits10": 0.5966386554621849}