{"TR_hits1": 0.9353932584269663, "VL_hits1": 0.9382022471910112, "TR_hits10": 0.702247191011236, "VL_hits10": 0.8764044943820225}