{"TR_hits1": 0.6522655426765016, "VL_hits1": 0.6050420168067226, "TR_hits10": 0.6965226554267651, "VL_hits10": 0.6554621848739496}