{"TR_hits1": 0.4779559118236473, "TS_hits1": 0.43450159308147474, "TR_hits10": 0.5120240480961924, "TS_hits10": 0.5186162949476559}