{"TR_hits1": 0.7594339622641509, "VL_hits1": 0.85062893081761, "TR_hits10": 0.5534591194968553, "VL_hits10": 0.8050314465408805}