{"TR_hits1": 0.8379629629629629, "VL_hits1": 0.8703703703703703, "TR_hits10": 0.5740740740740741, "VL_hits10": 0.808641975308642}