{"TR_hits1": 0.8144654088050315, "VL_hits1": 0.839622641509434, "TR_hits10": 0.4528301886792453, "VL_hits10": 0.7421383647798742}