{"TR_hits1": 0.3669885864793679, "VL_hits1": 0.3735733099209833, "TR_hits10": 0.3719298245614035, "VL_hits10": 0.38596491228070173}