{"TR_hits1": 0.7783018867924528, "VL_hits1": 0.8160377358490566, "TR_hits10": 0.51875, "VL_hits10": 0.8125}