{"TR_hits1": 0.6666666666666666, "VL_hits1": 0.38164251207729466, "TR_hits10": 0.713939393939394, "VL_hits10": 0.6666666666666666}