{"TR_hits1": 0.8257243195785777, "VL_hits1": 0.8353819139596137, "TR_hits10": 0.7666666666666667, "VL_hits10": 0.8087719298245614}