{"TR_hits1": 0.9032258064516129, "VL_hits1": 0.9161290322580645, "TR_hits10": 0.5483870967741935, "VL_hits10": 0.8774193548387097}