{"TR_hits1": 0.13856427378964942, "VL_hits1": 0.18697829716193656, "TR_hits10": 0.13333333333333333, "VL_hits10": 0.16666666666666666}