{"TR_hits1": 0.8962264150943396, "VL_hits1": 0.9119496855345912, "TR_hits10": 0.6037735849056604, "VL_hits10": 0.8553459119496856}