{"TR_hits1": 0.8246844319775596, "VL_hits1": 0.8962131837307152, "TR_hits10": 0.6424581005586593, "VL_hits10": 0.8938547486033519}