{"TR_hits1": 0.4799382716049383, "VL_hits1": 0.5061728395061729, "TR_hits10": 0.5540123456790124, "VL_hits10": 0.5679012345679012}