{"TR_hits1": 0.1403301886792453, "VL_hits1": 0.09859154929577464, "TR_hits10": 0.17452830188679244, "VL_hits10": 0.15492957746478872}