{"TR_hits1": 0.000877963125548727, "VL_hits1": 0.003511852502194908, "TR_hits10": 0.0, "VL_hits10": 0.0017543859649122807}