{"TR_hits1": 0.31719532554257096, "VL_hits1": 0.3656093489148581, "TR_hits10": 0.28, "VL_hits10": 0.36666666666666664}