{"TR_hits1": 0.4090150250417362, "VL_hits1": 0.41333333333333333, "TR_hits10": 0.5125208681135225, "VL_hits10": 0.54}