{"TR_hits1": 0.4607679465776294, "VL_hits1": 0.5609348914858097, "TR_hits10": 0.4866666666666667, "VL_hits10": 0.5933333333333334}