{"TR_hits1": 0.9622641509433962, "VL_hits1": 0.9779874213836478, "TR_hits10": 0.66875, "VL_hits10": 0.89375}