{"TR_hits1": 0.21575757575757576, "VL_hits1": 0.15458937198067632, "TR_hits10": 0.22666666666666666, "VL_hits10": 0.18357487922705315}