{"TR_hits1": 0.3487394957983193, "VL_hits1": 0.29411764705882354, "TR_hits10": 0.37815126050420167, "VL_hits10": 0.35294117647058826}