{"TR_hits1": 0.6891464699683878, "VL_hits1": 0.6890756302521008, "TR_hits10": 0.7091675447839831, "VL_hits10": 0.7142857142857143}