{"TR_hits1": 0.9059350503919373, "TS_hits1": 0.9372900335946248, "TR_hits10": 0.672071129707113, "TS_hits10": 0.7411835026897788}