{"TR_hits1": 0.7502799552071668, "TS_hits1": 0.6832785415421399, "TR_hits10": 0.8544232922732363, "TS_hits10": 0.7765242080095637}