{"TR_hits1": 0.36728395061728397, "VL_hits1": 0.36882716049382713, "TR_hits10": 0.32098765432098764, "VL_hits10": 0.3395061728395062}