{"TR_hits1": 0.9381035996488147, "VL_hits1": 0.9574187884108868, "TR_hits10": 0.8, "VL_hits10": 0.9578947368421052}