{"TR_hits1": 0.9416154521510096, "VL_hits1": 0.9534679543459175, "TR_hits10": 0.7929824561403509, "VL_hits10": 0.9491228070175438}