{"TR_hits1": 0.17146433041301626, "VL_hits1": 0.175, "TR_hits10": 0.22903629536921152, "VL_hits10": 0.225}