{"TR_hits1": 0.7541703248463565, "VL_hits1": 0.7673397717295873, "TR_hits10": 0.6526315789473685, "VL_hits10": 0.7070175438596491}