{"TR_hits1": 0.6016830294530154, "VL_hits1": 0.605890603085554, "TR_hits10": 0.441340782122905, "VL_hits10": 0.4581005586592179}