{"TR_hits1": 0.9327731092436975, "VL_hits1": 0.9523809523809523, "TR_hits10": 0.8435754189944135, "VL_hits10": 0.9720670391061452}