{"TR_hits1": 0.3541927409261577, "VL_hits1": 0.275, "TR_hits10": 0.3617021276595745, "VL_hits10": 0.37}