{"TR_hits1": 0.7759103641456583, "VL_hits1": 0.7801120448179272, "TR_hits10": 0.6256983240223464, "VL_hits10": 0.659217877094972}