{"TR_hits1": 0.45601851851851855, "VL_hits1": 0.44907407407407407, "TR_hits10": 0.5173611111111112, "VL_hits10": 0.5185185185185185}