{"TR_hits1": 0.6997366110623354, "VL_hits1": 0.7168568920105356, "TR_hits10": 0.612280701754386, "VL_hits10": 0.6491228070175439}