{"TR_hits1": 0.792016806722689, "VL_hits1": 0.6134453781512605, "TR_hits10": 0.8298319327731093, "VL_hits10": 0.8025210084033614}