{"TR_hits1": 0.2920168067226891, "VL_hits1": 0.20588235294117646, "TR_hits10": 0.34243697478991597, "VL_hits10": 0.24369747899159663}