{"TR_hits1": 0.22528160200250313, "VL_hits1": 0.285, "TR_hits10": 0.2503128911138924, "VL_hits10": 0.355}