{"TR_hits1": 0.9896640826873385, "TS_hits1": 1.0, "TR_hits10": 0.6040464916056824, "TS_hits10": 0.8437365475678003}