{"TR_hits1": 0.5, "TS_hits1": 0.24261730520878175, "TR_hits10": 0.7222222222222222, "TS_hits10": 0.5323288850624193}