{"TR_hits1": 0.9367866549604916, "VL_hits1": 0.9464442493415277, "TR_hits10": 0.7771929824561403, "VL_hits10": 0.9543859649122807}