{"TR_hits1": 0.9452247191011236, "VL_hits1": 0.9550561797752809, "TR_hits10": 0.7247191011235955, "VL_hits10": 0.9382022471910112}