{"TR_hits1": 0.9341527655838455, "VL_hits1": 0.9539069359086918, "TR_hits10": 0.8, "VL_hits10": 0.9421052631578948}