{"TR_hits1": 0.7796312554872695, "VL_hits1": 0.7800702370500439, "TR_hits10": 0.6842105263157895, "VL_hits10": 0.7175438596491228}