{"TR_hits1": 0.6178148310662571, "VL_hits1": 0.6265906099166301, "TR_hits10": 0.5736842105263158, "VL_hits10": 0.5877192982456141}