{"TR_hits1": 0.7323279924599434, "TS_hits1": 0.44889916902253063, "TR_hits10": 0.767200754005655, "TS_hits10": 0.7638139295810845}