{"TR_hits1": 0.8747913188647746, "VL_hits1": 0.8881469115191987, "TR_hits10": 0.5466666666666666, "VL_hits10": 0.8666666666666667}