{"TR_hits1": 0.8121158911325724, "VL_hits1": 0.8165057067603161, "TR_hits10": 0.756140350877193, "VL_hits10": 0.7982456140350878}