{"TR_hits1": 0.848531684698609, "VL_hits1": 0.8516228748068007, "TR_hits10": 0.5246913580246914, "VL_hits10": 0.808641975308642}