{"TR_hits1": 0.9074333800841514, "VL_hits1": 0.908835904628331, "TR_hits10": 0.6759776536312849, "VL_hits10": 0.8770949720670391}