{"TR_hits1": 0.5820476858345021, "VL_hits1": 0.40782122905027934, "TR_hits10": 0.6339410939691444, "VL_hits10": 0.6703910614525139}