{"TR_hits1": 0.8094820017559262, "VL_hits1": 0.8134328358208955, "TR_hits10": 0.6894736842105263, "VL_hits10": 0.7385964912280701}