{"TR_hits1": 0.43636363636363634, "VL_hits1": 0.34299516908212563, "TR_hits10": 0.47515151515151516, "VL_hits10": 0.42995169082125606}