{"TR_hits1": 0.6826163301141353, "VL_hits1": 0.6865671641791045, "TR_hits10": 0.6473684210526316, "VL_hits10": 0.6701754385964912}