{"ts_hits1": 0.018151690894027264, "ts_hits10": 0.07433908262408677, "tr_hits1": 0.049, "tr_hits10": 0.089}