{"ts_hits1": 0.5573548241319575, "ts_hits10": 0.6240114483693605, "tr_hits1": 0.703, "tr_hits10": 0.725}