{"ts_hits1": 0.017097235821345185, "ts_hits10": 0.07207953603976802, "tr_hits1": 0.041, "tr_hits10": 0.098}