{"ts_hits1": 0.5511787301348197, "ts_hits10": 0.6233335843940649, "tr_hits1": 0.689, "tr_hits10": 0.717}