{"ts_hits1": 0.002259546584318747, "ts_hits10": 0.019206145966709345, "tr_hits1": 0.02, "tr_hits10": 0.035}