{"ts_hits1": 0.5072682081795586, "ts_hits10": 0.5708367854183927, "tr_hits1": 0.665, "tr_hits10": 0.679}