{"ts_hits1": 0.0046697296075920765, "ts_hits10": 0.02801837764555246, "tr_hits1": 0.012, "tr_hits10": 0.03}