{"ts_hits1": 0.49017097235821344, "ts_hits10": 0.5504255479400467, "tr_hits1": 0.677, "tr_hits10": 0.695}