{"ts_hits1": 0.004895684266023951, "ts_hits10": 0.03487233561798599, "tr_hits1": 0.023, "tr_hits10": 0.04}