{"ts_hits1": 0.5072682081795586, "ts_hits10": 0.5721171951495067, "tr_hits1": 0.673, "tr_hits10": 0.693}