{"ts_hits1": 0.013783234164344354, "ts_hits10": 0.05016193417187618, "tr_hits1": 0.042, "tr_hits10": 0.056}