{"ts_hits1": 0.5209008059049484, "ts_hits10": 0.5874067937033969, "tr_hits1": 0.672, "tr_hits10": 0.696}