{"ts_hits1": 0.0011297732921593734, "ts_hits10": 0.01205091511636665, "tr_hits1": 0.011, "tr_hits10": 0.015}