{"ts_hits1": 0.4835429690442118, "ts_hits10": 0.5434209535286586, "tr_hits1": 0.665, "tr_hits10": 0.685}