{"ts_hits1": 0.018980191308277473, "ts_hits10": 0.0784062664758605, "tr_hits1": 0.052, "tr_hits10": 0.085}