{"ts_hits1": 0.5028997514498758, "ts_hits10": 0.5697823303457106, "tr_hits1": 0.664, "tr_hits10": 0.696}