{"ts_hits1": 0.009038186337274988, "ts_hits10": 0.048278978684943887, "tr_hits1": 0.032, "tr_hits10": 0.063}