{"ts_hits1": 0.5169842584921293, "ts_hits10": 0.5813813361452135, "tr_hits1": 0.687, "tr_hits10": 0.703}