{"ts_hits1": 0.008962868117797696, "ts_hits10": 0.04873088800180764, "tr_hits1": 0.042, "tr_hits10": 0.067}