{"ts_hits1": 0.5049333433757626, "ts_hits10": 0.5703095578820516, "tr_hits1": 0.656, "tr_hits10": 0.683}