{"ts_hits1": 0.006628003314001657, "ts_hits10": 0.039542065225578064, "tr_hits1": 0.023, "tr_hits10": 0.05}