{"ts_hits1": 0.5214280334412894, "ts_hits10": 0.5862017021917602, "tr_hits1": 0.691, "tr_hits10": 0.707}