{"ts_hits1": 0.000677863975295624, "ts_hits10": 0.004895684266023951, "tr_hits1": 0.001, "tr_hits10": 0.001}