{"ts_hits1": 0.49823002184228365, "ts_hits10": 0.5622505083979815, "tr_hits1": 0.612, "tr_hits10": 0.632}