{"ts_hits1": 0.0035399563154327033, "ts_hits10": 0.025306921744369965, "tr_hits1": 0.011, "tr_hits10": 0.03}