{"ts_hits1": 0.5105068916170822, "ts_hits10": 0.5727950591248023, "tr_hits1": 0.668, "tr_hits10": 0.681}