{"ts_hits1": 0.034646380959554114, "ts_hits10": 0.09203886420125028, "tr_hits1": 0.084, "tr_hits10": 0.116}