{"ts_hits1": 0.5121638924455826, "ts_hits10": 0.5740001506364389, "tr_hits1": 0.614, "tr_hits10": 0.638}