{"ts_hits1": 0.024855012427506214, "ts_hits10": 0.09038186337274987, "tr_hits1": 0.046, "tr_hits10": 0.114}