{"ts_hits1": 0.5449273179182044, "ts_hits10": 0.6133162612035852, "tr_hits1": 0.659, "tr_hits10": 0.687}