{"ts_hits1": 0.02274610228214205, "ts_hits10": 0.09957068614897943, "tr_hits1": 0.065, "tr_hits10": 0.111}