{"ts_hits1": 0.5090005272275363, "ts_hits10": 0.5765609700986669, "tr_hits1": 0.655, "tr_hits10": 0.67}