{"ts_hits1": 0.03630338178805453, "ts_hits10": 0.1177223770430067, "tr_hits1": 0.084, "tr_hits10": 0.136}