{"ts_hits1": 0.5294870829253596, "ts_hits10": 0.5981019808691722, "tr_hits1": 0.679, "tr_hits10": 0.703}