{"ts_hits1": 0.007230549069819989, "ts_hits10": 0.0454922045642841, "tr_hits1": 0.022, "tr_hits10": 0.035}