{"ts_hits1": 0.5216539880997213, "ts_hits10": 0.5880093394592152, "tr_hits1": 0.651, "tr_hits10": 0.67}