{"ts_hits1": 0.008586277020411237, "ts_hits10": 0.03494765383746328, "tr_hits1": 0.027, "tr_hits10": 0.041}