{"ts_hits1": 0.47239587256157267, "ts_hits10": 0.5376967688483845, "tr_hits1": 0.619, "tr_hits10": 0.637}