{"ts_hits1": 0.030654515327257662, "ts_hits10": 0.09136100022595466, "tr_hits1": 0.077, "tr_hits10": 0.12}