{"ts_hits1": 0.5181140317842886, "ts_hits10": 0.5837162009490096, "tr_hits1": 0.693, "tr_hits10": 0.715}