{"TR_hits1": 0.9371069182389937, "VL_hits1": 0.9433962264150944, "TR_hits10": 0.64375, "VL_hits10": 0.8875}