{"TR_hits1": 0.47190517998244075, "VL_hits1": 0.48375768217734855, "TR_hits10": 0.4824561403508772, "VL_hits10": 0.49473684210526314}