{"TR_hits1": 0.4856070087609512, "VL_hits1": 0.39, "TR_hits10": 0.5031289111389237, "VL_hits10": 0.475}