{"TR_hits1": 0.9424964936886395, "VL_hits1": 0.9467040673211781, "TR_hits10": 0.7318435754189944, "VL_hits10": 0.9217877094972067}