{"TR_hits1": 0.2565707133917397, "VL_hits1": 0.3, "TR_hits10": 0.28660826032540676, "VL_hits10": 0.33}