{"TR_hits1": 0.4859525899912204, "VL_hits1": 0.5320456540825286, "TR_hits10": 0.4789473684210526, "VL_hits10": 0.5368421052631579}