{"TR_hits1": 0.7673667205169629, "VL_hits1": 0.7996768982229402, "TR_hits10": 0.4838709677419355, "VL_hits10": 0.7548387096774194}