{"TR_hits1": 0.752906976744186, "TS_hits1": 0.5864224707229022, "TR_hits10": 0.8352713178294574, "TS_hits10": 0.6874174517918464}