{"TR_hits1": 0.9088050314465409, "VL_hits1": 0.9355345911949685, "TR_hits10": 0.5875, "VL_hits10": 0.8625}