{"TR_hits1": 0.9031719532554258, "VL_hits1": 0.9415692821368948, "TR_hits10": 0.66, "VL_hits10": 0.9133333333333333}