{"avg_TR_hits1": 0.6961055624913304, "std_TR_hits1": 0.0739671826910981, "avg_TS_hits1": 0.6356884782158022, "std_TS_hits1": 0.04297890345292886, "avg_TR_hits10": 0.777696124793503, "std_TR_hits10": 0.07058770730894098, "avg_TS_hits10": 0.7188664843520538, "std_TS_hits10": 0.04349888096704062}