{"TR_hits1": 0.4043583535108959, "VL_hits1": 0.2995169082125604, "TR_hits10": 0.41646489104116224, "VL_hits10": 0.3526570048309179}