{"TR_hits1": 0.9115191986644408, "VL_hits1": 0.9198664440734557, "TR_hits10": 0.5666666666666667, "VL_hits10": 0.8733333333333333}