{"TR_hits1": 0.3572621035058431, "VL_hits1": 0.3789649415692821, "TR_hits10": 0.3466666666666667, "VL_hits10": 0.36}