{"TR_hits1": 0.5133239831697055, "VL_hits1": 0.5161290322580645, "TR_hits10": 0.4245810055865922, "VL_hits10": 0.48044692737430167}