{"TR_hits1": 0.6802244039270687, "VL_hits1": 0.6844319775596073, "TR_hits10": 0.5586592178770949, "VL_hits10": 0.5921787709497207}