{"TR_hits1": 0.6174920969441517, "VL_hits1": 0.6302521008403361, "TR_hits10": 0.6396206533192834, "VL_hits10": 0.6764705882352942}