{"TR_hits1": 0.41596638655462187, "VL_hits1": 0.33613445378151263, "TR_hits10": 0.4422268907563025, "VL_hits10": 0.4327731092436975}