{"TR_hits1": 0.2468354430379747, "VL_hits1": 0.27310924369747897, "TR_hits10": 0.31223628691983124, "VL_hits10": 0.3235294117647059}