{"TR_hits1": 0.771729587357331, "VL_hits1": 0.7800702370500439, "TR_hits10": 0.6982456140350877, "VL_hits10": 0.7228070175438597}