{"TR_hits1": 0.7189014539579968, "VL_hits1": 0.7479806138933764, "TR_hits10": 0.4645161290322581, "VL_hits10": 0.7548387096774194}