{"TR_hits1": 0.375, "VL_hits1": 0.4305555555555556, "TR_hits10": 0.4722222222222222, "VL_hits10": 0.4675925925925926}