{"TR_hits1": 0.4715151515151515, "VL_hits1": 0.38164251207729466, "TR_hits10": 0.5139393939393939, "VL_hits10": 0.4492753623188406}