{"TR_hits1": 0.514486391571554, "VL_hits1": 0.5662862159789289, "TR_hits10": 0.5263157894736842, "VL_hits10": 0.5771929824561404}