{"TR_hits1": 0.908252853380158, "VL_hits1": 0.9372256365232661, "TR_hits10": 0.7789473684210526, "VL_hits10": 0.9157894736842105}