{"TR_hits1": 0.012345679012345678, "VL_hits1": 0.08333333333333333, "TR_hits10": 0.037037037037037035, "VL_hits10": 0.12345679012345678}