{"TR_hits1": 0.5335648148148148, "VL_hits1": 0.5, "TR_hits10": 0.5706018518518519, "VL_hits10": 0.5833333333333334}