{"TR_hits1": 0.9129213483146067, "VL_hits1": 0.9367977528089888, "TR_hits10": 0.7640449438202247, "VL_hits10": 0.9101123595505618}