{"TR_hits1": 0.36556603773584906, "VL_hits1": 0.3192488262910798, "TR_hits10": 0.4033018867924528, "VL_hits10": 0.39436619718309857}