{"TR_hits1": 0.4186320754716981, "VL_hits1": 0.431924882629108, "TR_hits10": 0.44575471698113206, "VL_hits10": 0.4835680751173709}