{"TR_hits1": 0.9455662862159789, "VL_hits1": 0.9556628621597892, "TR_hits10": 0.8035087719298246, "VL_hits10": 0.9543859649122807}