{"TR_hits1": 0.9293320425943853, "TS_hits1": 0.5370729129975343, "TR_hits10": 0.9757986447241046, "TS_hits10": 0.7827580133849947}