{"TR_hits1": 0.42010535557506584, "VL_hits1": 0.43327480245829675, "TR_hits10": 0.4245614035087719, "VL_hits10": 0.443859649122807}