{"avg_TR_hits1": 0.9657317092008103, "std_TR_hits1": 0.016377869852944375, "avg_TS_hits1": 0.9832870344808547, "std_TS_hits1": 0.015367855190698278, "avg_TR_hits10": 0.837066645023342, "std_TR_hits10": 0.01722706811900313, "avg_TS_hits10": 0.9600390713990554, "std_TS_hits10": 0.005950525097676419}