{"TR_hits1": 0.5456540825285338, "VL_hits1": 0.5579455662862159, "TR_hits10": 0.5298245614035088, "VL_hits10": 0.5526315789473685}