{"TR_hits1": 0.8806179775280899, "VL_hits1": 0.9087078651685393, "TR_hits10": 0.6910112359550562, "VL_hits10": 0.898876404494382}