{"TR_hits1": 0.025280898876404494, "VL_hits1": 0.016853932584269662, "TR_hits10": 0.04353932584269663, "VL_hits10": 0.05056179775280899}