{"TR_hits1": 0.35300925925925924, "VL_hits1": 0.2361111111111111, "TR_hits10": 0.3819444444444444, "VL_hits10": 0.3287037037037037}