{"TR_hits1": 0.7233796296296297, "VL_hits1": 0.4351851851851852, "TR_hits10": 0.7453703703703703, "VL_hits10": 0.7268518518518519}