{"TR_hits1": 0.5327004219409283, "VL_hits1": 0.5714285714285714, "TR_hits10": 0.5632911392405063, "VL_hits10": 0.592436974789916}