{"TR_hits1": 0.6162464985994398, "VL_hits1": 0.6708683473389355, "TR_hits10": 0.5642458100558659, "VL_hits10": 0.6089385474860335}