{"TR_hits1": 0.9446883230904302, "VL_hits1": 0.9477611940298507, "TR_hits10": 0.756140350877193, "VL_hits10": 0.9350877192982456}