{"TR_hits1": 0.9460289600702062, "VL_hits1": 0.9723562966213252, "TR_hits10": 0.8368421052631579, "VL_hits10": 0.9719298245614035}