{"TR_hits1": 0.7605042016806722, "VL_hits1": 0.7703081232492998, "TR_hits10": 0.6201117318435754, "VL_hits10": 0.6871508379888268}