{"TR_hits1": 0.8763523956723338, "VL_hits1": 0.8902627511591963, "TR_hits10": 0.5864197530864198, "VL_hits10": 0.8395061728395061}