{"TR_hits1": 0.7453703703703703, "VL_hits1": 0.7885802469135802, "TR_hits10": 0.5, "VL_hits10": 0.7592592592592593}