{"TR_hits1": 0.9876404494382023, "TS_hits1": 0.9921348314606742, "TR_hits10": 0.7777694554715002, "TS_hits10": 0.9370084637854842}