{"TR_hits1": 0.9191011235955057, "TS_hits1": 0.41891993109130404, "TR_hits10": 0.950561797752809, "TS_hits10": 0.7312560856864654}