{"TR_hits1": 0.376720901126408, "VL_hits1": 0.365, "TR_hits10": 0.4067584480600751, "VL_hits10": 0.41}