{"TR_hits1": 0.5765686704695042, "VL_hits1": 0.580517770952172, "TR_hits10": 0.5491228070175439, "VL_hits10": 0.5684210526315789}