{"TR_hits1": 0.5217917675544794, "VL_hits1": 0.42995169082125606, "TR_hits10": 0.6138014527845036, "VL_hits10": 0.4927536231884058}