{"TR_hits1": 0.9241935483870968, "VL_hits1": 0.9370967741935484, "TR_hits10": 0.6, "VL_hits10": 0.8709677419354839}