{"TR_hits1": 0.9477611940298507, "VL_hits1": 0.9701492537313433, "TR_hits10": 0.8526315789473684, "VL_hits10": 0.9596491228070175}