{"TR_hits1": 0.574374725756911, "VL_hits1": 0.6467749012724879, "TR_hits10": 0.5157894736842106, "VL_hits10": 0.5982456140350877}