{"TR_hits1": 0.5684811237928007, "VL_hits1": 0.5763827919227392, "TR_hits10": 0.5508771929824562, "VL_hits10": 0.5631578947368421}