{"TR_hits1": 0.3823870220162225, "VL_hits1": 0.37962962962962965, "TR_hits10": 0.45654692931633833, "VL_hits10": 0.4675925925925926}