{"TR_hits1": 0.23281907433380084, "VL_hits1": 0.2496493688639551, "TR_hits10": 0.24022346368715083, "VL_hits10": 0.2681564245810056}