{"TR_hits1": 0.7638888888888888, "VL_hits1": 0.7978395061728395, "TR_hits10": 0.5432098765432098, "VL_hits10": 0.7716049382716049}