{"TR_hits1": 0.4963680387409201, "VL_hits1": 0.3864734299516908, "TR_hits10": 0.5072639225181598, "VL_hits10": 0.4251207729468599}