{"TR_hits1": 0.9490781387181738, "VL_hits1": 0.9539069359086918, "TR_hits10": 0.7842105263157895, "VL_hits10": 0.9333333333333333}