{"TR_hits1": 0.5330188679245284, "VL_hits1": 0.5539906103286385, "TR_hits10": 0.5613207547169812, "VL_hits10": 0.6056338028169014}