{"TR_hits1": 0.6354056902002108, "VL_hits1": 0.6050420168067226, "TR_hits10": 0.6575342465753424, "VL_hits10": 0.6386554621848739}