{"TR_hits1": 0.8497576736672051, "VL_hits1": 0.8529886914378029, "TR_hits10": 0.4838709677419355, "VL_hits10": 0.7483870967741936}