{"TR_hits1": 0.6584723441615452, "VL_hits1": 0.6725197541703248, "TR_hits10": 0.6421052631578947, "VL_hits10": 0.6719298245614035}