{"TR_hits1": 0.9005602240896359, "VL_hits1": 0.9327731092436975, "TR_hits10": 0.8435754189944135, "VL_hits10": 0.9553072625698324}