{"TR_hits1": 0.8349429323968394, "VL_hits1": 0.844161545215101, "TR_hits10": 0.7456140350877193, "VL_hits10": 0.7859649122807018}