{"TR_hits1": 0.6458333333333334, "VL_hits1": 0.6574074074074074, "TR_hits10": 0.6643518518518519, "VL_hits10": 0.7037037037037037}