{"TR_hits1": 0.49373433583959897, "VL_hits1": 0.425, "TR_hits10": 0.5338345864661654, "VL_hits10": 0.505}