{"TR_hits1": 0.5217917675544794, "VL_hits1": 0.4492753623188406, "TR_hits10": 0.5569007263922519, "VL_hits10": 0.5314009661835749}