{"TR_hits1": 0.009259259259259259, "VL_hits1": 0.043209876543209874, "TR_hits10": 0.0, "VL_hits10": 0.012345679012345678}