{"TR_hits1": 0.2726075504828797, "VL_hits1": 0.31343283582089554, "TR_hits10": 0.28771929824561404, "VL_hits10": 0.3368421052631579}