{"TR_hits1": 0.27212020033388984, "VL_hits1": 0.2921535893155259, "TR_hits10": 0.14666666666666667, "VL_hits10": 0.17333333333333334}