{"TR_hits1": 0.7836770513383062, "VL_hits1": 0.7946467749012724, "TR_hits10": 0.6807017543859649, "VL_hits10": 0.7263157894736842}