{"TR_hits1": 0.5065847234416154, "VL_hits1": 0.5276558384547849, "TR_hits10": 0.46842105263157896, "VL_hits10": 0.5052631578947369}