{"TR_hits1": 0.35802469135802467, "VL_hits1": 0.375, "TR_hits10": 0.2654320987654321, "VL_hits10": 0.37037037037037035}