{"TR_hits1": 0.5138888888888888, "VL_hits1": 0.38425925925925924, "TR_hits10": 0.5266203703703703, "VL_hits10": 0.49074074074074076}