{"TR_hits1": 0.5759599332220368, "VL_hits1": 0.5776293823038398, "TR_hits10": 0.35333333333333333, "VL_hits10": 0.3933333333333333}