{"TR_hits1": 0.44339622641509435, "VL_hits1": 0.3755868544600939, "TR_hits10": 0.47877358490566035, "VL_hits10": 0.4225352112676056}