{"TR_hits1": 0.7304653204565408, "VL_hits1": 0.7418788410886743, "TR_hits10": 0.6508771929824562, "VL_hits10": 0.6894736842105263}