{"TR_hits1": 0.4583333333333333, "VL_hits1": 0.4506172839506173, "TR_hits10": 0.5308641975308642, "VL_hits10": 0.5555555555555556}