{"TR_hits1": 0.5267778753292361, "VL_hits1": 0.612379280070237, "TR_hits10": 0.5245614035087719, "VL_hits10": 0.6035087719298246}