{"TR_hits1": 0.2205188679245283, "VL_hits1": 0.15492957746478872, "TR_hits10": 0.25471698113207547, "VL_hits10": 0.19718309859154928}