{"TR_hits1": 0.8820754716981132, "VL_hits1": 0.9088050314465409, "TR_hits10": 0.53125, "VL_hits10": 0.88125}