{"TR_hits1": 0.45483193277310924, "VL_hits1": 0.24789915966386555, "TR_hits10": 0.5252100840336135, "VL_hits10": 0.3865546218487395}