{"TR_hits1": 0.848990342405619, "VL_hits1": 0.8533801580333626, "TR_hits10": 0.7508771929824561, "VL_hits10": 0.8192982456140351}