{"avg_TR_hits1": 0.8762842395158231, "std_TR_hits1": 0.09478022757271722, "avg_TS_hits1": 0.5968714349377363, "std_TS_hits1": 0.06125927832417153, "avg_TR_hits10": 0.9313395669453651, "std_TR_hits10": 0.07821056707095854, "avg_TS_hits10": 0.8401504800735147, "std_TS_hits10": 0.0613025038932037}