{"TR_hits1": 0.7357330992098332, "VL_hits1": 0.7361720807726075, "TR_hits10": 0.6614035087719298, "VL_hits10": 0.6929824561403509}