{"TR_hits1": 0.5301542776998598, "VL_hits1": 0.5399719495091164, "TR_hits10": 0.5083798882681564, "VL_hits10": 0.5195530726256983}