{"TR_hits1": 0.47523709167544786, "VL_hits1": 0.47058823529411764, "TR_hits10": 0.5163329820864068, "VL_hits10": 0.5252100840336135}