{"TR_hits1": 0.8263772954924875, "VL_hits1": 0.8447412353923205, "TR_hits10": 0.5666666666666667, "VL_hits10": 0.82}