{"TR_hits1": 0.42803504380475593, "VL_hits1": 0.385, "TR_hits10": 0.4530663329161452, "VL_hits10": 0.47}