{"TR_hits1": 0.7212467076382791, "VL_hits1": 0.7300263388937664, "TR_hits10": 0.6350877192982456, "VL_hits10": 0.6719298245614035}