{"TR_hits1": 0.9446883230904302, "VL_hits1": 0.9679543459174714, "TR_hits10": 0.8228070175438597, "VL_hits10": 0.9473684210526315}