{"TR_hits1": 0.9508340649692713, "VL_hits1": 0.9543459174714662, "TR_hits10": 0.7894736842105263, "VL_hits10": 0.9543859649122807}