{"TR_hits1": 0.26181818181818184, "VL_hits1": 0.18357487922705315, "TR_hits10": 0.2787878787878788, "VL_hits10": 0.2028985507246377}