{"TR_hits1": 0.9550561797752809, "VL_hits1": 0.9564606741573034, "TR_hits10": 0.6966292134831461, "VL_hits10": 0.9044943820224719}