{"TR_hits1": 0.9135206321334504, "VL_hits1": 0.9486391571553995, "TR_hits10": 0.7789473684210526, "VL_hits10": 0.9421052631578948}