{"TR_hits1": 0.946883230904302, "VL_hits1": 0.9604916593503073, "TR_hits10": 0.8157894736842105, "VL_hits10": 0.9385964912280702}