{"TR_hits1": 0.9495392716103555, "VL_hits1": 0.9688459850811759, "TR_hits10": 0.8210526315789474, "VL_hits10": 0.9543859649122807}