{"TR_hits1": 0.328881469115192, "VL_hits1": 0.3672787979966611, "TR_hits10": 0.34, "VL_hits10": 0.38666666666666666}