{"TR_hits1": 0.9339887640449438, "VL_hits1": 0.9382022471910112, "TR_hits10": 0.7471910112359551, "VL_hits10": 0.9157303370786517}