{"TR_hits1": 0.2608695652173913, "VL_hits1": 0.30575035063113604, "TR_hits10": 0.2346368715083799, "VL_hits10": 0.2849162011173184}