{"TR_hits1": 0.9174714661984197, "VL_hits1": 0.9424934152765584, "TR_hits10": 0.7596491228070176, "VL_hits10": 0.9122807017543859}