{"TR_hits1": 0.37844611528822053, "VL_hits1": 0.425, "TR_hits10": 0.4298245614035088, "VL_hits10": 0.46}