{"TR_hits1": 0.0010515247108307045, "VL_hits1": 0.0, "TR_hits10": 0.002103049421661409, "VL_hits10": 0.004201680672268907}