{"TR_hits1": 0.3818565400843882, "VL_hits1": 0.33613445378151263, "TR_hits10": 0.40717299578059074, "VL_hits10": 0.3907563025210084}