{"TR_hits1": 0.25735294117647056, "VL_hits1": 0.21428571428571427, "TR_hits10": 0.28886554621848737, "VL_hits10": 0.2773109243697479}