{"TR_hits1": 0.3007075471698113, "VL_hits1": 0.2863849765258216, "TR_hits10": 0.3466981132075472, "VL_hits10": 0.3474178403755869}