{"TR_hits1": 0.7391975308641975, "VL_hits1": 0.7762345679012346, "TR_hits10": 0.5246913580246914, "VL_hits10": 0.8024691358024691}