{"TR_hits1": 0.4678609062170706, "VL_hits1": 0.5210084033613446, "TR_hits10": 0.48893572181243417, "VL_hits10": 0.5378151260504201}