{"TR_hits1": 0.014150943396226415, "VL_hits1": 0.004694835680751174, "TR_hits10": 0.020047169811320754, "VL_hits10": 0.009389671361502348}