{"TR_hits1": 0.9269662921348315, "VL_hits1": 0.9424157303370787, "TR_hits10": 0.8033707865168539, "VL_hits10": 0.9269662921348315}