{"TR_hits1": 0.26273148148148145, "VL_hits1": 0.2916666666666667, "TR_hits10": 0.2916666666666667, "VL_hits10": 0.3425925925925926}