{"TR_hits1": 0.6731234866828087, "VL_hits1": 0.3961352657004831, "TR_hits10": 0.7409200968523002, "VL_hits10": 0.7101449275362319}