{"TR_hits1": 0.6876750700280112, "VL_hits1": 0.6932773109243697, "TR_hits10": 0.6033519553072626, "VL_hits10": 0.6089385474860335}