{"TR_hits1": 0.7371654234313295, "VL_hits1": 0.7507678806494076, "TR_hits10": 0.6929824561403509, "VL_hits10": 0.7491228070175439}