{"TR_hits1": 0.4958263772954925, "VL_hits1": 0.54, "TR_hits10": 0.6010016694490818, "VL_hits10": 0.6333333333333333}