{"TR_hits1": 0.49081803005008345, "VL_hits1": 0.5442404006677797, "TR_hits10": 0.5066666666666667, "VL_hits10": 0.56}