{"TR_hits1": 0.5575842696629213, "VL_hits1": 0.5449438202247191, "TR_hits10": 0.6179775280898876, "VL_hits10": 0.6179775280898876}