{"TR_hits1": 0.4305555555555556, "VL_hits1": 0.4382716049382716, "TR_hits10": 0.5447530864197531, "VL_hits10": 0.5432098765432098}