{"TR_hits1": 0.48747913188647746, "VL_hits1": 0.5175292153589316, "TR_hits10": 0.37333333333333335, "VL_hits10": 0.44}