{"TR_hits1": 0.6527777777777778, "VL_hits1": 0.6527777777777778, "TR_hits10": 0.49382716049382713, "VL_hits10": 0.5555555555555556}