{"TR_hits1": 0.3005008347245409, "VL_hits1": 0.38731218697829717, "TR_hits10": 0.30666666666666664, "VL_hits10": 0.3933333333333333}