{"TR_hits1": 0.4745390693590869, "VL_hits1": 0.5351185250219491, "TR_hits10": 0.443859649122807, "VL_hits10": 0.5263157894736842}