{"TR_hits1": 0.5778401122019635, "VL_hits1": 0.5820476858345021, "TR_hits10": 0.5027932960893855, "VL_hits10": 0.5251396648044693}