{"TR_hits1": 0.5161290322580645, "VL_hits1": 0.5259467040673211, "TR_hits10": 0.4972067039106145, "VL_hits10": 0.5195530726256983}