{"TR_hits1": 0.3994732221246708, "VL_hits1": 0.4122036874451273, "TR_hits10": 0.41754385964912283, "VL_hits10": 0.4245614035087719}