{"TR_hits1": 0.22760290556900725, "VL_hits1": 0.18840579710144928, "TR_hits10": 0.30387409200968524, "VL_hits10": 0.2608695652173913}