{"TR_hits1": 0.8906030855539971, "VL_hits1": 0.8934081346423562, "TR_hits10": 0.6815642458100558, "VL_hits10": 0.88268156424581}