{"TR_hits1": 0.25462962962962965, "VL_hits1": 0.18981481481481483, "TR_hits10": 0.2916666666666667, "VL_hits10": 0.2638888888888889}