{"TR_hits1": 0.5651260504201681, "VL_hits1": 0.4789915966386555, "TR_hits10": 0.5651260504201681, "VL_hits10": 0.5294117647058824}