{"TR_hits1": 0.7088607594936709, "VL_hits1": 0.6512605042016807, "TR_hits10": 0.7109704641350211, "VL_hits10": 0.680672268907563}