{"TR_hits1": 0.19212962962962962, "VL_hits1": 0.14814814814814814, "TR_hits10": 0.22453703703703703, "VL_hits10": 0.18055555555555555}