{"TR_hits1": 0.876577840112202, "VL_hits1": 0.8906030855539971, "TR_hits10": 0.6927374301675978, "VL_hits10": 0.8938547486033519}