{"TR_hits1": 0.23231132075471697, "VL_hits1": 0.19248826291079812, "TR_hits10": 0.2794811320754717, "VL_hits10": 0.2347417840375587}