{"TR_hits1": 0.28125, "VL_hits1": 0.28703703703703703, "TR_hits10": 0.3136574074074074, "VL_hits10": 0.3148148148148148}