{"TR_hits1": 0.7001755926251098, "VL_hits1": 0.7115891132572432, "TR_hits10": 0.6192982456140351, "VL_hits10": 0.6578947368421053}