{"TR_hits1": 0.36143308746048475, "VL_hits1": 0.2605042016806723, "TR_hits10": 0.3835616438356164, "VL_hits10": 0.3025210084033613}