{"TR_hits1": 0.7865168539325843, "TS_hits1": 0.7227173994457344, "TR_hits10": 0.8662921348314607, "TS_hits10": 0.8041345217586697}