{"TR_hits1": 0.589041095890411, "VL_hits1": 0.5798319327731093, "TR_hits10": 0.6259220231822972, "VL_hits10": 0.6134453781512605}