{"TR_hits1": 0.28660826032540676, "VL_hits1": 0.22, "TR_hits10": 0.3016270337922403, "VL_hits10": 0.25}