{"TR_hits1": 0.4748427672955975, "VL_hits1": 0.45, "TR_hits10": 0.5613207547169812, "VL_hits10": 0.5375}