{"TR_hits1": 0.922752808988764, "VL_hits1": 0.9550561797752809, "TR_hits10": 0.6983240223463687, "VL_hits10": 0.8938547486033519}