{"TR_hits1": 0.3867334167709637, "VL_hits1": 0.465, "TR_hits10": 0.45807259073842305, "VL_hits10": 0.5}