{"TR_hits1": 0.42331932773109243, "VL_hits1": 0.33613445378151263, "TR_hits10": 0.44432773109243695, "VL_hits10": 0.40756302521008403}