{"TR_hits1": 0.5025041736227045, "VL_hits1": 0.5125208681135225, "TR_hits10": 0.35333333333333333, "VL_hits10": 0.38666666666666666}