{"TR_hits1": 0.18038740920096852, "VL_hits1": 0.18840579710144928, "TR_hits10": 0.25786924939467315, "VL_hits10": 0.2318840579710145}