{"TR_hits1": 0.9345917471466199, "VL_hits1": 0.9569798068481123, "TR_hits10": 0.8122807017543859, "VL_hits10": 0.9491228070175438}