{"TR_hits1": 0.5862552594670407, "VL_hits1": 0.6044880785413744, "TR_hits10": 0.6089385474860335, "VL_hits10": 0.6145251396648045}