{"TR_hits1": 0.9266900790166813, "VL_hits1": 0.9424934152765584, "TR_hits10": 0.7789473684210526, "VL_hits10": 0.9122807017543859}