{"TR_hits1": 0.6454652532391049, "VL_hits1": 0.3333333333333333, "TR_hits10": 0.702002355712603, "VL_hits10": 0.6619718309859155}