{"TR_hits1": 0.4858490566037736, "VL_hits1": 0.36619718309859156, "TR_hits10": 0.4893867924528302, "VL_hits10": 0.4084507042253521}