{"TR_hits1": 0.8317610062893082, "VL_hits1": 0.8962264150943396, "TR_hits10": 0.55625, "VL_hits10": 0.875}