{"TR_hits1": 0.05374077976817703, "VL_hits1": 0.07142857142857142, "TR_hits10": 0.1095890410958904, "VL_hits10": 0.11764705882352941}