{"TR_hits1": 0.47641509433962265, "VL_hits1": 0.4131455399061033, "TR_hits10": 0.4893867924528302, "VL_hits10": 0.460093896713615}