{"TR_hits1": 0.774023694602896, "VL_hits1": 0.7841158402808249, "TR_hits10": 0.6912280701754386, "VL_hits10": 0.7228070175438597}