{"TR_hits1": 0.5245829675153644, "VL_hits1": 0.6057945566286216, "TR_hits10": 0.5456140350877193, "VL_hits10": 0.6087719298245614}