{"TR_hits1": 0.5365005793742758, "VL_hits1": 0.37037037037037035, "TR_hits10": 0.5538818076477404, "VL_hits10": 0.4166666666666667}