{"TR_hits1": 0.490613266583229, "VL_hits1": 0.375, "TR_hits10": 0.523153942428035, "VL_hits10": 0.445}