{"TR_hits1": 0.45938375350140054, "VL_hits1": 0.5056022408963585, "TR_hits10": 0.4748603351955307, "VL_hits10": 0.5195530726256983}