{"TR_hits1": 0.637999122422115, "VL_hits1": 0.663010092145678, "TR_hits10": 0.6333333333333333, "VL_hits10": 0.6649122807017543}