{"TR_hits1": 0.8240740740740741, "VL_hits1": 0.8533950617283951, "TR_hits10": 0.5370370370370371, "VL_hits10": 0.808641975308642}