{"TR_hits1": 0.5814606741573034, "VL_hits1": 0.5393258426966292, "TR_hits10": 0.6446629213483146, "VL_hits10": 0.6123595505617978}