{"TR_hits1": 0.7861635220125787, "VL_hits1": 0.8474842767295597, "TR_hits10": 0.5283018867924528, "VL_hits10": 0.7987421383647799}