{"TR_hits1": 0.30424528301886794, "VL_hits1": 0.37089201877934275, "TR_hits10": 0.36674528301886794, "VL_hits10": 0.4131455399061033}