{"TR_hits1": 0.24780976220275344, "VL_hits1": 0.235, "TR_hits10": 0.27284105131414266, "VL_hits10": 0.275}