{"TR_hits1": 0.9369747899159664, "VL_hits1": 0.9481792717086834, "TR_hits10": 0.7932960893854749, "VL_hits10": 0.9608938547486033}