{"TR_hits1": 0.4887955182072829, "VL_hits1": 0.5014005602240896, "TR_hits10": 0.44692737430167595, "VL_hits10": 0.46368715083798884}