{"TR_hits1": 0.3088235294117647, "VL_hits1": 0.31512605042016806, "TR_hits10": 0.3539915966386555, "VL_hits10": 0.36134453781512604}