{"TR_hits1": 0.6777875329236172, "VL_hits1": 0.684811237928007, "TR_hits10": 0.6333333333333333, "VL_hits10": 0.656140350877193}