{"TR_hits1": 0.6041162227602905, "VL_hits1": 0.4975845410628019, "TR_hits10": 0.62590799031477, "VL_hits10": 0.5458937198067633}