{"TR_hits1": 0.4386792452830189, "VL_hits1": 0.4276729559748428, "TR_hits10": 0.5377358490566038, "VL_hits10": 0.5094339622641509}