{"TR_hits1": 0.5729166666666666, "VL_hits1": 0.4305555555555556, "TR_hits10": 0.5729166666666666, "VL_hits10": 0.49074074074074076}