{"TR_hits1": 0.9629213483146067, "TS_hits1": 0.9696629213483146, "TR_hits10": 0.7678076548573141, "TS_hits10": 0.9388060819414276}