{"TR_hits1": 0.6752808988764045, "TS_hits1": 0.3377275110478616, "TR_hits10": 0.697752808988764, "TS_hits10": 0.6624971912216313}