{"TR_hits1": 0.17529215358931552, "VL_hits1": 0.19699499165275458, "TR_hits10": 0.15333333333333332, "VL_hits10": 0.18666666666666668}