{"TR_hits1": 0.0037593984962406013, "VL_hits1": 0.015, "TR_hits10": 0.007518796992481203, "VL_hits10": 0.02}