{"TR_hits1": 0.806494076349276, "VL_hits1": 0.8104431768319439, "TR_hits10": 0.7315789473684211, "VL_hits10": 0.7596491228070176}