{"TR_hits1": 0.8188188188188188, "TS_hits1": 0.4926256372906045, "TR_hits10": 0.8908908908908909, "TS_hits10": 0.6115258557902403}