{"TR_hits1": 0.4339622641509434, "VL_hits1": 0.3427230046948357, "TR_hits10": 0.4386792452830189, "VL_hits10": 0.38497652582159625}