{"TR_hits1": 0.9354697102721685, "VL_hits1": 0.9508340649692713, "TR_hits10": 0.8298245614035088, "VL_hits10": 0.9543859649122807}