{"TR_hits1": 0.8481790258885477, "VL_hits1": 0.8525669153137341, "TR_hits10": 0.7350877192982456, "VL_hits10": 0.7894736842105263}