{"TR_hits1": 0.24207011686143573, "VL_hits1": 0.25041736227045075, "TR_hits10": 0.22, "VL_hits10": 0.24}