{"TR_hits1": 0.815188762071993, "VL_hits1": 0.8204565408252853, "TR_hits10": 0.7192982456140351, "VL_hits10": 0.7526315789473684}