{"TR_hits1": 0.9325842696629213, "VL_hits1": 0.949438202247191, "TR_hits10": 0.7191011235955056, "VL_hits10": 0.9157303370786517}