{"TR_hits1": 0.44654088050314467, "VL_hits1": 0.49375, "TR_hits10": 0.5125786163522013, "VL_hits10": 0.5625}