{"TR_hits1": 0.5659722222222222, "VL_hits1": 0.4537037037037037, "TR_hits10": 0.6226851851851852, "VL_hits10": 0.5555555555555556}