{"TR_hits1": 0.975452196382429, "TS_hits1": 0.9935400516795866, "TR_hits10": 0.5993973310374515, "TS_hits10": 0.8414980628497633}