{"TR_hits1": 0.7971576227390181, "TS_hits1": 0.3087386999569522, "TR_hits10": 0.9043927648578811, "TS_hits10": 0.591046061127852}