{"TR_hits1": 0.6994295743747257, "VL_hits1": 0.7147871873628785, "TR_hits10": 0.6403508771929824, "VL_hits10": 0.6947368421052632}