{"TR_hits1": 0.7686567164179104, "VL_hits1": 0.7756804214223003, "TR_hits10": 0.6175438596491228, "VL_hits10": 0.6736842105263158}