{"TR_hits1": 0.4322033898305085, "VL_hits1": 0.42995169082125606, "TR_hits10": 0.5314769975786925, "VL_hits10": 0.4975845410628019}