{"TR_hits1": 0.1945754716981132, "VL_hits1": 0.1784037558685446, "TR_hits10": 0.21580188679245282, "VL_hits10": 0.23943661971830985}