{"TR_hits1": 0.4027777777777778, "VL_hits1": 0.4166666666666667, "TR_hits10": 0.4409722222222222, "VL_hits10": 0.4537037037037037}