{"TR_hits1": 0.5041736227045075, "VL_hits1": 0.4866666666666667, "TR_hits10": 0.6227045075125208, "VL_hits10": 0.5733333333333334}