{"TR_hits1": 0.2704507512520868, "VL_hits1": 0.2838063439065108, "TR_hits10": 0.22666666666666666, "VL_hits10": 0.28}