{"TR_hits1": 0.5722300140252454, "VL_hits1": 0.5750350631136045, "TR_hits10": 0.5307262569832403, "VL_hits10": 0.553072625698324}