{"TR_hits1": 0.8747913188647746, "VL_hits1": 0.8797996661101837, "TR_hits10": 0.49333333333333335, "VL_hits10": 0.8533333333333334}