{"TR_hits1": 0.06508135168961202, "VL_hits1": 0.02, "TR_hits10": 0.09011264080100125, "VL_hits10": 0.08}