{"TR_hits1": 0.7479806138933764, "VL_hits1": 0.7657512116316639, "TR_hits10": 0.47096774193548385, "VL_hits10": 0.6774193548387096}