{"TR_hits1": 0.3179271708683473, "VL_hits1": 0.32212885154061627, "TR_hits10": 0.3687150837988827, "VL_hits10": 0.3743016759776536}