{"TR_hits1": 0.7564721369021501, "VL_hits1": 0.7634927599824485, "TR_hits10": 0.6719298245614035, "VL_hits10": 0.7175438596491228}