{"TR_hits1": 0.19198664440734559, "VL_hits1": 0.22036727879799667, "TR_hits10": 0.20666666666666667, "VL_hits10": 0.22}