{"TR_hits1": 0.6745362563237775, "TS_hits1": 0.6375335120643432, "TR_hits10": 0.693929173693086, "TS_hits10": 0.6878590578322482}