{"TR_hits1": 0.4756944444444444, "VL_hits1": 0.3611111111111111, "TR_hits10": 0.5092592592592593, "VL_hits10": 0.42592592592592593}