{"TR_hits1": 0.7704126426690079, "VL_hits1": 0.7761194029850746, "TR_hits10": 0.6982456140350877, "VL_hits10": 0.7228070175438597}