{"TR_hits1": 0.5844806007509387, "VL_hits1": 0.57, "TR_hits10": 0.6082603254067585, "VL_hits10": 0.645}