{"en_fr": 0.8540309588849198, "en_zh": 0.6039228347727823, "en_ja": 0.7772032721098935, "fr_en": 0.8938979004283407, "zh_en": 0.7452223983977301, "ja_en": 0.6891000471179519}