{"TR_hits1": 0.20363636363636364, "VL_hits1": 0.11594202898550725, "TR_hits10": 0.22666666666666666, "VL_hits10": 0.1497584541062802}