{"TR_hits1": 0.2103049421661409, "VL_hits1": 0.18907563025210083, "TR_hits10": 0.23974763406940064, "VL_hits10": 0.25630252100840334}