{"TR_hits1": 0.4992272024729521, "VL_hits1": 0.3888888888888889, "TR_hits10": 0.5548686244204019, "VL_hits10": 0.48148148148148145}