{"TR_hits1": 0.30092592592592593, "VL_hits1": 0.25, "TR_hits10": 0.3414351851851852, "VL_hits10": 0.3333333333333333}