{"TR_hits1": 0.4224537037037037, "VL_hits1": 0.3333333333333333, "TR_hits10": 0.4525462962962963, "VL_hits10": 0.38425925925925924}