{"TR_hits1": 0.7783143107989464, "VL_hits1": 0.7805092186128183, "TR_hits10": 0.7, "VL_hits10": 0.7421052631578947}