{"TR_hits1": 0.4376646180860404, "VL_hits1": 0.4482001755926251, "TR_hits10": 0.4245614035087719, "VL_hits10": 0.443859649122807}