{"TR_hits1": 0.41818181818181815, "VL_hits1": 0.30434782608695654, "TR_hits10": 0.4254545454545455, "VL_hits10": 0.3526570048309179}