{"TR_hits1": 0.5559265442404007, "VL_hits1": 0.5742904841402338, "TR_hits10": 0.3466666666666667, "VL_hits10": 0.42}