{"TR_hits1": 0.8549382716049383, "VL_hits1": 0.875, "TR_hits10": 0.6172839506172839, "VL_hits10": 0.8271604938271605}