{"TR_hits1": 0.541374474053296, "VL_hits1": 0.5363128491620112, "TR_hits10": 0.6367461430575035, "VL_hits10": 0.6201117318435754}