{"TR_hits1": 0.697054698457223, "VL_hits1": 0.7082748948106592, "TR_hits10": 0.547486033519553, "VL_hits10": 0.6368715083798883}