{"TR_hits1": 0.8011413520632134, "VL_hits1": 0.8129938542581212, "TR_hits10": 0.7368421052631579, "VL_hits10": 0.7842105263157895}