{"TR_hits1": 0.41903171953255425, "VL_hits1": 0.41333333333333333, "TR_hits10": 0.4974958263772955, "VL_hits10": 0.4666666666666667}