{"TR_hits1": 0.48080133555926546, "VL_hits1": 0.48914858096828046, "TR_hits10": 0.38666666666666666, "VL_hits10": 0.4066666666666667}