{"TR_hits1": 0.3927272727272727, "VL_hits1": 0.357487922705314, "TR_hits10": 0.4193939393939394, "VL_hits10": 0.3961352657004831}