{"TR_hits1": 0.9096774193548387, "VL_hits1": 0.9193548387096774, "TR_hits10": 0.6193548387096774, "VL_hits10": 0.9161290322580645}