{"TR_hits1": 0.9353932584269663, "VL_hits1": 0.9536516853932584, "TR_hits10": 0.7921348314606742, "VL_hits10": 0.9606741573033708}