{"TR_hits1": 0.19393939393939394, "VL_hits1": 0.21739130434782608, "TR_hits10": 0.22787878787878788, "VL_hits10": 0.23671497584541062}