{"TR_hits1": 0.7779632721202003, "VL_hits1": 0.8146911519198664, "TR_hits10": 0.46, "VL_hits10": 0.82}