{"TR_hits1": 0.938375350140056, "VL_hits1": 0.9593837535014006, "TR_hits10": 0.7821229050279329, "VL_hits10": 0.9608938547486033}