{"TR_hits1": 0.9166666666666666, "VL_hits1": 0.9444444444444444, "TR_hits10": 0.5987654320987654, "VL_hits10": 0.8827160493827161}