{"TR_hits1": 0.37181738366988587, "VL_hits1": 0.4679543459174715, "TR_hits10": 0.3912280701754386, "VL_hits10": 0.4789473684210526}