{"TR_hits1": 0.9376579612468408, "TS_hits1": 0.4492875746897503, "TR_hits10": 0.9688289806234204, "TS_hits10": 0.7588478627240692}