{"TR_hits1": 0.9073748902546093, "VL_hits1": 0.9372256365232661, "TR_hits10": 0.7894736842105263, "VL_hits10": 0.9403508771929825}