{"TR_hits1": 0.726507713884993, "VL_hits1": 0.7307152875175316, "TR_hits10": 0.6256983240223464, "VL_hits10": 0.6815642458100558}