{"TR_hits1": 0.43287037037037035, "VL_hits1": 0.37037037037037035, "TR_hits10": 0.4722222222222222, "VL_hits10": 0.41203703703703703}