{"TR_hits1": 0.5491659350307287, "VL_hits1": 0.5667251975417033, "TR_hits10": 0.5631578947368421, "VL_hits10": 0.5842105263157895}