{"TR_hits1": 0.20518867924528303, "VL_hits1": 0.18309859154929578, "TR_hits10": 0.22523584905660377, "VL_hits10": 0.22535211267605634}