{"TR_hits1": 0.36419753086419754, "VL_hits1": 0.4012345679012346, "TR_hits10": 0.5, "VL_hits10": 0.5185185185185185}