{"TR_hits1": 0.9539271610355419, "VL_hits1": 0.9640193067134708, "TR_hits10": 0.787719298245614, "VL_hits10": 0.9350877192982456}