{"TR_hits1": 0.5682316805616499, "VL_hits1": 0.5835892935498025, "TR_hits10": 0.5175438596491229, "VL_hits10": 0.5543859649122806}