{"TR_hits1": 0.31886477462437396, "VL_hits1": 0.31886477462437396, "TR_hits10": 0.26666666666666666, "VL_hits10": 0.28}