{"TR_hits1": 0.2360774818401937, "VL_hits1": 0.19806763285024154, "TR_hits10": 0.2917675544794189, "VL_hits10": 0.2608695652173913}