{"TR_hits1": 0.42070116861435725, "VL_hits1": 0.5008347245409015, "TR_hits10": 0.44, "VL_hits10": 0.49333333333333335}