{"TR_hits1": 0.4557595993322204, "VL_hits1": 0.46410684474123537, "TR_hits10": 0.38, "VL_hits10": 0.41333333333333333}