{"TR_hits1": 0.44240400667779634, "VL_hits1": 0.44741235392320533, "TR_hits10": 0.29333333333333333, "VL_hits10": 0.3333333333333333}