{"TR_hits1": 0.8048048048048048, "TS_hits1": 0.44218863801893665, "TR_hits10": 0.9369369369369369, "TS_hits10": 0.7430808448652586}