{"TR_hits1": 0.32037691401649, "VL_hits1": 0.24413145539906103, "TR_hits10": 0.33568904593639576, "VL_hits10": 0.3145539906103286}