{"TR_hits1": 0.6134453781512605, "VL_hits1": 0.6358543417366946, "TR_hits10": 0.5027932960893855, "VL_hits10": 0.547486033519553}