{"TR_hits1": 0.44741235392320533, "VL_hits1": 0.5108514190317195, "TR_hits10": 0.47333333333333333, "VL_hits10": 0.5133333333333333}