{"TR_hits1": 0.7205169628432956, "VL_hits1": 0.7512116316639742, "TR_hits10": 0.4774193548387097, "VL_hits10": 0.7870967741935484}