{"TR_hits1": 0.4072727272727273, "VL_hits1": 0.391304347826087, "TR_hits10": 0.4775757575757576, "VL_hits10": 0.4782608695652174}