{"TR_hits1": 0.45107503290917067, "VL_hits1": 0.5054848617814831, "TR_hits10": 0.4017543859649123, "VL_hits10": 0.4631578947368421}