{"TR_hits1": 0.3541666666666667, "VL_hits1": 0.3888888888888889, "TR_hits10": 0.3888888888888889, "VL_hits10": 0.4305555555555556}