{"TR_hits1": 0.5469710272168569, "VL_hits1": 0.6040386303775241, "TR_hits10": 0.519298245614035, "VL_hits10": 0.5719298245614035}