{"TR_hits1": 0.5910364145658263, "VL_hits1": 0.592436974789916, "TR_hits10": 0.5363128491620112, "VL_hits10": 0.5586592178770949}