{"TR_hits1": 0.46994295743747255, "VL_hits1": 0.4791575252303642, "TR_hits10": 0.4666666666666667, "VL_hits10": 0.4842105263157895}