{"TR_hits1": 0.3584905660377358, "VL_hits1": 0.2863849765258216, "TR_hits10": 0.38443396226415094, "VL_hits10": 0.3380281690140845}