{"TR_hits1": 0.9342881213142376, "TS_hits1": 0.6394974720392217, "TR_hits10": 0.974726200505476, "TS_hits10": 0.8834073847096675}