{"TR_hits1": 0.41736227045075125, "VL_hits1": 0.4273789649415693, "TR_hits10": 0.38, "VL_hits10": 0.3933333333333333}