{"TR_hits1": 0.3354192740926158, "VL_hits1": 0.33, "TR_hits10": 0.37296620775969963, "VL_hits10": 0.395}