{"avg_TR_hits1": 0.8307602550205453, "std_TR_hits1": 0.07872340530899653, "avg_TS_hits1": 0.7326663917380105, "std_TS_hits1": 0.04637084757611508, "avg_TR_hits10": 0.8709202371768736, "std_TR_hits10": 0.08882884580821385, "avg_TS_hits10": 0.790336450397607, "std_TS_hits10": 0.0506476477302359}