{"TR_hits1": 0.3849868305531168, "VL_hits1": 0.48244073748902544, "TR_hits10": 0.3736842105263158, "VL_hits10": 0.47719298245614034}