{"TR_hits1": 0.9269662921348315, "VL_hits1": 0.9536516853932584, "TR_hits10": 0.6853932584269663, "VL_hits10": 0.9044943820224719}