{"TR_hits1": 0.28911138923654567, "VL_hits1": 0.24, "TR_hits10": 0.3041301627033792, "VL_hits10": 0.295}