{"TR_hits1": 0.7194907813871817, "VL_hits1": 0.7256365232660228, "TR_hits10": 0.6649122807017543, "VL_hits10": 0.6894736842105263}