{"TR_hits1": 0.5459098497495827, "VL_hits1": 0.5509181969949917, "TR_hits10": 0.4, "VL_hits10": 0.4266666666666667}