{"TR_hits1": 0.6765015806111696, "VL_hits1": 0.6386554621848739, "TR_hits10": 0.6870389884088515, "VL_hits10": 0.6764705882352942}