{"TR_hits1": 0.6429725363489499, "VL_hits1": 0.7140549273021002, "TR_hits10": 0.49032258064516127, "VL_hits10": 0.7806451612903226}