{"TR_hits1": 0.41068447412353926, "VL_hits1": 0.44407345575959933, "TR_hits10": 0.36666666666666664, "VL_hits10": 0.41333333333333333}