{"TR_hits1": 0.41569282136894825, "VL_hits1": 0.4, "TR_hits10": 0.5058430717863105, "VL_hits10": 0.4866666666666667}