{"TR_hits1": 0.7840210711150132, "VL_hits1": 0.7884108867427568, "TR_hits10": 0.7298245614035088, "VL_hits10": 0.775438596491228}