{"TR_hits1": 0.43859649122807015, "VL_hits1": 0.355, "TR_hits10": 0.47368421052631576, "VL_hits10": 0.435}