{"TR_hits1": 0.1669449081803005, "VL_hits1": 0.21035058430717862, "TR_hits10": 0.19333333333333333, "VL_hits10": 0.22666666666666666}