{"TR_hits1": 0.4270833333333333, "VL_hits1": 0.4537037037037037, "TR_hits10": 0.5034722222222222, "VL_hits10": 0.5092592592592593}