{"TR_hits1": 0.5895061728395061, "VL_hits1": 0.7114197530864198, "TR_hits10": 0.5061728395061729, "VL_hits10": 0.7037037037037037}