{"TR_hits1": 0.7544426494345718, "VL_hits1": 0.7738287560581584, "TR_hits10": 0.45806451612903226, "VL_hits10": 0.7032258064516129}