{"TR_hits1": 0.41646489104116224, "VL_hits1": 0.42995169082125606, "TR_hits10": 0.47094430992736075, "VL_hits10": 0.4782608695652174}