{"TR_hits1": 0.5004389815627743, "VL_hits1": 0.5057067603160668, "TR_hits10": 0.4666666666666667, "VL_hits10": 0.48771929824561405}