{"TR_hits1": 0.5457413249211357, "VL_hits1": 0.49159663865546216, "TR_hits10": 0.5562565720294427, "VL_hits10": 0.5168067226890757}