{"TR_hits1": 0.9446883230904302, "VL_hits1": 0.9622475856014048, "TR_hits10": 0.7982456140350878, "VL_hits10": 0.9368421052631579}