{"TR_hits1": 0.7179176755447942, "VL_hits1": 0.45410628019323673, "TR_hits10": 0.7530266343825666, "VL_hits10": 0.7536231884057971}