{"TR_hits1": 0.25810185185185186, "VL_hits1": 0.18055555555555555, "TR_hits10": 0.2974537037037037, "VL_hits10": 0.24074074074074073}