{"TR_hits1": 0.7818261633011413, "VL_hits1": 0.786215978928885, "TR_hits10": 0.6964912280701754, "VL_hits10": 0.7228070175438597}