{"TR_hits1": 0.9865168539325843, "TS_hits1": 0.9977528089887641, "TR_hits10": 0.7878810575986818, "TS_hits10": 0.9454722492697176}