{"TR_hits1": 0.5528089887640449, "TS_hits1": 0.33225975582353384, "TR_hits10": 0.7955056179775281, "TS_hits10": 0.6683394502284473}