{"TR_hits1": 0.7405329593267882, "VL_hits1": 0.7447405329593267, "TR_hits10": 0.6480446927374302, "VL_hits10": 0.6871508379888268}