{"TR_hits1": 0.8380503144654088, "VL_hits1": 0.8616352201257862, "TR_hits10": 0.525, "VL_hits10": 0.8}