{"TR_hits1": 0.25922023182297155, "VL_hits1": 0.22268907563025211, "TR_hits10": 0.3119072708113804, "VL_hits10": 0.2689075630252101}