{"TR_hits1": 0.328881469115192, "VL_hits1": 0.3772954924874791, "TR_hits10": 0.24666666666666667, "VL_hits10": 0.32}