{"TR_hits1": 0.3756260434056761, "VL_hits1": 0.39565943238731216, "TR_hits10": 0.43333333333333335, "VL_hits10": 0.44666666666666666}