{"TR_hits1": 0.24074074074074073, "VL_hits1": 0.18518518518518517, "TR_hits10": 0.26273148148148145, "VL_hits10": 0.24074074074074073}