{"TR_hits1": 0.9368143922773147, "VL_hits1": 0.9491004826678368, "TR_hits10": 0.8245614035087719, "VL_hits10": 0.956140350877193}