{"TR_hits1": 0.3804755944931164, "VL_hits1": 0.32, "TR_hits10": 0.3967459324155194, "VL_hits10": 0.375}