{"TR_hits1": 0.5374077976817703, "VL_hits1": 0.5462184873949579, "TR_hits10": 0.5806111696522656, "VL_hits10": 0.5798319327731093}