{"TR_hits1": 0.8903225806451613, "VL_hits1": 0.9032258064516129, "TR_hits10": 0.4774193548387097, "VL_hits10": 0.864516129032258}