{"TR_hits1": 0.03387096774193549, "VL_hits1": 0.04516129032258064, "TR_hits10": 0.05967741935483871, "VL_hits10": 0.07741935483870968}