{"TR_hits1": 0.7253086419753086, "VL_hits1": 0.7808641975308642, "TR_hits10": 0.5555555555555556, "VL_hits10": 0.7654320987654321}