{"TR_hits1": 0.8349056603773585, "VL_hits1": 0.8883647798742138, "TR_hits10": 0.61875, "VL_hits10": 0.925}