{"TR_hits1": 0.43042452830188677, "VL_hits1": 0.29577464788732394, "TR_hits10": 0.43278301886792453, "VL_hits10": 0.36619718309859156}