{"TR_hits1": 0.6466049382716049, "VL_hits1": 0.7268518518518519, "TR_hits10": 0.3950617283950617, "VL_hits10": 0.6851851851851852}