{"TR_hits1": 0.5617977528089888, "VL_hits1": 0.6235955056179775, "TR_hits10": 0.6278089887640449, "VL_hits10": 0.6460674157303371}