{"TR_hits1": 0.15769712140175218, "VL_hits1": 0.16, "TR_hits10": 0.16896120150187735, "VL_hits10": 0.195}