{"TR_hits1": 0.41391509433962265, "VL_hits1": 0.39906103286384975, "TR_hits10": 0.4410377358490566, "VL_hits10": 0.431924882629108}