{"TR_hits1": 0.24100087796312555, "VL_hits1": 0.2546093064091308, "TR_hits10": 0.23508771929824562, "VL_hits10": 0.27017543859649124}