{"TR_hits1": 0.0015723270440251573, "VL_hits1": 0.0031446540880503146, "TR_hits10": 0.0, "VL_hits10": 0.00625}