{"TR_hits1": 0.694468832309043, "VL_hits1": 0.7142230026338894, "TR_hits10": 0.5982456140350877, "VL_hits10": 0.6842105263157895}