{"TR_hits1": 0.8270440251572327, "VL_hits1": 0.8380503144654088, "TR_hits10": 0.4875, "VL_hits10": 0.8125}