{"TR_hits1": 0.922739244951712, "VL_hits1": 0.9433713784021072, "TR_hits10": 0.775438596491228, "VL_hits10": 0.9070175438596492}