{"TR_hits1": 0.23148148148148148, "VL_hits1": 0.16666666666666666, "TR_hits10": 0.2569444444444444, "VL_hits10": 0.2037037037037037}