{"TR_hits1": 0.6016830294530154, "VL_hits1": 0.603085553997195, "TR_hits10": 0.553072625698324, "VL_hits10": 0.5698324022346368}