{"TR_hits1": 0.5205047318611987, "VL_hits1": 0.5210084033613446, "TR_hits10": 0.5594111461619348, "VL_hits10": 0.5840336134453782}