{"TR_hits1": 0.9477841158402808, "VL_hits1": 0.9701623519087319, "TR_hits10": 0.8543859649122807, "VL_hits10": 0.9754385964912281}