{"TR_hits1": 0.8639551192145862, "VL_hits1": 0.9018232819074333, "TR_hits10": 0.659217877094972, "VL_hits10": 0.8938547486033519}