{"TR_hits1": 0.1781818181818182, "VL_hits1": 0.18840579710144928, "TR_hits10": 0.2315151515151515, "VL_hits10": 0.26570048309178745}