{"TR_hits1": 0.7594339622641509, "VL_hits1": 0.4460093896713615, "TR_hits10": 0.8278301886792453, "VL_hits10": 0.7887323943661971}