{"TR_hits1": 0.35023584905660377, "VL_hits1": 0.37089201877934275, "TR_hits10": 0.41509433962264153, "VL_hits10": 0.4225352112676056}