{"TR_hits1": 0.7278314310798947, "VL_hits1": 0.7436347673397717, "TR_hits10": 0.6701754385964912, "VL_hits10": 0.7105263157894737}