{"TR_hits1": 0.3717434869739479, "TS_hits1": 0.1024123805188894, "TR_hits10": 0.3967935871743487, "TS_hits10": 0.2914883932635412}