{"TR_hits1": 0.5516129032258065, "VL_hits1": 0.5548387096774193, "TR_hits10": 0.6387096774193548, "VL_hits10": 0.6387096774193548}