{"TR_hits1": 0.4757929883138564, "VL_hits1": 0.5726210350584308, "TR_hits10": 0.4533333333333333, "VL_hits10": 0.5333333333333333}