{"TR_hits1": 0.6862910008410429, "TS_hits1": 0.5757182151589242, "TR_hits10": 0.6904962153069807, "TS_hits10": 0.6497555012224939}