{"TR_hits1": 0.9464442493415277, "VL_hits1": 0.9622475856014048, "TR_hits10": 0.7964912280701755, "VL_hits10": 0.9508771929824561}