{"TR_hits1": 0.8616352201257862, "VL_hits1": 0.8977987421383647, "TR_hits10": 0.5875, "VL_hits10": 0.8375}