{"TR_hits1": 0.8787037037037037, "TS_hits1": 0.4767637649435932, "TR_hits10": 0.9611111111111111, "TS_hits10": 0.7488634450244149}