{"TR_hits1": 0.4298245614035088, "VL_hits1": 0.465, "TR_hits10": 0.48621553884711777, "VL_hits10": 0.535}