{"TR_hits1": 0.8213345039508341, "VL_hits1": 0.8270412642669008, "TR_hits10": 0.7614035087719299, "VL_hits10": 0.8228070175438597}