{"TR_hits1": 0.19975786924939468, "VL_hits1": 0.14009661835748793, "TR_hits10": 0.2324455205811138, "VL_hits10": 0.17391304347826086}