{"TR_hits1": 0.4394184168012924, "VL_hits1": 0.4258064516129032, "TR_hits10": 0.4927302100161551, "VL_hits10": 0.5419354838709678}