{"TR_hits1": 0.1701388888888889, "VL_hits1": 0.14814814814814814, "TR_hits10": 0.2337962962962963, "VL_hits10": 0.21296296296296297}