{"TR_hits1": 0.6513026052104208, "TS_hits1": 0.5532089212562585, "TR_hits10": 0.7044088176352705, "TS_hits10": 0.6302230314064634}