{"TR_hits1": 0.5414655550680123, "VL_hits1": 0.5971917507678807, "TR_hits10": 0.5157894736842106, "VL_hits10": 0.5719298245614035}