{"TR_hits1": 0.3739565943238731, "VL_hits1": 0.32, "TR_hits10": 0.4357262103505843, "VL_hits10": 0.38666666666666666}