{"TR_hits1": 0.31886477462437396, "VL_hits1": 0.35225375626043404, "TR_hits10": 0.21333333333333335, "VL_hits10": 0.24}