{"TR_hits1": 0.7673397717295873, "VL_hits1": 0.7739244951712028, "TR_hits10": 0.6824561403508772, "VL_hits10": 0.743859649122807}