{"TR_hits1": 0.9424934152765584, "VL_hits1": 0.9622475856014048, "TR_hits10": 0.8421052631578947, "VL_hits10": 0.956140350877193}