{"TR_hits1": 0.8834269662921348, "VL_hits1": 0.9171348314606742, "TR_hits10": 0.7303370786516854, "VL_hits10": 0.9101123595505618}