{"TR_hits1": 0.7418546365914787, "VL_hits1": 0.47, "TR_hits10": 0.768170426065163, "VL_hits10": 0.725}