{"TR_hits1": 0.6095505617977528, "VL_hits1": 0.6067415730337079, "TR_hits10": 0.6853932584269663, "VL_hits10": 0.6741573033707865}