{"TR_hits1": 0.8083462132921174, "VL_hits1": 0.8207109737248841, "TR_hits10": 0.4876543209876543, "VL_hits10": 0.8271604938271605}