{"TR_hits1": 0.3642052565707134, "VL_hits1": 0.365, "TR_hits10": 0.4330413016270338, "VL_hits10": 0.4}