{"TR_hits1": 0.589041095890411, "VL_hits1": 0.5966386554621849, "TR_hits10": 0.6164383561643836, "VL_hits10": 0.6176470588235294}