{"TR_hits1": 0.5974754558204769, "VL_hits1": 0.6016830294530154, "TR_hits10": 0.5307262569832403, "VL_hits10": 0.5418994413407822}