{"TR_hits1": 0.029504741833508957, "VL_hits1": 0.03361344537815126, "TR_hits10": 0.06638566912539515, "VL_hits10": 0.05042016806722689}