{"TR_hits1": 0.47102212855637515, "VL_hits1": 0.41596638655462187, "TR_hits10": 0.5142255005268704, "VL_hits10": 0.5042016806722689}