{"TR_hits1": 0.2739393939393939, "VL_hits1": 0.25120772946859904, "TR_hits10": 0.3103030303030303, "VL_hits10": 0.2898550724637681}