{"TR_hits1": 0.5127314814814815, "VL_hits1": 0.3148148148148148, "TR_hits10": 0.6006944444444444, "VL_hits10": 0.5740740740740741}