{"TR_hits1": 0.3696969696969697, "VL_hits1": 0.3285024154589372, "TR_hits10": 0.37333333333333335, "VL_hits10": 0.3526570048309179}