{"TR_hits1": 0.935908691834943, "VL_hits1": 0.9508340649692713, "TR_hits10": 0.7719298245614035, "VL_hits10": 0.9333333333333333}