{"TR_hits1": 0.2759433962264151, "VL_hits1": 0.15492957746478872, "TR_hits10": 0.2806603773584906, "VL_hits10": 0.20657276995305165}