{"TR_hits1": 0.7401229148375769, "VL_hits1": 0.7453906935908692, "TR_hits10": 0.6912280701754386, "VL_hits10": 0.7368421052631579}