{"TR_hits1": 0.6900790166812993, "VL_hits1": 0.702809482001756, "TR_hits10": 0.6350877192982456, "VL_hits10": 0.6719298245614035}