{"TR_hits1": 0.9416154521510096, "VL_hits1": 0.9648814749780509, "TR_hits10": 0.8228070175438597, "VL_hits10": 0.9578947368421052}