{"TR_hits1": 0.3025210084033613, "VL_hits1": 0.25210084033613445, "TR_hits10": 0.3319327731092437, "VL_hits10": 0.29411764705882354}