{"TR_hits1": 0.37264150943396224, "VL_hits1": 0.3568075117370892, "TR_hits10": 0.4339622641509434, "VL_hits10": 0.431924882629108}