{"TR_hits1": 0.7169811320754716, "VL_hits1": 0.7955974842767296, "TR_hits10": 0.43125, "VL_hits10": 0.76875}