{"TR_hits1": 0.485273492286115, "VL_hits1": 0.48807854137447404, "TR_hits10": 0.43575418994413406, "VL_hits10": 0.45251396648044695}