{"TR_hits1": 0.4889937106918239, "VL_hits1": 0.4528301886792453, "TR_hits10": 0.5534591194968553, "VL_hits10": 0.5471698113207547}