{"TR_hits1": 0.8663522012578616, "VL_hits1": 0.8742138364779874, "TR_hits10": 0.475, "VL_hits10": 0.875}