{"TR_hits1": 0.4965277777777778, "VL_hits1": 0.39351851851851855, "TR_hits10": 0.5370370370370371, "VL_hits10": 0.4537037037037037}