{"TR_hits1": 0.8584905660377359, "VL_hits1": 0.9229559748427673, "TR_hits10": 0.56875, "VL_hits10": 0.825}