{"TR_hits1": 0.5, "VL_hits1": 0.45161290322580644, "TR_hits10": 0.5854838709677419, "VL_hits10": 0.5290322580645161}