{"TR_hits1": 0.6022827041264267, "VL_hits1": 0.6040386303775241, "TR_hits10": 0.5754385964912281, "VL_hits10": 0.5842105263157895}