{"TR_hits1": 0.9583150504607284, "VL_hits1": 0.9662132514260641, "TR_hits10": 0.8315789473684211, "VL_hits10": 0.9596491228070175}