{"TR_hits1": 0.8679245283018868, "VL_hits1": 0.910377358490566, "TR_hits10": 0.53125, "VL_hits10": 0.775}