{"TR_hits1": 0.3861066235864297, "VL_hits1": 0.3548387096774194, "TR_hits10": 0.4991922455573506, "VL_hits10": 0.41935483870967744}