{"TR_hits1": 0.4669811320754717, "VL_hits1": 0.5, "TR_hits10": 0.5770440251572327, "VL_hits10": 0.59375}