{"TR_hits1": 0.36921296296296297, "VL_hits1": 0.35648148148148145, "TR_hits10": 0.4444444444444444, "VL_hits10": 0.4305555555555556}