{"TR_hits1": 0.5448179271708683, "VL_hits1": 0.5448179271708683, "TR_hits10": 0.4692737430167598, "VL_hits10": 0.48044692737430167}