{"TR_hits1": 0.19899874843554444, "VL_hits1": 0.13, "TR_hits10": 0.21401752190237797, "VL_hits10": 0.155}