{"TR_hits1": 0.28180862250262884, "VL_hits1": 0.25210084033613445, "TR_hits10": 0.3186119873817035, "VL_hits10": 0.3319327731092437}