{"TR_hits1": 0.5708274894810659, "VL_hits1": 0.5722300140252454, "TR_hits10": 0.4972067039106145, "VL_hits10": 0.5083798882681564}