{"TR_hits1": 0.4257075471698113, "VL_hits1": 0.4413145539906103, "TR_hits10": 0.5047169811320755, "VL_hits10": 0.5539906103286385}