{"TR_hits1": 0.37093942054433715, "VL_hits1": 0.4100087796312555, "TR_hits10": 0.3824561403508772, "VL_hits10": 0.4105263157894737}