{"TR_hits1": 0.20833333333333334, "VL_hits1": 0.18518518518518517, "TR_hits10": 0.22800925925925927, "VL_hits10": 0.20833333333333334}