{"TR_hits1": 0.9100087796312555, "VL_hits1": 0.9442493415276558, "TR_hits10": 0.7912280701754386, "VL_hits10": 0.9280701754385965}