{"TR_hits1": 0.3308746048472076, "VL_hits1": 0.25210084033613445, "TR_hits10": 0.34562697576396206, "VL_hits10": 0.2689075630252101}