{"TR_hits1": 0.9587357330992098, "VL_hits1": 0.9591747146619842, "TR_hits10": 0.7771929824561403, "VL_hits10": 0.9263157894736842}