{"TR_hits1": 0.2871452420701169, "VL_hits1": 0.34390651085141904, "TR_hits10": 0.26666666666666666, "VL_hits10": 0.34}