{"TR_hits1": 0.17381228273464658, "VL_hits1": 0.18981481481481483, "TR_hits10": 0.19003476245654694, "VL_hits10": 0.24074074074074073}