{"TR_hits1": 0.5626043405676127, "VL_hits1": 0.5742904841402338, "TR_hits10": 0.54, "VL_hits10": 0.6133333333333333}