{"TR_hits1": 0.6509259259259259, "TS_hits1": 0.5889038558679912, "TR_hits10": 0.7842592592592592, "TS_hits10": 0.7009597575349386}