{"TR_hits1": 0.13689482470784642, "VL_hits1": 0.19198664440734559, "TR_hits10": 0.14666666666666667, "VL_hits10": 0.18666666666666668}