{"TR_hits1": 0.8229715489989463, "VL_hits1": 0.6302521008403361, "TR_hits10": 0.8788198103266597, "VL_hits10": 0.8739495798319328}