{"TR_hits1": 0.3506944444444444, "VL_hits1": 0.3101851851851852, "TR_hits10": 0.4074074074074074, "VL_hits10": 0.3611111111111111}