{"TR_hits1": 0.394109396914446, "VL_hits1": 0.41514726507713884, "TR_hits10": 0.26256983240223464, "VL_hits10": 0.3128491620111732}