{"TR_hits1": 0.5680224403927069, "VL_hits1": 0.547486033519553, "TR_hits10": 0.6718092566619915, "VL_hits10": 0.6368715083798883}