{"TR_hits1": 0.6698858647936786, "VL_hits1": 0.6870061457418788, "TR_hits10": 0.5982456140350877, "VL_hits10": 0.6421052631578947}