{"TR_hits1": 0.9508556384379113, "VL_hits1": 0.9618253620008775, "TR_hits10": 0.8350877192982457, "VL_hits10": 0.9631578947368421}