{"TR_hits1": 0.800702370500439, "VL_hits1": 0.8094820017559262, "TR_hits10": 0.7192982456140351, "VL_hits10": 0.7894736842105263}