{"TR_hits1": 0.48668280871670705, "VL_hits1": 0.4927536231884058, "TR_hits10": 0.5326876513317191, "VL_hits10": 0.5603864734299517}