{"TR_hits1": 0.5084033613445378, "VL_hits1": 0.48739495798319327, "TR_hits10": 0.5609243697478992, "VL_hits10": 0.5336134453781513}