{"TR_hits1": 0.8641975308641975, "VL_hits1": 0.9074074074074074, "TR_hits10": 0.5493827160493827, "VL_hits10": 0.8209876543209876}