{"TR_hits1": 0.8415262172284644, "TS_hits1": 0.8452715355805243, "TR_hits10": 0.7632464378712075, "TS_hits10": 0.8212937768805406}