{"TR_hits1": 0.7345679012345679, "VL_hits1": 0.7716049382716049, "TR_hits10": 0.4567901234567901, "VL_hits10": 0.7345679012345679}