{"TR_hits1": 0.27713382507903056, "VL_hits1": 0.226890756302521, "TR_hits10": 0.3129610115911486, "VL_hits10": 0.2815126050420168}