{"TR_hits1": 0.8611500701262272, "VL_hits1": 0.8948106591865358, "TR_hits10": 0.6033519553072626, "VL_hits10": 0.8659217877094972}