{"TR_hits1": 0.4012605042016807, "VL_hits1": 0.31512605042016806, "TR_hits10": 0.4117647058823529, "VL_hits10": 0.3445378151260504}