{"TR_hits1": 0.8873456790123457, "VL_hits1": 0.8966049382716049, "TR_hits10": 0.6296296296296297, "VL_hits10": 0.8148148148148148}