{"TR_hits1": 0.32053422370617696, "VL_hits1": 0.34557595993322204, "TR_hits10": 0.26, "VL_hits10": 0.32666666666666666}