{"TR_hits1": 0.8046744574290484, "VL_hits1": 0.8330550918196995, "TR_hits10": 0.5666666666666667, "VL_hits10": 0.7933333333333333}