{"TR_hits1": 0.6098765432098765, "TS_hits1": 0.5327625946657886, "TR_hits10": 0.7382716049382716, "TS_hits10": 0.6522884425419823}