{"TR_hits1": 0.36866902237926974, "VL_hits1": 0.37089201877934275, "TR_hits10": 0.44876325088339225, "VL_hits10": 0.431924882629108}