{"TR_hits1": 0.35377358490566035, "VL_hits1": 0.2863849765258216, "TR_hits10": 0.3856132075471698, "VL_hits10": 0.3380281690140845}