{"TR_hits1": 0.2412121212121212, "VL_hits1": 0.18840579710144928, "TR_hits10": 0.25212121212121213, "VL_hits10": 0.23671497584541062}