{"TR_hits1": 0.17265353418308227, "VL_hits1": 0.18981481481481483, "TR_hits10": 0.21552723059096177, "VL_hits10": 0.24537037037037038}