{"TR_hits1": 0.3125, "VL_hits1": 0.2676056338028169, "TR_hits10": 0.3313679245283019, "VL_hits10": 0.29577464788732394}