{"TR_hits1": 0.7993854258121159, "VL_hits1": 0.8099209833187007, "TR_hits10": 0.7421052631578947, "VL_hits10": 0.8}