{"TR_hits1": 0.8213689482470785, "VL_hits1": 0.8330550918196995, "TR_hits10": 0.56, "VL_hits10": 0.8133333333333334}