{"TR_hits1": 0.9416154521510096, "VL_hits1": 0.9582967515364355, "TR_hits10": 0.7789473684210526, "VL_hits10": 0.9526315789473684}