{"TR_hits1": 0.423562412342216, "VL_hits1": 0.43899018232819076, "TR_hits10": 0.40782122905027934, "VL_hits10": 0.41899441340782123}