{"TR_hits1": 0.3789649415692821, "VL_hits1": 0.34, "TR_hits10": 0.4657762938230384, "VL_hits10": 0.42}