{"TR_hits1": 0.34557595993322204, "VL_hits1": 0.3572621035058431, "TR_hits10": 0.23333333333333334, "VL_hits10": 0.24666666666666667}