{"TR_hits1": 0.47545582047685836, "VL_hits1": 0.4796633941093969, "TR_hits10": 0.43575418994413406, "VL_hits10": 0.45251396648044695}