{"TR_hits1": 0.2287145242070117, "VL_hits1": 0.2671118530884808, "TR_hits10": 0.18666666666666668, "VL_hits10": 0.26}