{"TR_hits1": 0.7519754170324846, "VL_hits1": 0.7598770851624231, "TR_hits10": 0.624561403508772, "VL_hits10": 0.6649122807017543}