{"TR_hits1": 0.8174474959612278, "VL_hits1": 0.8255250403877221, "TR_hits10": 0.4838709677419355, "VL_hits10": 0.7677419354838709}