{"TR_hits1": 0.3949579831932773, "VL_hits1": 0.42436974789915966, "TR_hits10": 0.39664804469273746, "VL_hits10": 0.441340782122905}