{"TR_hits1": 0.7348551360842844, "VL_hits1": 0.737928007023705, "TR_hits10": 0.6754385964912281, "VL_hits10": 0.7368421052631579}