{"TR_hits1": 0.8066037735849056, "VL_hits1": 0.8411949685534591, "TR_hits10": 0.54375, "VL_hits10": 0.8375}