{"TR_hits1": 0.7824074074074074, "TS_hits1": 0.593029129483078, "TR_hits10": 0.8805555555555555, "TS_hits10": 0.705169220407476}