{"TR_hits1": 0.2637729549248748, "VL_hits1": 0.337228714524207, "TR_hits10": 0.24666666666666667, "VL_hits10": 0.3466666666666667}