{"TR_hits1": 0.8928884986830553, "VL_hits1": 0.9372256365232661, "TR_hits10": 0.7631578947368421, "VL_hits10": 0.9368421052631579}