{"TR_hits1": 0.9311101360245722, "VL_hits1": 0.958753839403247, "TR_hits10": 0.8192982456140351, "VL_hits10": 0.9631578947368421}