{"TR_hits1": 0.2074159907300116, "VL_hits1": 0.17592592592592593, "TR_hits10": 0.23754345307068367, "VL_hits10": 0.24074074074074073}