{"TR_hits1": 0.2703081232492997, "VL_hits1": 0.13966480446927373, "TR_hits10": 0.30952380952380953, "VL_hits10": 0.2737430167597765}