{"TR_hits1": 0.8445378151260504, "VL_hits1": 0.9005602240896359, "TR_hits10": 0.7374301675977654, "VL_hits10": 0.9385474860335196}