{"TR_hits1": 0.5812236286919831, "VL_hits1": 0.5966386554621849, "TR_hits10": 0.6075949367088608, "VL_hits10": 0.6134453781512605}