{"TR_hits1": 0.8852201257861635, "VL_hits1": 0.89937106918239, "TR_hits10": 0.5125, "VL_hits10": 0.86875}