{"TR_hits1": 0.7932396839332748, "VL_hits1": 0.7993854258121159, "TR_hits10": 0.7070175438596491, "VL_hits10": 0.7403508771929824}