{"TR_hits1": 0.6225806451612903, "VL_hits1": 0.5548387096774193, "TR_hits10": 0.6887096774193548, "VL_hits10": 0.6193548387096774}