{"TR_hits1": 0.9480337078651685, "VL_hits1": 0.9564606741573034, "TR_hits10": 0.7247191011235955, "VL_hits10": 0.9101123595505618}