{"TR_hits1": 0.1684848484848485, "VL_hits1": 0.18357487922705315, "TR_hits10": 0.22666666666666666, "VL_hits10": 0.24154589371980675}