{"TR_hits1": 0.30359212050984935, "VL_hits1": 0.22685185185185186, "TR_hits10": 0.3499420625724218, "VL_hits10": 0.25462962962962965}