{"TR_hits1": 0.33564814814814814, "VL_hits1": 0.3888888888888889, "TR_hits10": 0.375, "VL_hits10": 0.42592592592592593}