{"TR_hits1": 0.0047169811320754715, "VL_hits1": 0.004694835680751174, "TR_hits10": 0.008254716981132075, "VL_hits10": 0.009389671361502348}