{"TR_hits1": 0.9473222124670764, "VL_hits1": 0.9631255487269534, "TR_hits10": 0.7964912280701755, "VL_hits10": 0.9403508771929825}