{"TR_hits1": 0.9738837405223252, "TS_hits1": 0.7079822276696798, "TR_hits10": 0.9882055602358888, "TS_hits10": 0.9133598896889842}