{"TR_hits1": 0.8081395348837209, "TS_hits1": 0.46094919432948844, "TR_hits10": 0.9224806201550387, "TS_hits10": 0.7294179801003786}