{"TR_hits1": 0.5730442978322338, "TS_hits1": 0.4955024415317399, "TR_hits10": 0.5824693685202639, "TS_hits10": 0.5602672834746851}