{"TR_hits1": 0.3847045191193511, "VL_hits1": 0.3472222222222222, "TR_hits10": 0.4241019698725377, "VL_hits10": 0.41203703703703703}