{"TR_hits1": 0.9424157303370787, "VL_hits1": 0.9536516853932584, "TR_hits10": 0.7752808988764045, "VL_hits10": 0.9382022471910112}