{"TR_hits1": 0.8913226621735467, "TS_hits1": 0.7658189060824269, "TR_hits10": 0.9174389216512215, "TS_hits10": 0.8195955262754712}