{"TR_hits1": 0.4674457429048414, "VL_hits1": 0.4691151919866444, "TR_hits10": 0.2733333333333333, "VL_hits10": 0.29333333333333333}