{"TR_hits1": 0.3906935908691835, "VL_hits1": 0.4280070237050044, "TR_hits10": 0.4052631578947368, "VL_hits10": 0.44035087719298244}