{"TR_hits1": 0.7484567901234568, "VL_hits1": 0.8040123456790124, "TR_hits10": 0.48148148148148145, "VL_hits10": 0.7592592592592593}