{"TR_hits1": 0.9004207573632539, "VL_hits1": 0.9158485273492286, "TR_hits10": 0.664804469273743, "VL_hits10": 0.8659217877094972}