{"TR_hits1": 0.09256661991584852, "VL_hits1": 0.05027932960893855, "TR_hits10": 0.10659186535764376, "VL_hits10": 0.09497206703910614}