{"TR_hits1": 0.5648050579557429, "VL_hits1": 0.5168067226890757, "TR_hits10": 0.5827186512118019, "VL_hits10": 0.5294117647058824}