{"TR_hits1": 0.4375876577840112, "VL_hits1": 0.4586255259467041, "TR_hits10": 0.29608938547486036, "VL_hits10": 0.35195530726256985}