{"TR_hits1": 0.5539971949509116, "VL_hits1": 0.6549789621318373, "TR_hits10": 0.5810055865921788, "VL_hits10": 0.659217877094972}