{"TR_hits1": 0.5021037868162693, "VL_hits1": 0.5091164095371669, "TR_hits10": 0.4972067039106145, "VL_hits10": 0.5027932960893855}