{"TR_hits1": 0.7256944444444444, "VL_hits1": 0.4305555555555556, "TR_hits10": 0.7824074074074074, "VL_hits10": 0.7129629629629629}