{"TR_hits1": 0.3393939393939394, "VL_hits1": 0.30434782608695654, "TR_hits10": 0.37212121212121213, "VL_hits10": 0.3285024154589372}