{"TR_hits1": 0.7774343122102009, "VL_hits1": 0.8098918083462133, "TR_hits10": 0.5061728395061729, "VL_hits10": 0.7901234567901234}