{"TR_hits1": 0.2903629536921151, "VL_hits1": 0.31, "TR_hits10": 0.30663329161451813, "VL_hits10": 0.375}