{"TR_hits1": 0.8701184730144801, "VL_hits1": 0.8780166739798158, "TR_hits10": 0.7526315789473684, "VL_hits10": 0.8122807017543859}