{"TR_hits1": 0.5848261327713382, "VL_hits1": 0.5168067226890757, "TR_hits10": 0.589041095890411, "VL_hits10": 0.5588235294117647}