{"TR_hits1": 0.4411764705882353, "VL_hits1": 0.530812324929972, "TR_hits10": 0.3854748603351955, "VL_hits10": 0.46368715083798884}