{"TR_hits1": 0.5469845722300141, "VL_hits1": 0.5586592178770949, "TR_hits10": 0.6465638148667602, "VL_hits10": 0.6368715083798883}