{"TR_hits1": 0.4628330995792426, "VL_hits1": 0.4782608695652174, "TR_hits10": 0.30726256983240224, "VL_hits10": 0.3575418994413408}