{"TR_hits1": 0.07429245283018868, "VL_hits1": 0.023474178403755867, "TR_hits10": 0.09316037735849056, "VL_hits10": 0.046948356807511735}