{"TR_hits1": 0.614304519526108, "VL_hits1": 0.6173760421237385, "TR_hits10": 0.5754385964912281, "VL_hits10": 0.5964912280701754}