{"TR_hits1": 0.7269534679543459, "VL_hits1": 0.7309043020193152, "TR_hits10": 0.656140350877193, "VL_hits10": 0.6859649122807018}