{"TR_hits1": 0.6008403361344538, "VL_hits1": 0.5672268907563025, "TR_hits10": 0.6460084033613446, "VL_hits10": 0.6134453781512605}