{"TR_hits1": 0.8176100628930818, "VL_hits1": 0.8443396226415094, "TR_hits10": 0.4875, "VL_hits10": 0.775}