{"TR_hits1": 0.7336551118911804, "VL_hits1": 0.7455024133391839, "TR_hits10": 0.6719298245614035, "VL_hits10": 0.6964912280701754}