{"TR_hits1": 0.4346246973365617, "VL_hits1": 0.30434782608695654, "TR_hits10": 0.4576271186440678, "VL_hits10": 0.36231884057971014}