{"TR_hits1": 0.34530706836616454, "VL_hits1": 0.28703703703703703, "TR_hits10": 0.3742757821552723, "VL_hits10": 0.35648148148148145}