{"TR_hits1": 0.9172510518934082, "VL_hits1": 0.9312762973352033, "TR_hits10": 0.6927374301675978, "VL_hits10": 0.8994413407821229}