{"TR_hits1": 0.7302100161550888, "VL_hits1": 0.7754442649434572, "TR_hits10": 0.43870967741935485, "VL_hits10": 0.6838709677419355}