{"TR_hits1": 0.40336134453781514, "VL_hits1": 0.40896358543417366, "TR_hits10": 0.39664804469273746, "VL_hits10": 0.40782122905027934}