{"TR_hits1": 0.4701492537313433, "VL_hits1": 0.47892888498683056, "TR_hits10": 0.48596491228070177, "VL_hits10": 0.5052631578947369}