{"TR_hits1": 0.5122914837576822, "VL_hits1": 0.5882352941176471, "TR_hits10": 0.5087719298245614, "VL_hits10": 0.6017543859649123}