{"TR_hits1": 0.28213689482470783, "VL_hits1": 0.2904841402337229, "TR_hits10": 0.21333333333333335, "VL_hits10": 0.23333333333333334}