{"TR_hits1": 0.8551360842844601, "VL_hits1": 0.8573309920983319, "TR_hits10": 0.7649122807017544, "VL_hits10": 0.8333333333333334}