{"TR_hits1": 0.5462962962962963, "VL_hits1": 0.4675925925925926, "TR_hits10": 0.5891203703703703, "VL_hits10": 0.5555555555555556}