{"TR_hits1": 0.45987654320987653, "VL_hits1": 0.46296296296296297, "TR_hits10": 0.6435185185185185, "VL_hits10": 0.5617283950617284}