{"TR_hits1": 0.8286163522012578, "VL_hits1": 0.860062893081761, "TR_hits10": 0.5220125786163522, "VL_hits10": 0.7735849056603774}