{"TR_hits1": 0.39929793769197014, "VL_hits1": 0.43176831943835015, "TR_hits10": 0.4070175438596491, "VL_hits10": 0.443859649122807}