{"TR_hits1": 0.7257751937984496, "TS_hits1": 0.40036981597252796, "TR_hits10": 0.7771317829457365, "TS_hits10": 0.6852161662410848}