{"TR_hits1": 0.8474842767295597, "VL_hits1": 0.8584905660377359, "TR_hits10": 0.45625, "VL_hits10": 0.71875}