{"TR_hits1": 0.8125548726953468, "VL_hits1": 0.8147497805092186, "TR_hits10": 0.7017543859649122, "VL_hits10": 0.7473684210526316}