{"TR_hits1": 0.8178226514486392, "VL_hits1": 0.8226514486391572, "TR_hits10": 0.7298245614035088, "VL_hits10": 0.775438596491228}