{"TR_hits1": 0.24405506883604505, "VL_hits1": 0.29, "TR_hits10": 0.27409261576971217, "VL_hits10": 0.335}