{"TR_hits1": 0.2465277777777778, "VL_hits1": 0.2037037037037037, "TR_hits10": 0.2789351851851852, "VL_hits10": 0.23148148148148148}