{"TR_hits1": 0.47287735849056606, "VL_hits1": 0.4413145539906103, "TR_hits10": 0.5141509433962265, "VL_hits10": 0.47417840375586856}