{"TR_hits1": 0.8977987421383647, "VL_hits1": 0.9166666666666666, "TR_hits10": 0.65625, "VL_hits10": 0.91875}