{"TR_hits1": 0.9367977528089888, "VL_hits1": 0.9508426966292135, "TR_hits10": 0.7696629213483146, "VL_hits10": 0.949438202247191}