{"TR_hits1": 0.49764150943396224, "VL_hits1": 0.49295774647887325, "TR_hits10": 0.5483490566037735, "VL_hits10": 0.5821596244131455}