{"TR_hits1": 0.5010504201680672, "VL_hits1": 0.3865546218487395, "TR_hits10": 0.5262605042016807, "VL_hits10": 0.46638655462184875}