{"TR_hits1": 0.8178226514486392, "VL_hits1": 0.8301141352063214, "TR_hits10": 0.7842105263157895, "VL_hits10": 0.8105263157894737}