{"TR_hits1": 0.4384858044164038, "VL_hits1": 0.4117647058823529, "TR_hits10": 0.4637223974763407, "VL_hits10": 0.453781512605042}