{"TR_hits1": 0.15664160401002505, "VL_hits1": 0.13, "TR_hits10": 0.18796992481203006, "VL_hits10": 0.195}