{"TR_hits1": 0.4035827186512118, "VL_hits1": 0.3949579831932773, "TR_hits10": 0.4320337197049526, "VL_hits10": 0.4369747899159664}