{"TR_hits1": 0.07384230287859825, "VL_hits1": 0.055, "TR_hits10": 0.12390488110137672, "VL_hits10": 0.105}