{"TR_hits1": 0.3772954924874791, "VL_hits1": 0.39065108514190316, "TR_hits10": 0.41333333333333333, "VL_hits10": 0.44}