{"TR_hits1": 0.9420544337137841, "VL_hits1": 0.9451273046532046, "TR_hits10": 0.7491228070175439, "VL_hits10": 0.9192982456140351}