{"TR_hits1": 0.5575959933222037, "VL_hits1": 0.5843071786310517, "TR_hits10": 0.4866666666666667, "VL_hits10": 0.5733333333333334}