{"TR_hits1": 0.9283707865168539, "VL_hits1": 0.9508426966292135, "TR_hits10": 0.7303370786516854, "VL_hits10": 0.9101123595505618}