{"TR_hits1": 0.3714622641509434, "VL_hits1": 0.3427230046948357, "TR_hits10": 0.38797169811320753, "VL_hits10": 0.3615023474178404}