{"TR_hits1": 0.5273492286115007, "VL_hits1": 0.6115007012622721, "TR_hits10": 0.4972067039106145, "VL_hits10": 0.5418994413407822}