{"TR_hits1": 0.8231680561649847, "VL_hits1": 0.8258007898200965, "TR_hits10": 0.7210526315789474, "VL_hits10": 0.7684210526315789}