{"TR_hits1": 0.4320337197049526, "VL_hits1": 0.38235294117647056, "TR_hits10": 0.44257112750263433, "VL_hits10": 0.41596638655462187}