{"TR_hits1": 0.5259467040673211, "VL_hits1": 0.5287517531556802, "TR_hits10": 0.5251396648044693, "VL_hits10": 0.5307262569832403}