{"TR_hits1": 0.7560581583198708, "VL_hits1": 0.81421647819063, "TR_hits10": 0.44516129032258067, "VL_hits10": 0.7483870967741936}