{"TR_hits1": 0.9503950834064969, "VL_hits1": 0.9543459174714662, "TR_hits10": 0.7912280701754386, "VL_hits10": 0.9263157894736842}