{"TR_hits1": 0.816358024691358, "VL_hits1": 0.8225308641975309, "TR_hits10": 0.5061728395061729, "VL_hits10": 0.8148148148148148}