{"TR_hits1": 0.8082492321193506, "VL_hits1": 0.8113207547169812, "TR_hits10": 0.7350877192982456, "VL_hits10": 0.7771929824561403}