{"TR_hits1": 0.45023148148148145, "VL_hits1": 0.36574074074074076, "TR_hits10": 0.53125, "VL_hits10": 0.4537037037037037}