{"TR_hits1": 0.9649859943977591, "VL_hits1": 0.969187675070028, "TR_hits10": 0.7094972067039106, "VL_hits10": 0.88268156424581}