{"TR_hits1": 0.7709521720052654, "VL_hits1": 0.7797279508556384, "TR_hits10": 0.7140350877192982, "VL_hits10": 0.7350877192982456}