{"TR_hits1": 0.734602463605823, "TS_hits1": 0.6278392109982068, "TR_hits10": 0.8197088465845465, "TS_hits10": 0.7182456664674238}