{"TR_hits1": 0.9451287793952967, "TS_hits1": 0.9507278835386338, "TR_hits10": 0.6835026897788404, "TS_hits10": 0.7485056784219964}