{"TR_hits1": 0.9228611500701263, "VL_hits1": 0.9340813464235624, "TR_hits10": 0.7150837988826816, "VL_hits10": 0.8770949720670391}