{"TR_hits1": 0.41517386722866173, "VL_hits1": 0.4327731092436975, "TR_hits10": 0.4594309799789252, "VL_hits10": 0.46218487394957986}