{"TR_hits1": 0.9480337078651685, "VL_hits1": 0.9578651685393258, "TR_hits10": 0.7247191011235955, "VL_hits10": 0.9325842696629213}