{"TR_hits1": 0.7930672268907563, "VL_hits1": 0.6638655462184874, "TR_hits10": 0.842436974789916, "VL_hits10": 0.8697478991596639}