{"TR_hits1": 0.8366988586479368, "VL_hits1": 0.8397717295873574, "TR_hits10": 0.7543859649122807, "VL_hits10": 0.7912280701754386}