{"TR_hits1": 0.4253731343283582, "VL_hits1": 0.49648814749780507, "TR_hits10": 0.41403508771929826, "VL_hits10": 0.5157894736842106}