{"TR_hits1": 0.4373956594323873, "VL_hits1": 0.4590984974958264, "TR_hits10": 0.3466666666666667, "VL_hits10": 0.41333333333333333}