{"TR_hits1": 0.9416154521510096, "VL_hits1": 0.9569798068481123, "TR_hits10": 0.8, "VL_hits10": 0.9438596491228071}