{"TR_hits1": 0.6549789621318373, "VL_hits1": 0.6633941093969145, "TR_hits10": 0.5754189944134078, "VL_hits10": 0.6145251396648045}