{"TR_hits1": 0.3717146433041302, "VL_hits1": 0.39, "TR_hits10": 0.41051314142678347, "VL_hits10": 0.43}