{"avg_TR_hits1": 0.8388450472229766, "std_TR_hits1": 0.06898103082707821, "avg_TS_hits1": 0.4977943531330031, "std_TS_hits1": 0.024873822424868818, "avg_TR_hits10": 0.9099945686033323, "std_TR_hits10": 0.08106381205282666, "avg_TS_hits10": 0.7940946470633264, "std_TS_hits10": 0.015779541398231893}