{"TR_hits1": 0.4040084388185654, "VL_hits1": 0.48739495798319327, "TR_hits10": 0.43670886075949367, "VL_hits10": 0.5042016806722689}