{"TR_hits1": 0.9242636746143057, "VL_hits1": 0.9270687237026648, "TR_hits10": 0.6703910614525139, "VL_hits10": 0.88268156424581}