{"TR_hits1": 0.5946704067321178, "VL_hits1": 0.5586592178770949, "TR_hits10": 0.6788218793828892, "VL_hits10": 0.6927374301675978}