{"TR_hits1": 0.664796633941094, "VL_hits1": 0.6942496493688639, "TR_hits10": 0.6033519553072626, "VL_hits10": 0.6256983240223464}