{"TR_hits1": 0.7106481481481481, "VL_hits1": 0.4398148148148148, "TR_hits10": 0.7835648148148148, "VL_hits10": 0.7407407407407407}