{"TR_hits1": 0.9367977528089888, "VL_hits1": 0.9578651685393258, "TR_hits10": 0.7696629213483146, "VL_hits10": 0.9438202247191011}