{"TR_hits1": 0.5350140056022409, "VL_hits1": 0.5350140056022409, "TR_hits10": 0.4748603351955307, "VL_hits10": 0.4860335195530726}