{"TR_hits1": 0.32407407407407407, "VL_hits1": 0.20833333333333334, "TR_hits10": 0.34953703703703703, "VL_hits10": 0.30092592592592593}