{"TR_hits1": 0.9512578616352201, "VL_hits1": 0.9654088050314465, "TR_hits10": 0.6875, "VL_hits10": 0.90625}