{"TR_hits1": 0.17863105175292154, "VL_hits1": 0.19198664440734559, "TR_hits10": 0.14666666666666667, "VL_hits10": 0.2}