{"TR_hits1": 0.9158485273492286, "VL_hits1": 0.9242636746143057, "TR_hits10": 0.7597765363128491, "VL_hits10": 0.9106145251396648}