{"TR_hits1": 0.9249341527655839, "VL_hits1": 0.9495171202809481, "TR_hits10": 0.7789473684210526, "VL_hits10": 0.9315789473684211}