{"TR_hits1": 0.37468671679197996, "VL_hits1": 0.39, "TR_hits10": 0.44110275689223055, "VL_hits10": 0.445}