{"TR_hits1": 0.19929245283018868, "VL_hits1": 0.16901408450704225, "TR_hits10": 0.24764150943396226, "VL_hits10": 0.20187793427230047}