{"TR_hits1": 0.7465224111282844, "VL_hits1": 0.7867078825347759, "TR_hits10": 0.4691358024691358, "VL_hits10": 0.7530864197530864}