{"TR_hits1": 0.5938375350140056, "VL_hits1": 0.5980392156862745, "TR_hits10": 0.5027932960893855, "VL_hits10": 0.5195530726256983}