{"TR_hits1": 0.8757861635220126, "VL_hits1": 0.8867924528301887, "TR_hits10": 0.5375, "VL_hits10": 0.81875}