{"TR_hits1": 0.49937421777221525, "VL_hits1": 0.485, "TR_hits10": 0.5206508135168961, "VL_hits10": 0.515}