{"TR_hits1": 0.6674528301886793, "VL_hits1": 0.3474178403755869, "TR_hits10": 0.7040094339622641, "VL_hits10": 0.6056338028169014}