{"TR_hits1": 0.7996661101836394, "VL_hits1": 0.8146911519198664, "TR_hits10": 0.5266666666666666, "VL_hits10": 0.8}