{"TR_hits1": 0.25333333333333335, "VL_hits1": 0.21739130434782608, "TR_hits10": 0.2884848484848485, "VL_hits10": 0.28019323671497587}