{"TR_hits1": 0.957983193277311, "VL_hits1": 0.9593837535014006, "TR_hits10": 0.6871508379888268, "VL_hits10": 0.8603351955307262}