{"TR_hits1": 0.2783018867924528, "VL_hits1": 0.24413145539906103, "TR_hits10": 0.3125, "VL_hits10": 0.27699530516431925}