{"TR_hits1": 0.8876404494382022, "VL_hits1": 0.9115168539325843, "TR_hits10": 0.6853932584269663, "VL_hits10": 0.9213483146067416}