{"TR_hits1": 0.5994397759103641, "VL_hits1": 0.6792717086834734, "TR_hits10": 0.6033519553072626, "VL_hits10": 0.6759776536312849}