{"TR_hits1": 0.5153643546971027, "VL_hits1": 0.5219490781387182, "TR_hits10": 0.5157894736842106, "VL_hits10": 0.5280701754385965}