{"TR_hits1": 0.8112889637742208, "TS_hits1": 0.6950360042898729, "TR_hits10": 0.8247683235046336, "TS_hits10": 0.7423778152290486}