{"TR_hits1": 0.44794188861985473, "VL_hits1": 0.3864734299516908, "TR_hits10": 0.49515738498789347, "VL_hits10": 0.45893719806763283}