{"TR_hits1": 0.6754478398314014, "VL_hits1": 0.6974789915966386, "TR_hits10": 0.702845100105374, "VL_hits10": 0.7142857142857143}