{"TR_hits1": 0.7787532923617209, "VL_hits1": 0.7941176470588235, "TR_hits10": 0.7, "VL_hits10": 0.7456140350877193}