{"TR_hits1": 0.4648910411622276, "VL_hits1": 0.41545893719806765, "TR_hits10": 0.5302663438256658, "VL_hits10": 0.5024154589371981}