{"TR_hits1": 0.8283582089552238, "VL_hits1": 0.8331870061457419, "TR_hits10": 0.7508771929824561, "VL_hits10": 0.7982456140350878}