{"TR_hits1": 0.7932098765432098, "VL_hits1": 0.8179012345679012, "TR_hits10": 0.5308641975308642, "VL_hits10": 0.7777777777777778}