{"TR_hits1": 0.7549019607843137, "VL_hits1": 0.7689075630252101, "TR_hits10": 0.6536312849162011, "VL_hits10": 0.6871508379888268}