{"TR_hits1": 0.9336134453781513, "TS_hits1": 0.7587682432948728, "TR_hits10": 0.9529411764705882, "TS_hits10": 0.8167647283563843}