{"TR_hits1": 0.7919227392449517, "VL_hits1": 0.7932396839332748, "TR_hits10": 0.6789473684210526, "VL_hits10": 0.6982456140350877}