{"TR_hits1": 0.667601683029453, "VL_hits1": 0.6816269284712483, "TR_hits10": 0.6089385474860335, "VL_hits10": 0.6368715083798883}