{"TR_hits1": 0.21035058430717862, "VL_hits1": 0.2303839732888147, "TR_hits10": 0.25333333333333335, "VL_hits10": 0.28}