{"TR_hits1": 0.5406162464985994, "VL_hits1": 0.5588235294117647, "TR_hits10": 0.5642458100558659, "VL_hits10": 0.5754189944134078}