{"TR_hits1": 0.6465638148667602, "VL_hits1": 0.6886395511921458, "TR_hits10": 0.6256983240223464, "VL_hits10": 0.664804469273743}