{"TR_hits1": 0.5157384987893463, "VL_hits1": 0.42995169082125606, "TR_hits10": 0.6029055690072639, "VL_hits10": 0.48792270531400966}