{"avg_TR_hits1": 0.9209525189862269, "std_TR_hits1": 0.04344260070388768, "avg_TS_hits1": 0.9341775006803097, "std_TS_hits1": 0.049028651106479665, "avg_TR_hits10": 0.7419533138448899, "std_TR_hits10": 0.03208416811163614, "avg_TS_hits10": 0.8011076629861098, "std_TS_hits10": 0.02899652806872391}