{"TR_hits1": 0.8964941569282137, "VL_hits1": 0.9015025041736227, "TR_hits10": 0.56, "VL_hits10": 0.88}