{"TR_hits1": 0.946883230904302, "VL_hits1": 0.9552238805970149, "TR_hits10": 0.8175438596491228, "VL_hits10": 0.9526315789473684}