{"TR_hits1": 0.3696969696969697, "VL_hits1": 0.2946859903381642, "TR_hits10": 0.3927272727272727, "VL_hits10": 0.3719806763285024}