{"TR_hits1": 0.4398148148148148, "VL_hits1": 0.3333333333333333, "TR_hits10": 0.4699074074074074, "VL_hits10": 0.4351851851851852}