{"TR_hits1": 0.5377524143985952, "VL_hits1": 0.6106233538191396, "TR_hits10": 0.5543859649122806, "VL_hits10": 0.6210526315789474}