{"TR_hits1": 0.9326788218793829, "VL_hits1": 0.9354838709677419, "TR_hits10": 0.7597765363128491, "VL_hits10": 0.9106145251396648}