{"TR_hits1": 0.42355889724310775, "VL_hits1": 0.405, "TR_hits10": 0.49373433583959897, "VL_hits10": 0.505}