{"TR_hits1": 0.6774901272487933, "VL_hits1": 0.6805616498464239, "TR_hits10": 0.6350877192982456, "VL_hits10": 0.6508771929824562}