{"TR_hits1": 0.03481012658227848, "VL_hits1": 0.04201680672268908, "TR_hits10": 0.08333333333333333, "VL_hits10": 0.08403361344537816}