{"TR_hits1": 0.44012605042016806, "VL_hits1": 0.46638655462184875, "TR_hits10": 0.45483193277310924, "VL_hits10": 0.4831932773109244}