{"TR_hits1": 0.42075736325385693, "VL_hits1": 0.4361851332398317, "TR_hits10": 0.39664804469273746, "VL_hits10": 0.4134078212290503}