{"TR_hits1": 0.375, "VL_hits1": 0.3148148148148148, "TR_hits10": 0.39814814814814814, "VL_hits10": 0.36574074074074076}