{"TR_hits1": 0.5769712140175219, "VL_hits1": 0.48, "TR_hits10": 0.5957446808510638, "VL_hits10": 0.52}