{"TR_hits1": 0.3867924528301887, "VL_hits1": 0.3568075117370892, "TR_hits10": 0.4033018867924528, "VL_hits10": 0.3755868544600939}