{"TR_hits1": 0.7954345917471466, "VL_hits1": 0.8046532045654082, "TR_hits10": 0.6824561403508772, "VL_hits10": 0.7298245614035088}