{"TR_hits1": 0.02753441802252816, "VL_hits1": 0.04, "TR_hits10": 0.08260325406758448, "VL_hits10": 0.11}