{"TR_hits1": 0.8553459119496856, "VL_hits1": 0.8820754716981132, "TR_hits10": 0.55, "VL_hits10": 0.83125}