{"TR_hits1": 0.32771338250790305, "VL_hits1": 0.23529411764705882, "TR_hits10": 0.36143308746048475, "VL_hits10": 0.3067226890756303}