{"TR_hits1": 0.48789346246973364, "VL_hits1": 0.463768115942029, "TR_hits10": 0.5278450363196125, "VL_hits10": 0.5217391304347826}