{"TR_hits1": 0.5166812993854258, "VL_hits1": 0.5816505706760317, "TR_hits10": 0.4982456140350877, "VL_hits10": 0.5754385964912281}