{"TR_hits1": 0.4963680387409201, "VL_hits1": 0.4251207729468599, "TR_hits10": 0.5920096852300242, "VL_hits10": 0.4927536231884058}