{"TR_hits1": 0.5926251097453907, "VL_hits1": 0.5996488147497805, "TR_hits10": 0.5298245614035088, "VL_hits10": 0.5701754385964912}