{"TR_hits1": 0.7086834733893558, "VL_hits1": 0.7591036414565826, "TR_hits10": 0.6480446927374302, "VL_hits10": 0.7094972067039106}