{"TR_hits1": 0.3756260434056761, "VL_hits1": 0.3772954924874791, "TR_hits10": 0.31333333333333335, "VL_hits10": 0.32666666666666666}