{"TR_hits1": 0.38471177944862156, "VL_hits1": 0.36, "TR_hits10": 0.40350877192982454, "VL_hits10": 0.42}