{"TR_hits1": 0.38397328881469117, "VL_hits1": 0.3989983305509182, "TR_hits10": 0.30666666666666664, "VL_hits10": 0.34}