{"TR_hits1": 0.9438103599648815, "VL_hits1": 0.9596136962247586, "TR_hits10": 0.8192982456140351, "VL_hits10": 0.9473684210526315}