{"TR_hits1": 0.5196078431372549, "VL_hits1": 0.5210084033613446, "TR_hits10": 0.4860335195530726, "VL_hits10": 0.4860335195530726}