{"TR_hits1": 0.3561320754716981, "VL_hits1": 0.3474178403755869, "TR_hits10": 0.3903301886792453, "VL_hits10": 0.41784037558685444}