{"TR_hits1": 0.9047827994734533, "VL_hits1": 0.958753839403247, "TR_hits10": 0.8192982456140351, "VL_hits10": 0.9578947368421052}