{"TR_hits1": 0.33889816360601, "VL_hits1": 0.34724540901502504, "TR_hits10": 0.32666666666666666, "VL_hits10": 0.3333333333333333}