{"TR_hits1": 0.7142230026338894, "VL_hits1": 0.718612818261633, "TR_hits10": 0.6754385964912281, "VL_hits10": 0.7157894736842105}