{"TR_hits1": 0.28046744574290483, "VL_hits1": 0.2838063439065108, "TR_hits10": 0.26666666666666666, "VL_hits10": 0.28}