{"TR_hits1": 0.3780290791599354, "VL_hits1": 0.3548387096774194, "TR_hits10": 0.45718901453957994, "VL_hits10": 0.45806451612903226}