{"TR_hits1": 0.8063439065108514, "VL_hits1": 0.8130217028380634, "TR_hits10": 0.47333333333333333, "VL_hits10": 0.7666666666666667}