{"TR_hits1": 0.1018363939899833, "VL_hits1": 0.02666666666666667, "TR_hits10": 0.10684474123539232, "VL_hits10": 0.10666666666666667}