{"TR_hits1": 0.9129213483146067, "VL_hits1": 0.9466292134831461, "TR_hits10": 0.6910112359550562, "VL_hits10": 0.9213483146067416}