{"TR_hits1": 0.946883230904302, "VL_hits1": 0.9604916593503073, "TR_hits10": 0.8035087719298246, "VL_hits10": 0.9438596491228071}