{"TR_hits1": 0.9102384291725105, "VL_hits1": 0.9172510518934082, "TR_hits10": 0.7318435754189944, "VL_hits10": 0.8938547486033519}