{"TR_hits1": 0.8412391093901258, "TS_hits1": 0.5778443113772455, "TR_hits10": 0.9138431752178122, "TS_hits10": 0.6699542092286016}