{"TR_hits1": 0.6620603015075377, "TS_hits1": 0.5199363377450159, "TR_hits10": 0.7512562814070352, "TS_hits10": 0.6225498408443625}