{"TR_hits1": 0.5154061624649859, "VL_hits1": 0.5252100840336135, "TR_hits10": 0.45251396648044695, "VL_hits10": 0.46368715083798884}