{"TR_hits1": 0.7897278314310799, "VL_hits1": 0.7910447761194029, "TR_hits10": 0.7, "VL_hits10": 0.7491228070175439}