{"TR_hits1": 0.8710691823899371, "VL_hits1": 0.8836477987421384, "TR_hits10": 0.46875, "VL_hits10": 0.76875}