{"TR_hits1": 0.46996838777660693, "VL_hits1": 0.38235294117647056, "TR_hits10": 0.49631190727081137, "VL_hits10": 0.42436974789915966}