{"TR_hits1": 0.8364197530864198, "VL_hits1": 0.8827160493827161, "TR_hits10": 0.6111111111111112, "VL_hits10": 0.8641975308641975}