{"TR_hits1": 0.6360601001669449, "VL_hits1": 0.6377295492487479, "TR_hits10": 0.5333333333333333, "VL_hits10": 0.62}