{"TR_hits1": 0.23123486682808717, "VL_hits1": 0.14009661835748793, "TR_hits10": 0.25181598062953997, "VL_hits10": 0.18357487922705315}