{"TR_hits1": 0.4040066777963272, "VL_hits1": 0.4240400667779633, "TR_hits10": 0.36666666666666664, "VL_hits10": 0.43333333333333335}