{"TR_hits1": 0.9385695480473892, "VL_hits1": 0.9644580956559895, "TR_hits10": 0.8526315789473684, "VL_hits10": 0.9771929824561404}