{"TR_hits1": 0.9424157303370787, "VL_hits1": 0.9578651685393258, "TR_hits10": 0.6983240223463687, "VL_hits10": 0.888268156424581}