{"TR_hits1": 0.7657232704402516, "VL_hits1": 0.8317610062893082, "TR_hits10": 0.49375, "VL_hits10": 0.83125}