{"TR_hits1": 0.8747913188647746, "VL_hits1": 0.9081803005008348, "TR_hits10": 0.5333333333333333, "VL_hits10": 0.8733333333333333}