{"TR_hits1": 0.9058988764044944, "VL_hits1": 0.9213483146067416, "TR_hits10": 0.7303370786516854, "VL_hits10": 0.9101123595505618}