{"TR_hits1": 0.13623595505617977, "VL_hits1": 0.09550561797752809, "TR_hits10": 0.18258426966292135, "VL_hits10": 0.16292134831460675}