{"TR_hits1": 0.576437587657784, "VL_hits1": 0.6115007012622721, "TR_hits10": 0.46368715083798884, "VL_hits10": 0.5027932960893855}