{"TR_hits1": 0.5058430717863105, "VL_hits1": 0.5125208681135225, "TR_hits10": 0.38666666666666666, "VL_hits10": 0.4266666666666667}