{"TR_hits1": 0.571127502634352, "VL_hits1": 0.592436974789916, "TR_hits10": 0.6164383561643836, "VL_hits10": 0.6302521008403361}