{"TR_hits1": 0.7251051893408135, "VL_hits1": 0.7321178120617111, "TR_hits10": 0.6312849162011173, "VL_hits10": 0.6815642458100558}