{"TR_hits1": 0.7885802469135802, "VL_hits1": 0.8611111111111112, "TR_hits10": 0.5308641975308642, "VL_hits10": 0.8148148148148148}