{"TR_hits1": 0.4861111111111111, "VL_hits1": 0.38425925925925924, "TR_hits10": 0.5115740740740741, "VL_hits10": 0.44907407407407407}