{"TR_hits1": 0.5184372256365233, "VL_hits1": 0.5210711150131695, "TR_hits10": 0.45614035087719296, "VL_hits10": 0.47368421052631576}