{"TR_hits1": 0.9424934152765584, "VL_hits1": 0.9569798068481123, "TR_hits10": 0.7964912280701755, "VL_hits10": 0.9368421052631579}