{"TR_hits1": 0.7910447761194029, "VL_hits1": 0.8002633889376646, "TR_hits10": 0.6859649122807018, "VL_hits10": 0.7228070175438597}