{"TR_hits1": 0.7726075504828798, "VL_hits1": 0.7761194029850746, "TR_hits10": 0.6666666666666666, "VL_hits10": 0.7087719298245614}