{"TR_hits1": 0.5567129629629629, "VL_hits1": 0.49537037037037035, "TR_hits10": 0.5960648148148148, "VL_hits10": 0.6064814814814815}