{"TR_hits1": 0.2543859649122807, "VL_hits1": 0.18, "TR_hits10": 0.29448621553884713, "VL_hits10": 0.235}