{"TR_hits1": 0.6656428258007898, "VL_hits1": 0.7125932426502852, "TR_hits10": 0.6456140350877193, "VL_hits10": 0.6929824561403509}