{"TR_hits1": 0.3785488958990536, "VL_hits1": 0.3445378151260504, "TR_hits10": 0.40063091482649843, "VL_hits10": 0.3865546218487395}