{"TR_hits1": 0.6577840112201964, "VL_hits1": 0.6633941093969145, "TR_hits10": 0.5251396648044693, "VL_hits10": 0.5865921787709497}