{"TR_hits1": 0.5988779803646563, "VL_hits1": 0.553072625698324, "TR_hits10": 0.6858345021037868, "VL_hits10": 0.6368715083798883}