{"TR_hits1": 0.5168539325842697, "VL_hits1": 0.5168539325842697, "TR_hits10": 0.5786516853932584, "VL_hits10": 0.6067415730337079}