{"TR_hits1": 0.8055555555555556, "TS_hits1": 0.48981309984845933, "TR_hits10": 0.9194444444444444, "TS_hits10": 0.7607341303249705}