{"TR_hits1": 0.43907563025210083, "VL_hits1": 0.3865546218487395, "TR_hits10": 0.48634453781512604, "VL_hits10": 0.47058823529411764}