{"TR_hits1": 0.33490566037735847, "VL_hits1": 0.28169014084507044, "TR_hits10": 0.35377358490566035, "VL_hits10": 0.3474178403755869}