{"TR_hits1": 0.9002808988764045, "VL_hits1": 0.9367977528089888, "TR_hits10": 0.7415730337078652, "VL_hits10": 0.9101123595505618}