{"TR_hits1": 0.31932773109243695, "VL_hits1": 0.37815126050420167, "TR_hits10": 0.34978991596638653, "VL_hits10": 0.40336134453781514}