{"TR_hits1": 0.8379629629629629, "VL_hits1": 0.8734567901234568, "TR_hits10": 0.5493827160493827, "VL_hits10": 0.808641975308642}