{"TR_hits1": 0.6682808716707022, "VL_hits1": 0.37681159420289856, "TR_hits10": 0.7348668280871671, "VL_hits10": 0.714975845410628}