{"TR_hits1": 0.5047418335089568, "VL_hits1": 0.4369747899159664, "TR_hits10": 0.5205479452054794, "VL_hits10": 0.49159663865546216}