{"TR_hits1": 0.7779632721202003, "VL_hits1": 0.8881469115191987, "TR_hits10": 0.5266666666666666, "VL_hits10": 0.86}