{"TR_hits1": 0.4411764705882353, "VL_hits1": 0.47190517998244075, "TR_hits10": 0.3719298245614035, "VL_hits10": 0.4473684210526316}