{"TR_hits1": 0.4011220196353436, "VL_hits1": 0.40813464235624125, "TR_hits10": 0.3854748603351955, "VL_hits10": 0.40782122905027934}