{"TR_hits1": 0.9546218487394958, "TS_hits1": 0.6381141590891725, "TR_hits10": 0.9815126050420168, "TS_hits10": 0.8721632154046}