{"TR_hits1": 0.7129629629629629, "VL_hits1": 0.4722222222222222, "TR_hits10": 0.7534722222222222, "VL_hits10": 0.75}