{"avg_TR_hits1": 0.7025152158980176, "std_TR_hits1": 0.08967678542382491, "avg_TS_hits1": 0.5648017662339807, "std_TS_hits1": 0.04295758749379069, "avg_TR_hits10": 0.7824589553850405, "std_TR_hits10": 0.1055247430976496, "avg_TS_hits10": 0.6548827535041636, "std_TS_hits10": 0.048371653152788636}