{"TR_hits1": 0.7405329593267882, "VL_hits1": 0.7489481065918654, "TR_hits10": 0.5865921787709497, "VL_hits10": 0.6145251396648045}