{"TR_hits1": 0.5451388888888888, "VL_hits1": 0.2962962962962963, "TR_hits10": 0.6134259259259259, "VL_hits10": 0.5694444444444444}