{"TR_hits1": 0.9249341527655839, "VL_hits1": 0.9424934152765584, "TR_hits10": 0.7526315789473684, "VL_hits10": 0.9228070175438596}