{"TR_hits1": 0.8028972783143108, "VL_hits1": 0.8046532045654082, "TR_hits10": 0.712280701754386, "VL_hits10": 0.7421052631578947}