{"TR_hits1": 0.9561018437225637, "VL_hits1": 0.9714661984196664, "TR_hits10": 0.8403508771929824, "VL_hits10": 0.9614035087719298}