{"TR_hits1": 0.5451680672268907, "VL_hits1": 0.5462184873949579, "TR_hits10": 0.5588235294117647, "VL_hits10": 0.5714285714285714}