{"TR_hits1": 0.4373956594323873, "VL_hits1": 0.46410684474123537, "TR_hits10": 0.37333333333333335, "VL_hits10": 0.46}