{"TR_hits1": 0.7929883138564274, "VL_hits1": 0.7979966611018364, "TR_hits10": 0.5, "VL_hits10": 0.76}