{"TR_hits1": 0.1302170283806344, "VL_hits1": 0.04, "TR_hits10": 0.20534223706176963, "VL_hits10": 0.14}