{"TR_hits1": 0.971027216856892, "VL_hits1": 0.9762949956101844, "TR_hits10": 0.8473684210526315, "VL_hits10": 0.9614035087719298}