{"TR_hits1": 0.41935483870967744, "VL_hits1": 0.5133239831697055, "TR_hits10": 0.3854748603351955, "VL_hits10": 0.49162011173184356}