{"TR_hits1": 0.48914858096828046, "VL_hits1": 0.5041736227045075, "TR_hits10": 0.4, "VL_hits10": 0.43333333333333335}