{"TR_hits1": 0.9398595258999122, "VL_hits1": 0.9596136962247586, "TR_hits10": 0.8263157894736842, "VL_hits10": 0.9456140350877194}