{"TR_hits1": 0.3612121212121212, "VL_hits1": 0.2608695652173913, "TR_hits10": 0.38181818181818183, "VL_hits10": 0.2946859903381642}