{"TR_hits1": 0.43859649122807015, "VL_hits1": 0.27, "TR_hits10": 0.44110275689223055, "VL_hits10": 0.355}