{"TR_hits1": 0.9185393258426966, "VL_hits1": 0.9438202247191011, "TR_hits10": 0.7134831460674157, "VL_hits10": 0.9213483146067416}