{"TR_hits1": 0.4023372287145242, "VL_hits1": 0.44741235392320533, "TR_hits10": 0.36, "VL_hits10": 0.42}