{"TR_hits1": 0.24040066777963273, "VL_hits1": 0.29549248747913187, "TR_hits10": 0.2866666666666667, "VL_hits10": 0.30666666666666664}