{"TR_hits1": 0.3642052565707134, "VL_hits1": 0.26, "TR_hits10": 0.3692115143929912, "VL_hits10": 0.295}