{"TR_hits1": 0.24130663856691253, "VL_hits1": 0.1722689075630252, "TR_hits10": 0.2897787144362487, "VL_hits10": 0.24369747899159663}