{"TR_hits1": 0.5065847234416154, "VL_hits1": 0.5193151887620719, "TR_hits10": 0.5035087719298246, "VL_hits10": 0.5087719298245614}