{"TR_hits1": 0.4097222222222222, "VL_hits1": 0.3333333333333333, "TR_hits10": 0.44907407407407407, "VL_hits10": 0.39351851851851855}