{"TR_hits1": 0.8904494382022472, "VL_hits1": 0.9438202247191011, "TR_hits10": 0.7640449438202247, "VL_hits10": 0.9269662921348315}