{"TR_hits1": 0.22685185185185186, "VL_hits1": 0.18055555555555555, "TR_hits10": 0.2662037037037037, "VL_hits10": 0.25}