{"TR_hits1": 0.4989495798319328, "VL_hits1": 0.5126050420168067, "TR_hits10": 0.5336134453781513, "VL_hits10": 0.5378151260504201}