{"TR_hits1": 0.4090150250417362, "VL_hits1": 0.42237061769616024, "TR_hits10": 0.43333333333333335, "VL_hits10": 0.47333333333333333}