{"TR_hits1": 0.6608161474330847, "VL_hits1": 0.6647652479157525, "TR_hits10": 0.612280701754386, "VL_hits10": 0.6385964912280702}