{"TR_hits1": 0.005008347245409015, "VL_hits1": 0.00667779632721202, "TR_hits10": 0.0, "VL_hits10": 0.006666666666666667}