{"TR_hits1": 0.5140056022408963, "VL_hits1": 0.5294117647058824, "TR_hits10": 0.5083798882681564, "VL_hits10": 0.5307262569832403}