{"TR_hits1": 0.8981636060100167, "VL_hits1": 0.8981636060100167, "TR_hits10": 0.58, "VL_hits10": 0.84}