{"TR_hits1": 0.5703781512605042, "VL_hits1": 0.49159663865546216, "TR_hits10": 0.5703781512605042, "VL_hits10": 0.5}