{"TR_hits1": 0.702809482001756, "VL_hits1": 0.7054433713784021, "TR_hits10": 0.6719298245614035, "VL_hits10": 0.6982456140350877}