{"TR_hits1": 0.24874791318864775, "VL_hits1": 0.3055091819699499, "TR_hits10": 0.21333333333333335, "VL_hits10": 0.26}