{"TR_hits1": 0.9432387312186978, "VL_hits1": 0.9549248747913188, "TR_hits10": 0.6666666666666666, "VL_hits10": 0.9133333333333333}