{"TR_hits1": 0.8161290322580645, "VL_hits1": 0.8774193548387097, "TR_hits10": 0.5161290322580645, "VL_hits10": 0.832258064516129}