{"TR_hits1": 0.19524405506883605, "VL_hits1": 0.145, "TR_hits10": 0.21526908635794745, "VL_hits10": 0.195}