{"TR_hits1": 0.9382303839732888, "VL_hits1": 0.9582637729549248, "TR_hits10": 0.6933333333333334, "VL_hits10": 0.9333333333333333}