{"TR_hits1": 0.25542570951585974, "VL_hits1": 0.35392320534223703, "TR_hits10": 0.28, "VL_hits10": 0.34}