{"TR_hits1": 0.21089223638470453, "VL_hits1": 0.1712962962962963, "TR_hits10": 0.23059096176129779, "VL_hits10": 0.2222222222222222}