{"TR_hits1": 0.5133239831697055, "VL_hits1": 0.514726507713885, "TR_hits10": 0.48044692737430167, "VL_hits10": 0.4972067039106145}