{"TR_hits1": 0.7688679245283019, "VL_hits1": 0.7987421383647799, "TR_hits10": 0.4875, "VL_hits10": 0.81875}