{"TR_hits1": 0.4684431977559607, "VL_hits1": 0.46984572230014027, "TR_hits10": 0.4301675977653631, "VL_hits10": 0.43575418994413406}