{"TR_hits1": 0.17919799498746866, "VL_hits1": 0.21, "TR_hits10": 0.24185463659147868, "VL_hits10": 0.26}