{"TR_hits1": 0.4369747899159664, "VL_hits1": 0.42016806722689076, "TR_hits10": 0.4789915966386555, "VL_hits10": 0.4831932773109244}