{"TR_hits1": 0.9353932584269663, "VL_hits1": 0.9508426966292135, "TR_hits10": 0.6910112359550562, "VL_hits10": 0.9269662921348315}