{"TR_hits1": 0.44407345575959933, "VL_hits1": 0.4724540901502504, "TR_hits10": 0.32, "VL_hits10": 0.36666666666666664}