{"TR_hits1": 0.8864774624373957, "VL_hits1": 0.8998330550918197, "TR_hits10": 0.62, "VL_hits10": 0.88}