{"TR_hits1": 0.1403301886792453, "VL_hits1": 0.15023474178403756, "TR_hits10": 0.19339622641509435, "VL_hits10": 0.20187793427230047}