{"TR_hits1": 0.5649692712906058, "VL_hits1": 0.5755048287971906, "TR_hits10": 0.5368421052631579, "VL_hits10": 0.5561403508771929}