{"TR_hits1": 0.47478991596638653, "VL_hits1": 0.33613445378151263, "TR_hits10": 0.47689075630252103, "VL_hits10": 0.36134453781512604}