{"TR_hits1": 0.6093489148580968, "VL_hits1": 0.6227045075125208, "TR_hits10": 0.5066666666666667, "VL_hits10": 0.5733333333333334}