{"TR_hits1": 0.3317244405440983, "VL_hits1": 0.370776656428258, "TR_hits10": 0.28421052631578947, "VL_hits10": 0.34035087719298246}