{"TR_hits1": 0.65625, "VL_hits1": 0.6342592592592593, "TR_hits10": 0.6770833333333334, "VL_hits10": 0.6944444444444444}