{"TR_hits1": 0.7218124341412012, "VL_hits1": 0.5504201680672269, "TR_hits10": 0.7228661749209695, "VL_hits10": 0.6134453781512605}