{"TR_hits1": 0.952247191011236, "VL_hits1": 0.9620786516853933, "TR_hits10": 0.7471910112359551, "VL_hits10": 0.9438202247191011}