{"TR_hits1": 0.41736227045075125, "VL_hits1": 0.4323873121869783, "TR_hits10": 0.4533333333333333, "VL_hits10": 0.4866666666666667}