{"TR_hits1": 0.38898163606010017, "VL_hits1": 0.4023372287145242, "TR_hits10": 0.35333333333333333, "VL_hits10": 0.3933333333333333}