{"TR_hits1": 0.3856942496493689, "VL_hits1": 0.3870967741935484, "TR_hits10": 0.33519553072625696, "VL_hits10": 0.3407821229050279}