{"TR_hits1": 0.1549636803874092, "VL_hits1": 0.14009661835748793, "TR_hits10": 0.20702179176755447, "VL_hits10": 0.18357487922705315}