{"TR_hits1": 0.42303030303030303, "VL_hits1": 0.28502415458937197, "TR_hits10": 0.43636363636363634, "VL_hits10": 0.3285024154589372}