{"TR_hits1": 0.18671679197994986, "VL_hits1": 0.15, "TR_hits10": 0.21428571428571427, "VL_hits10": 0.225}