{"ts_hits1": 0.0004205509217074367, "ts_hits10": 0.004485876498212658, "tr_hits1": 0.0, "tr_hits10": 0.0}