{"ts_hits1": 0.5217635101983599, "ts_hits10": 0.602789654447326, "tr_hits1": 0.6, "tr_hits10": 0.6}