{"ts_hits1": 0.0008411018434148734, "ts_hits10": 0.003644774654797785, "tr_hits1": 0.0, "tr_hits10": 0.0}