{"ts_hits1": 0.5191701128478307, "ts_hits10": 0.6001962570967968, "tr_hits1": 0.7, "tr_hits10": 0.7}