{"ts_hits1": 0.0017522955071143198, "ts_hits10": 0.006308263825611551, "tr_hits1": 0.1, "tr_hits10": 0.2}