{"ts_hits1": 0.5329782014438915, "ts_hits10": 0.6123221420060279, "tr_hits1": 0.8, "tr_hits10": 0.8}