{"ts_hits1": 0.5460152800168221, "ts_hits10": 0.6218546295647298, "tr_hits1": 0.6, "tr_hits10": 0.6}