{"ts_hits1": 0.0015420200462606013, "ts_hits10": 0.0095324875587019, "tr_hits1": 0.1, "tr_hits10": 0.3}