{"ts_hits1": 0.5621363986822738, "ts_hits10": 0.6470175930468914, "tr_hits1": 0.6, "tr_hits10": 0.7}