{"ts_hits1": 0.4508305880703722, "ts_hits10": 0.5208523165346604, "tr_hits1": 0.5, "tr_hits10": 0.5}