{"ts_hits1": 0.0015420200462606013, "ts_hits10": 0.00728954930959557, "tr_hits1": 0.0, "tr_hits10": 0.1}