{"ts_hits1": 0.43597112217004275, "ts_hits10": 0.49849302586388167, "tr_hits1": 0.7, "tr_hits10": 0.7}