{"ts_hits1": 0.0007710100231303007, "ts_hits10": 0.005607345622765823, "tr_hits1": 0.0, "tr_hits10": 0.0}