{"ts_hits1": 0.5255484684937268, "ts_hits10": 0.5989346043316744, "tr_hits1": 0.7, "tr_hits10": 0.7}