{"ts_hits1": 0.5265998457979953, "ts_hits10": 0.6046821335950094, "tr_hits1": 0.8, "tr_hits10": 1.0}