{"ts_hits1": 0.00035045910142286394, "ts_hits10": 0.0025233055302446203, "tr_hits1": 0.0, "tr_hits10": 0.1}