{"ts_hits1": 0.542580780822878, "ts_hits10": 0.6250788532978201, "tr_hits1": 0.7, "tr_hits10": 0.7}