{"ts_hits1": 0.0006308263825611551, "ts_hits10": 0.0055372538024812505, "tr_hits1": 0.0, "tr_hits10": 0.0}