{"ts_hits1": 0.49211467021798555, "ts_hits10": 0.5659213569776407, "tr_hits1": 0.8, "tr_hits10": 0.8}