{"ts_hits1": 0.0009111936636994462, "ts_hits10": 0.004626060138781804, "tr_hits1": 0.0, "tr_hits10": 0.0}