{"ts_hits1": 0.485315763650382, "ts_hits10": 0.5615055722997127, "tr_hits1": 0.5, "tr_hits10": 0.5}