{"ts_hits1": 0.002453213709960048, "ts_hits10": 0.009742763019555617, "tr_hits1": 0.0, "tr_hits10": 0.3}