{"ts_hits1": 0.47431134786570406, "ts_hits10": 0.5502207892338964, "tr_hits1": 0.7, "tr_hits10": 0.7}