{"ts_hits1": 0.001331744585406883, "ts_hits10": 0.012406252190369385, "tr_hits1": 0.1, "tr_hits10": 0.5}