{"ts_hits1": 0.5841452302516297, "ts_hits10": 0.6690965164365319, "tr_hits1": 0.7, "tr_hits10": 0.7}