{"ts_hits1": 0.00028036728113829115, "ts_hits10": 0.002032662788252611, "tr_hits1": 0.0, "tr_hits10": 0.2}