{"ts_hits1": 0.547347024602229, "ts_hits10": 0.6241676596341207, "tr_hits1": 0.6, "tr_hits10": 0.8}