{"ts_hits1": 0.49625008761477535, "ts_hits10": 0.572439896264106, "tr_hits1": 0.7, "tr_hits10": 0.7}