{"ts_hits1": 0.4989836686058737, "ts_hits10": 0.5762949463797575, "tr_hits1": 0.8, "tr_hits10": 0.8}