{"ts_hits1": 0.0005607345622765823, "ts_hits10": 0.005467161982196678, "tr_hits1": 0.0, "tr_hits10": 0.0}