{"ts_hits1": 0.5105488189528282, "ts_hits10": 0.5859676175790285, "tr_hits1": 0.7, "tr_hits10": 0.7}