{"ts_hits1": 7.009182028457279e-05, "ts_hits10": 0.003644774654797785, "tr_hits1": 0.0, "tr_hits10": 0.0}