{"ts_hits1": 0.5503609728744655, "ts_hits10": 0.6218546295647298, "tr_hits1": 0.8, "tr_hits10": 1.0}