{"ts_hits1": 0.4068129249316605, "ts_hits10": 0.4670217985561085, "tr_hits1": 0.5, "tr_hits10": 0.5}