{"TR_hits1": 0.7774193548387097, "VL_hits1": 0.7967741935483871, "TR_hits10": 0.5225806451612903, "VL_hits10": 0.7548387096774194}