{"TR_hits1": 0.7883683360258481, "VL_hits1": 0.8077544426494345, "TR_hits10": 0.47096774193548385, "VL_hits10": 0.7161290322580646}