{"TR_hits1": 0.45258999122036875, "VL_hits1": 0.4635645302897278, "TR_hits10": 0.4807017543859649, "VL_hits10": 0.5}