{"TR_hits1": 0.9684071961386573, "VL_hits1": 0.9723562966213252, "TR_hits10": 0.8140350877192982, "VL_hits10": 0.9456140350877194}