{"TR_hits1": 0.2765957446808511, "VL_hits1": 0.31, "TR_hits10": 0.29411764705882354, "VL_hits10": 0.35}