{"TR_hits1": 0.1987878787878788, "VL_hits1": 0.18840579710144928, "TR_hits10": 0.22787878787878788, "VL_hits10": 0.21739130434782608}