{"TR_hits1": 0.4115566037735849, "VL_hits1": 0.37089201877934275, "TR_hits10": 0.455188679245283, "VL_hits10": 0.4225352112676056}