{"TR_hits1": 0.9158485273492286, "VL_hits1": 0.9214586255259467, "TR_hits10": 0.7262569832402235, "VL_hits10": 0.8994413407821229}