{"TR_hits1": 0.6195244055068836, "VL_hits1": 0.545, "TR_hits10": 0.6382978723404256, "VL_hits10": 0.61}