{"TR_hits1": 0.8487394957983193, "VL_hits1": 0.6302521008403361, "TR_hits10": 0.8823529411764706, "VL_hits10": 0.865546218487395}