{"TR_hits1": 0.48024582967515367, "VL_hits1": 0.5017559262510974, "TR_hits10": 0.49473684210526314, "VL_hits10": 0.5175438596491229}