{"TR_hits1": 0.4006677796327212, "VL_hits1": 0.4273789649415693, "TR_hits10": 0.2866666666666667, "VL_hits10": 0.38}