{"TR_hits1": 0.1694915254237288, "VL_hits1": 0.14492753623188406, "TR_hits10": 0.23728813559322035, "VL_hits10": 0.22705314009661837}