{"TR_hits1": 0.6666666666666666, "TS_hits1": 0.577625946657886, "TR_hits10": 0.7975308641975308, "TS_hits10": 0.7024201514652618}