{"TR_hits1": 0.020606060606060607, "VL_hits1": 0.00966183574879227, "TR_hits10": 0.03151515151515152, "VL_hits10": 0.024154589371980676}