{"TR_hits1": 0.17863105175292154, "VL_hits1": 0.2036727879799666, "TR_hits10": 0.11333333333333333, "VL_hits10": 0.14666666666666667}