{"TR_hits1": 0.5357142857142857, "VL_hits1": 0.4957983193277311, "TR_hits10": 0.5871848739495799, "VL_hits10": 0.5630252100840336}