{"TR_hits1": 0.5, "VL_hits1": 0.5630252100840336, "TR_hits10": 0.5527426160337553, "VL_hits10": 0.592436974789916}