{"TR_hits1": 0.5340061430451952, "VL_hits1": 0.5761298815269855, "TR_hits10": 0.5333333333333333, "VL_hits10": 0.6}