{"TR_hits1": 0.5756302521008403, "VL_hits1": 0.6089385474860335, "TR_hits10": 0.665266106442577, "VL_hits10": 0.7206703910614525}