{"TR_hits1": 0.6876750700280112, "VL_hits1": 0.7170868347338936, "TR_hits10": 0.6312849162011173, "VL_hits10": 0.7094972067039106}