{"TR_hits1": 0.357311320754717, "VL_hits1": 0.3615023474178404, "TR_hits10": 0.4221698113207547, "VL_hits10": 0.43661971830985913}