{"TR_hits1": 0.5918653576437588, "VL_hits1": 0.5974754558204769, "TR_hits10": 0.5363128491620112, "VL_hits10": 0.5642458100558659}