{"TR_hits1": 0.7431957857769974, "VL_hits1": 0.7471466198419666, "TR_hits10": 0.6929824561403509, "VL_hits10": 0.7175438596491228}