{"TR_hits1": 0.7944862155388471, "VL_hits1": 0.54, "TR_hits10": 0.7994987468671679, "VL_hits10": 0.75}