{"TR_hits1": 0.20702179176755447, "VL_hits1": 0.14492753623188406, "TR_hits10": 0.24939467312348668, "VL_hits10": 0.1642512077294686}