{"TR_hits1": 0.9306409130816505, "VL_hits1": 0.9499561018437226, "TR_hits10": 0.7947368421052632, "VL_hits10": 0.9280701754385965}