{"TR_hits1": 0.4895833333333333, "VL_hits1": 0.44907407407407407, "TR_hits10": 0.5520833333333334, "VL_hits10": 0.5277777777777778}