{"TR_hits1": 0.0642781875658588, "VL_hits1": 0.025210084033613446, "TR_hits10": 0.07270811380400422, "VL_hits10": 0.037815126050420166}