{"TR_hits1": 0.7691970162351909, "VL_hits1": 0.7779727950855638, "TR_hits10": 0.6543859649122807, "VL_hits10": 0.6771929824561403}