{"TR_hits1": 0.44741235392320533, "VL_hits1": 0.48247078464106846, "TR_hits10": 0.35333333333333333, "VL_hits10": 0.42}