{"TR_hits1": 0.5685654008438819, "VL_hits1": 0.5798319327731093, "TR_hits10": 0.5928270042194093, "VL_hits10": 0.6092436974789915}