{"TR_hits1": 0.7752414398595259, "VL_hits1": 0.7831431079894644, "TR_hits10": 0.6964912280701754, "VL_hits10": 0.7385964912280701}