{"TR_hits1": 0.7080772607550483, "VL_hits1": 0.7107111501316945, "TR_hits10": 0.6877192982456141, "VL_hits10": 0.7157894736842105}