{"TR_hits1": 0.2552594670406732, "VL_hits1": 0.29453015427769985, "TR_hits10": 0.18994413407821228, "VL_hits10": 0.22346368715083798}