{"TR_hits1": 0.887670030715226, "VL_hits1": 0.888986397542782, "TR_hits10": 0.756140350877193, "VL_hits10": 0.8070175438596491}