{"TR_hits1": 0.4131944444444444, "VL_hits1": 0.4212962962962963, "TR_hits10": 0.46875, "VL_hits10": 0.49537037037037035}