{"TR_hits1": 0.3612121212121212, "VL_hits1": 0.2608695652173913, "TR_hits10": 0.40606060606060607, "VL_hits10": 0.32367149758454106}