{"TR_hits1": 0.012605042016806723, "VL_hits1": 0.008403361344537815, "TR_hits10": 0.025210084033613446, "VL_hits10": 0.02100840336134454}