{"TR_hits1": 0.4457323498419389, "VL_hits1": 0.4327731092436975, "TR_hits10": 0.4731296101159115, "VL_hits10": 0.44537815126050423}