{"TR_hits1": 0.3960084033613445, "VL_hits1": 0.3277310924369748, "TR_hits10": 0.41596638655462187, "VL_hits10": 0.39915966386554624}