{"TR_hits1": 0.29976851851851855, "VL_hits1": 0.3472222222222222, "TR_hits10": 0.36574074074074076, "VL_hits10": 0.4212962962962963}