{"TR_hits1": 0.3672787979966611, "VL_hits1": 0.4574290484140234, "TR_hits10": 0.36, "VL_hits10": 0.4266666666666667}