{"TR_hits1": 0.6817702845100105, "VL_hits1": 0.6512605042016807, "TR_hits10": 0.6933614330874605, "VL_hits10": 0.6764705882352942}