{"TR_hits1": 0.9561018437225637, "VL_hits1": 0.9679543459174714, "TR_hits10": 0.8596491228070176, "VL_hits10": 0.9614035087719298}