{"TR_hits1": 0.7718297498903027, "VL_hits1": 0.7801667397981571, "TR_hits10": 0.7052631578947368, "VL_hits10": 0.7333333333333333}