{"TR_hits1": 0.9290322580645162, "VL_hits1": 0.9306451612903226, "TR_hits10": 0.6, "VL_hits10": 0.8580645161290322}