{"TR_hits1": 0.8918539325842697, "VL_hits1": 0.9508426966292135, "TR_hits10": 0.8089887640449438, "VL_hits10": 0.949438202247191}