{"TR_hits1": 0.9223002633889377, "VL_hits1": 0.9508340649692713, "TR_hits10": 0.8087719298245614, "VL_hits10": 0.9421052631578948}