{"TR_hits1": 0.6698858647936786, "VL_hits1": 0.6887620719929763, "TR_hits10": 0.6035087719298246, "VL_hits10": 0.6403508771929824}