{"TR_hits1": 0.5074626865671642, "VL_hits1": 0.52414398595259, "TR_hits10": 0.4824561403508772, "VL_hits10": 0.5}