{"TR_hits1": 0.5483193277310925, "VL_hits1": 0.5714285714285714, "TR_hits10": 0.6113445378151261, "VL_hits10": 0.6428571428571429}