{"TR_hits1": 0.625, "VL_hits1": 0.4579831932773109, "TR_hits10": 0.6260504201680672, "VL_hits10": 0.5504201680672269}