{"TR_hits1": 0.5638148667601683, "VL_hits1": 0.6409537166900421, "TR_hits10": 0.5307262569832403, "VL_hits10": 0.5754189944134078}