{"TR_hits1": 0.5037297060114085, "VL_hits1": 0.5054848617814831, "TR_hits10": 0.45263157894736844, "VL_hits10": 0.4666666666666667}