{"TR_hits1": 0.33726415094339623, "VL_hits1": 0.3568075117370892, "TR_hits10": 0.4115566037735849, "VL_hits10": 0.40375586854460094}