{"TR_hits1": 0.9429323968393327, "VL_hits1": 0.9582967515364355, "TR_hits10": 0.7807017543859649, "VL_hits10": 0.9385964912280702}