{"TR_hits1": 0.19444444444444445, "VL_hits1": 0.16203703703703703, "TR_hits10": 0.21643518518518517, "VL_hits10": 0.19444444444444445}