{"TR_hits1": 0.3235294117647059, "VL_hits1": 0.31932773109243695, "TR_hits10": 0.3739495798319328, "VL_hits10": 0.3865546218487395}