{"TR_hits1": 0.7369826435246996, "TS_hits1": 0.8531375166889186, "TR_hits10": 0.4930567918817874, "TS_hits10": 0.5973829446323661}