{"TR_hits1": 0.6034712950600801, "TS_hits1": 0.5146875556346804, "TR_hits10": 0.7263017356475301, "TS_hits10": 0.6208830336478547}