{"TR_hits1": 0.14545454545454545, "VL_hits1": 0.11594202898550725, "TR_hits10": 0.18181818181818182, "VL_hits10": 0.15942028985507245}