{"TR_hits1": 0.7027463651050081, "VL_hits1": 0.7350565428109854, "TR_hits10": 0.4838709677419355, "VL_hits10": 0.7612903225806451}