{"TR_hits1": 0.015432098765432098, "VL_hits1": 0.06327160493827161, "TR_hits10": 0.024691358024691357, "VL_hits10": 0.1728395061728395}