{"TR_hits1": 0.26788218793828894, "VL_hits1": 0.31136044880785413, "TR_hits10": 0.24581005586592178, "VL_hits10": 0.31843575418994413}