{"TR_hits1": 0.53732912723449, "VL_hits1": 0.5378151260504201, "TR_hits10": 0.5846477392218717, "VL_hits10": 0.5882352941176471}