{"TR_hits1": 0.7111501316944688, "VL_hits1": 0.7190517998244074, "TR_hits10": 0.643859649122807, "VL_hits10": 0.6824561403508772}