{"TR_hits1": 0.8288723124177271, "VL_hits1": 0.8328214129003949, "TR_hits10": 0.724561403508772, "VL_hits10": 0.7666666666666667}