{"TR_hits1": 0.779874213836478, "VL_hits1": 0.860062893081761, "TR_hits10": 0.48125, "VL_hits10": 0.85}