{"TR_hits1": 0.007716049382716049, "VL_hits1": 0.033950617283950615, "TR_hits10": 0.018518518518518517, "VL_hits10": 0.10493827160493827}