{"TR_hits1": 0.972378277153558, "TS_hits1": 0.9912219101123595, "TR_hits10": 0.8389069311565581, "TS_hits10": 0.9622867842827468}