{"TR_hits1": 0.5447761194029851, "VL_hits1": 0.5649692712906058, "TR_hits10": 0.5508771929824562, "VL_hits10": 0.5649122807017544}