{"TR_hits1": 0.42142230026338895, "VL_hits1": 0.4604916593503073, "TR_hits10": 0.3929824561403509, "VL_hits10": 0.45263157894736844}