{"TR_hits1": 0.8968845985081176, "VL_hits1": 0.9482229047827995, "TR_hits10": 0.8175438596491228, "VL_hits10": 0.9596491228070175}