{"TR_hits1": 0.9074333800841514, "VL_hits1": 0.9298737727910238, "TR_hits10": 0.659217877094972, "VL_hits10": 0.88268156424581}