{"TR_hits1": 0.4607679465776294, "VL_hits1": 0.42, "TR_hits10": 0.5292153589315526, "VL_hits10": 0.49333333333333335}