{"TR_hits1": 0.3572621035058431, "VL_hits1": 0.4507512520868113, "TR_hits10": 0.35333333333333333, "VL_hits10": 0.4066666666666667}