{"TR_hits1": 0.5652173913043478, "VL_hits1": 0.5586592178770949, "TR_hits10": 0.6479663394109397, "VL_hits10": 0.6368715083798883}