{"TR_hits1": 0.5610098176718092, "VL_hits1": 0.6563814866760168, "TR_hits10": 0.5251396648044693, "VL_hits10": 0.5977653631284916}