{"TR_hits1": 0.6185458377239199, "VL_hits1": 0.5336134453781513, "TR_hits10": 0.6195995785036881, "VL_hits10": 0.5714285714285714}