{"TR_hits1": 0.5228270412642669, "VL_hits1": 0.5430201931518877, "TR_hits10": 0.49473684210526314, "VL_hits10": 0.5245614035087719}