{"TR_hits1": 0.9104477611940298, "VL_hits1": 0.946883230904302, "TR_hits10": 0.775438596491228, "VL_hits10": 0.9298245614035088}