{"TR_hits1": 0.8225308641975309, "VL_hits1": 0.8302469135802469, "TR_hits10": 0.5555555555555556, "VL_hits10": 0.8271604938271605}