{"TR_hits1": 0.752258064516129, "TS_hits1": 0.5078353711038401, "TR_hits10": 0.8619354838709677, "TS_hits10": 0.62416049595316}