{"TR_hits1": 0.3067226890756303, "VL_hits1": 0.23529411764705882, "TR_hits10": 0.3392857142857143, "VL_hits10": 0.29411764705882354}