{"TR_hits1": 0.8516129032258064, "VL_hits1": 0.8870967741935484, "TR_hits10": 0.5225806451612903, "VL_hits10": 0.8580645161290322}