{"TR_hits1": 0.5997899159663865, "VL_hits1": 0.5672268907563025, "TR_hits10": 0.6092436974789915, "VL_hits10": 0.6092436974789915}