{"TR_hits1": 0.8447412353923205, "VL_hits1": 0.8731218697829716, "TR_hits10": 0.56, "VL_hits10": 0.8}