{"TR_hits1": 0.7091675447839831, "VL_hits1": 0.6302521008403361, "TR_hits10": 0.7218124341412012, "VL_hits10": 0.6638655462184874}