{"TR_hits1": 0.9129213483146067, "VL_hits1": 0.9143258426966292, "TR_hits10": 0.7247191011235955, "VL_hits10": 0.9325842696629213}