{"TR_hits1": 0.4863915715539947, "VL_hits1": 0.5030728709394205, "TR_hits10": 0.4982456140350877, "VL_hits10": 0.519298245614035}