{"TR_hits1": 0.48726851851851855, "VL_hits1": 0.3055555555555556, "TR_hits10": 0.4930555555555556, "VL_hits10": 0.3888888888888889}