{"TR_hits1": 0.5131694468832309, "VL_hits1": 0.5193151887620719, "TR_hits10": 0.4666666666666667, "VL_hits10": 0.4842105263157895}