{"TR_hits1": 0.9593837535014006, "VL_hits1": 0.9607843137254902, "TR_hits10": 0.8324022346368715, "VL_hits10": 0.9553072625698324}