{"TR_hits1": 0.6157697121401752, "VL_hits1": 0.525, "TR_hits10": 0.6332916145181476, "VL_hits10": 0.63}