{"TR_hits1": 0.8429926238145417, "VL_hits1": 0.5084033613445378, "TR_hits10": 0.8756585879873551, "VL_hits10": 0.8403361344537815}