{"TR_hits1": 0.4044811320754717, "VL_hits1": 0.38028169014084506, "TR_hits10": 0.4268867924528302, "VL_hits10": 0.4507042253521127}