{"TR_hits1": 0.031545741324921134, "VL_hits1": 0.025210084033613446, "TR_hits10": 0.05152471083070452, "VL_hits10": 0.058823529411764705}