{"TR_hits1": 0.9319327731092437, "TS_hits1": 0.6419347444028425, "TR_hits10": 0.9747899159663865, "TS_hits10": 0.8775120348437381}