{"TR_hits1": 0.9257703081232493, "VL_hits1": 0.9439775910364145, "TR_hits10": 0.6703910614525139, "VL_hits10": 0.8770949720670391}