{"TR_hits1": 0.44339622641509435, "VL_hits1": 0.38967136150234744, "TR_hits10": 0.4834905660377358, "VL_hits10": 0.4694835680751174}