{"TR_hits1": 0.482258064516129, "VL_hits1": 0.38064516129032255, "TR_hits10": 0.5419354838709678, "VL_hits10": 0.45161290322580644}