{"TR_hits1": 0.8209677419354838, "VL_hits1": 0.8387096774193549, "TR_hits10": 0.6, "VL_hits10": 0.7677419354838709}