{"TR_hits1": 0.43429286608260326, "VL_hits1": 0.415, "TR_hits10": 0.5018773466833542, "VL_hits10": 0.49}