{"TR_hits1": 0.9530495831505046, "VL_hits1": 0.9706011408512506, "TR_hits10": 0.8017543859649123, "VL_hits10": 0.956140350877193}