{"TR_hits1": 0.5658263305322129, "VL_hits1": 0.5658263305322129, "TR_hits10": 0.5083798882681564, "VL_hits10": 0.5195530726256983}