{"TR_hits1": 0.2621035058430718, "VL_hits1": 0.27378964941569284, "TR_hits10": 0.18666666666666668, "VL_hits10": 0.22666666666666666}