{"TR_hits1": 0.9424934152765584, "VL_hits1": 0.9578577699736611, "TR_hits10": 0.8105263157894737, "VL_hits10": 0.9421052631578948}