{"TR_hits1": 0.7484276729559748, "VL_hits1": 0.8522012578616353, "TR_hits10": 0.5875, "VL_hits10": 0.8625}