{"TR_hits1": 0.5707547169811321, "VL_hits1": 0.49375, "TR_hits10": 0.639937106918239, "VL_hits10": 0.55}