{"TR_hits1": 0.2678787878787879, "VL_hits1": 0.2318840579710145, "TR_hits10": 0.28363636363636363, "VL_hits10": 0.28019323671497587}