{"TR_hits1": 0.9424157303370787, "VL_hits1": 0.9564606741573034, "TR_hits10": 0.7471910112359551, "VL_hits10": 0.9325842696629213}