{"TR_hits1": 0.4586255259467041, "VL_hits1": 0.4600280504908836, "TR_hits10": 0.40782122905027934, "VL_hits10": 0.4245810055865922}