{"TR_hits1": 0.8999561211057482, "VL_hits1": 0.9561211057481351, "TR_hits10": 0.8350877192982457, "VL_hits10": 0.9631578947368421}