{"TR_hits1": 0.7955243527863097, "VL_hits1": 0.8218516893374287, "TR_hits10": 0.7105263157894737, "VL_hits10": 0.7929824561403509}