{"TR_hits1": 0.016203703703703703, "VL_hits1": 0.009259259259259259, "TR_hits10": 0.023148148148148147, "VL_hits10": 0.013888888888888888}