{"TR_hits1": 0.02122641509433962, "VL_hits1": 0.009389671361502348, "TR_hits10": 0.027122641509433963, "VL_hits10": 0.023474178403755867}