{"TR_hits1": 0.46984572230014027, "VL_hits1": 0.49228611500701264, "TR_hits10": 0.4245810055865922, "VL_hits10": 0.4692737430167598}