{"TR_hits1": 0.8435185185185186, "TS_hits1": 0.5106078464387944, "TR_hits10": 0.937962962962963, "TS_hits10": 0.7787506314194309}