{"TR_hits1": 0.26330532212885155, "VL_hits1": 0.3137254901960784, "TR_hits10": 0.18994413407821228, "VL_hits10": 0.22905027932960895}