{"TR_hits1": 0.8222222222222222, "TS_hits1": 0.43879440983330525, "TR_hits10": 0.9166666666666666, "TS_hits10": 0.5734972217545041}