{"TR_hits1": 0.6446629213483146, "VL_hits1": 0.6235955056179775, "TR_hits10": 0.6811797752808989, "VL_hits10": 0.6629213483146067}