{"TR_hits1": 0.6940298507462687, "VL_hits1": 0.7019315188762072, "TR_hits10": 0.6263157894736842, "VL_hits10": 0.6649122807017543}