{"TR_hits1": 0.9174714661984197, "VL_hits1": 0.9416154521510096, "TR_hits10": 0.7947368421052632, "VL_hits10": 0.9368421052631579}