{"TR_hits1": 0.4980254497586661, "VL_hits1": 0.5103115401491882, "TR_hits10": 0.5245614035087719, "VL_hits10": 0.5368421052631579}