{"TR_hits1": 0.8918539325842697, "VL_hits1": 0.9199438202247191, "TR_hits10": 0.7078651685393258, "VL_hits10": 0.9044943820224719}