{"TR_hits1": 0.5455820476858345, "VL_hits1": 0.5624123422159888, "TR_hits10": 0.5307262569832403, "VL_hits10": 0.5865921787709497}