{"TR_hits1": 0.9486616937253182, "VL_hits1": 0.9714787187362879, "TR_hits10": 0.8578947368421053, "VL_hits10": 0.9771929824561404}