{"TR_hits1": 0.32554257095158595, "VL_hits1": 0.34724540901502504, "TR_hits10": 0.2866666666666667, "VL_hits10": 0.35333333333333333}