{"TR_hits1": 0.2626619552414605, "VL_hits1": 0.2347417840375587, "TR_hits10": 0.2944640753828033, "VL_hits10": 0.3192488262910798}