{"TR_hits1": 0.2244039270687237, "VL_hits1": 0.25105189340813466, "TR_hits10": 0.2905027932960894, "VL_hits10": 0.30726256983240224}