{"TR_hits1": 0.7868576242628476, "TS_hits1": 0.7159491343649456, "TR_hits10": 0.818871103622578, "TS_hits10": 0.7679638425003831}