{"TR_hits1": 0.333889816360601, "VL_hits1": 0.3989983305509182, "TR_hits10": 0.32666666666666666, "VL_hits10": 0.3933333333333333}