{"TR_hits1": 0.4392523364485981, "TS_hits1": 0.4338614918995905, "TR_hits10": 0.5246995994659546, "TS_hits10": 0.5273277550293751}