{"TR_hits1": 0.5380507343124166, "TS_hits1": 0.540720961281709, "TR_hits10": 0.40991632544062667, "TS_hits10": 0.48931814135659607}