{"TR_hits1": 0.694468832309043, "VL_hits1": 0.7080772607550483, "TR_hits10": 0.6508771929824562, "VL_hits10": 0.6807017543859649}