{"TR_hits1": 0.9029217719132894, "TS_hits1": 0.5754304805962478, "TR_hits10": 0.9717247879359096, "TS_hits10": 0.8527370855821126}