{"TR_hits1": 0.4989451476793249, "VL_hits1": 0.42436974789915966, "TR_hits10": 0.5021097046413502, "VL_hits10": 0.4579831932773109}