{"TR_hits1": 0.46563814866760167, "VL_hits1": 0.4796633941093969, "TR_hits10": 0.41899441340782123, "VL_hits10": 0.44692737430167595}