{"TR_hits1": 0.9452247191011236, "VL_hits1": 0.9592696629213483, "TR_hits10": 0.6480446927374302, "VL_hits10": 0.8938547486033519}