{"TR_hits1": 0.35733099209833186, "VL_hits1": 0.44776119402985076, "TR_hits10": 0.3824561403508772, "VL_hits10": 0.45964912280701753}