{"TR_hits1": 0.7611940298507462, "VL_hits1": 0.7822651448639157, "TR_hits10": 0.6842105263157895, "VL_hits10": 0.7210526315789474}