{"TR_hits1": 0.4166666666666667, "VL_hits1": 0.2962962962962963, "TR_hits10": 0.43287037037037035, "VL_hits10": 0.32407407407407407}