{"TR_hits1": 0.2665094339622642, "VL_hits1": 0.25821596244131456, "TR_hits10": 0.3007075471698113, "VL_hits10": 0.3192488262910798}