{"TR_hits1": 0.41402337228714525, "VL_hits1": 0.49081803005008345, "TR_hits10": 0.4066666666666667, "VL_hits10": 0.46}