{"TR_hits1": 0.5056320400500626, "VL_hits1": 0.45, "TR_hits10": 0.5319148936170213, "VL_hits10": 0.51}