{"TR_hits1": 0.493116395494368, "VL_hits1": 0.475, "TR_hits10": 0.5381727158948686, "VL_hits10": 0.52}