{"TR_hits1": 0.576437587657784, "VL_hits1": 0.547486033519553, "TR_hits10": 0.6521739130434783, "VL_hits10": 0.6033519553072626}