{"TR_hits1": 0.6788218793828892, "VL_hits1": 0.7180925666199158, "TR_hits10": 0.6424581005586593, "VL_hits10": 0.7039106145251397}