{"TR_hits1": 0.30671296296296297, "VL_hits1": 0.3055555555555556, "TR_hits10": 0.34837962962962965, "VL_hits10": 0.3425925925925926}