{"TR_hits1": 0.708113804004215, "VL_hits1": 0.680672268907563, "TR_hits10": 0.7207586933614331, "VL_hits10": 0.7142857142857143}