{"TR_hits1": 0.24544179523141654, "VL_hits1": 0.30575035063113604, "TR_hits10": 0.22346368715083798, "VL_hits10": 0.2737430167597765}