{"TR_hits1": 0.8968845985081176, "VL_hits1": 0.9561211057481351, "TR_hits10": 0.8228070175438597, "VL_hits10": 0.9614035087719298}