{"TR_hits1": 0.7906057945566286, "VL_hits1": 0.800702370500439, "TR_hits10": 0.7228070175438597, "VL_hits10": 0.7596491228070176}