{"TR_hits1": 0.29418886198547217, "VL_hits1": 0.22705314009661837, "TR_hits10": 0.3305084745762712, "VL_hits10": 0.3188405797101449}