{"TR_hits1": 0.9102384291725105, "VL_hits1": 0.9200561009817672, "TR_hits10": 0.6424581005586593, "VL_hits10": 0.8547486033519553}