{"TR_hits1": 0.4443099273607748, "VL_hits1": 0.3719806763285024, "TR_hits10": 0.4891041162227603, "VL_hits10": 0.42995169082125606}