{"TR_hits1": 0.40801001251564456, "VL_hits1": 0.375, "TR_hits10": 0.4780976220275344, "VL_hits10": 0.48}