{"TR_hits1": 0.4416403785488959, "VL_hits1": 0.40756302521008403, "TR_hits10": 0.45741324921135645, "VL_hits10": 0.4495798319327731}