{"TR_hits1": 0.9551192145862553, "VL_hits1": 0.9565217391304348, "TR_hits10": 0.770949720670391, "VL_hits10": 0.9217877094972067}