{"TR_hits1": 0.9108867427568043, "VL_hits1": 0.95171202809482, "TR_hits10": 0.8017543859649123, "VL_hits10": 0.9421052631578948}