{"TR_hits1": 0.39974937343358397, "VL_hits1": 0.365, "TR_hits10": 0.4523809523809524, "VL_hits10": 0.425}