{"TR_hits1": 0.006172839506172839, "VL_hits1": 0.040123456790123455, "TR_hits10": 0.018518518518518517, "VL_hits10": 0.09259259259259259}