{"TR_hits1": 0.01818181818181818, "VL_hits1": 0.01932367149758454, "TR_hits10": 0.020606060606060607, "VL_hits10": 0.03864734299516908}