{"TR_hits1": 0.6870061457418788, "VL_hits1": 0.6940298507462687, "TR_hits10": 0.6052631578947368, "VL_hits10": 0.624561403508772}