{"TR_hits1": 0.927170868347339, "VL_hits1": 0.9425770308123249, "TR_hits10": 0.7486033519553073, "VL_hits10": 0.9441340782122905}