{"TR_hits1": 0.6978297161936561, "VL_hits1": 0.7445742904841403, "TR_hits10": 0.4066666666666667, "VL_hits10": 0.72}