{"TR_hits1": 0.337228714524207, "VL_hits1": 0.33889816360601, "TR_hits10": 0.31333333333333335, "VL_hits10": 0.3333333333333333}