{"TR_hits1": 0.8525669153137341, "VL_hits1": 0.9412022817025011, "TR_hits10": 0.8, "VL_hits10": 0.956140350877193}