{"avg_TR_hits1": 0.7532446382707568, "std_TR_hits1": 0.09772950199906547, "avg_TS_hits1": 0.5747965204280273, "std_TS_hits1": 0.03893619109537234, "avg_TR_hits10": 0.806799806883674, "std_TR_hits10": 0.11901095526527933, "avg_TS_hits10": 0.6528981447278958, "std_TS_hits10": 0.04627528682923494}