{"TR_hits1": 0.4994731296101159, "VL_hits1": 0.5168067226890757, "TR_hits10": 0.512118018967334, "VL_hits10": 0.5336134453781513}