{"TR_hits1": 0.2565707133917397, "VL_hits1": 0.25, "TR_hits10": 0.3341677096370463, "VL_hits10": 0.315}