{"TR_hits1": 0.9420798595875384, "VL_hits1": 0.9605089951733217, "TR_hits10": 0.8122807017543859, "VL_hits10": 0.9578947368421052}