{"TR_hits1": 0.47523584905660377, "VL_hits1": 0.4272300469483568, "TR_hits10": 0.5058962264150944, "VL_hits10": 0.4647887323943662}