{"TR_hits1": 0.9270687237026648, "VL_hits1": 0.9298737727910238, "TR_hits10": 0.6983240223463687, "VL_hits10": 0.8994413407821229}