{"TR_hits1": 0.4165497896213184, "VL_hits1": 0.4431977559607293, "TR_hits10": 0.33519553072625696, "VL_hits10": 0.40782122905027934}