{"TR_hits1": 0.4056761268781302, "VL_hits1": 0.4290484140233723, "TR_hits10": 0.41333333333333333, "VL_hits10": 0.44}