{"TR_hits1": 0.19612590799031476, "VL_hits1": 0.178743961352657, "TR_hits10": 0.23365617433414043, "VL_hits10": 0.2222222222222222}