{"TR_hits1": 0.9367977528089888, "VL_hits1": 0.9466292134831461, "TR_hits10": 0.6853932584269663, "VL_hits10": 0.9044943820224719}