{"TR_hits1": 0.8165057067603161, "VL_hits1": 0.8182616330114135, "TR_hits10": 0.7, "VL_hits10": 0.7315789473684211}