{"TR_hits1": 0.9354838709677419, "VL_hits1": 0.9481065918653576, "TR_hits10": 0.6871508379888268, "VL_hits10": 0.9162011173184358}