{"TR_hits1": 0.13679245283018868, "VL_hits1": 0.10328638497652583, "TR_hits10": 0.17099056603773585, "VL_hits10": 0.14553990610328638}