{"TR_hits1": 0.8556375131717597, "VL_hits1": 0.6302521008403361, "TR_hits10": 0.8893572181243414, "VL_hits10": 0.8781512605042017}