{"TR_hits1": 0.9266900790166813, "VL_hits1": 0.9446883230904302, "TR_hits10": 0.8122807017543859, "VL_hits10": 0.9333333333333333}