{"TR_hits1": 0.3842424242424242, "VL_hits1": 0.34782608695652173, "TR_hits10": 0.46060606060606063, "VL_hits10": 0.4251207729468599}