{"TR_hits1": 0.5483870967741935, "VL_hits1": 0.5722300140252454, "TR_hits10": 0.441340782122905, "VL_hits10": 0.49162011173184356}