{"TR_hits1": 0.5311676909569798, "VL_hits1": 0.5575065847234416, "TR_hits10": 0.5368421052631579, "VL_hits10": 0.5578947368421052}