{"TR_hits1": 0.33726415094339623, "VL_hits1": 0.24882629107981222, "TR_hits10": 0.35259433962264153, "VL_hits10": 0.29577464788732394}