{"TR_hits1": 0.7380952380952381, "VL_hits1": 0.7647058823529411, "TR_hits10": 0.6983240223463687, "VL_hits10": 0.7094972067039106}