{"TR_hits1": 0.6199158485273493, "VL_hits1": 0.635343618513324, "TR_hits10": 0.6033519553072626, "VL_hits10": 0.6033519553072626}