{"TR_hits1": 0.7576821773485514, "VL_hits1": 0.7673397717295873, "TR_hits10": 0.6491228070175439, "VL_hits10": 0.6947368421052632}