{"TR_hits1": 0.95171202809482, "VL_hits1": 0.9525899912203687, "TR_hits10": 0.7964912280701755, "VL_hits10": 0.9403508771929825}