{"TR_hits1": 0.0625, "VL_hits1": 0.027777777777777776, "TR_hits10": 0.1400462962962963, "VL_hits10": 0.17592592592592593}