{"TR_hits1": 0.6858271171566477, "VL_hits1": 0.6954804738920579, "TR_hits10": 0.5719298245614035, "VL_hits10": 0.6175438596491228}