{"TR_hits1": 0.9604916593503073, "VL_hits1": 0.9609306409130817, "TR_hits10": 0.7929824561403509, "VL_hits10": 0.9438596491228071}