{"TR_hits1": 0.32554257095158595, "VL_hits1": 0.3639398998330551, "TR_hits10": 0.28, "VL_hits10": 0.34}