{"TR_hits1": 0.6115013169446883, "VL_hits1": 0.6553994732221247, "TR_hits10": 0.5596491228070175, "VL_hits10": 0.6087719298245614}