{"TR_hits1": 0.49032258064516127, "VL_hits1": 0.2709677419354839, "TR_hits10": 0.5564516129032258, "VL_hits10": 0.5419354838709678}