{"TR_hits1": 0.8806451612903226, "VL_hits1": 0.885483870967742, "TR_hits10": 0.4774193548387097, "VL_hits10": 0.7935483870967742}