{"TR_hits1": 0.5829675153643546, "VL_hits1": 0.5882352941176471, "TR_hits10": 0.531578947368421, "VL_hits10": 0.5473684210526316}