{"TR_hits1": 0.23702830188679244, "VL_hits1": 0.22535211267605634, "TR_hits10": 0.27358490566037735, "VL_hits10": 0.3004694835680751}