{"TR_hits1": 0.47545582047685836, "VL_hits1": 0.48106591865357645, "TR_hits10": 0.4581005586592179, "VL_hits10": 0.48044692737430167}