{"TR_hits1": 0.9411764705882353, "VL_hits1": 0.9425770308123249, "TR_hits10": 0.6815642458100558, "VL_hits10": 0.8603351955307262}