{"TR_hits1": 0.9212962962962963, "TS_hits1": 0.5627209968008082, "TR_hits10": 0.9805555555555555, "TS_hits10": 0.8109951170230678}