{"TR_hits1": 0.7802313354363828, "VL_hits1": 0.5630252100840336, "TR_hits10": 0.8201892744479495, "VL_hits10": 0.7857142857142857}