{"TR_hits1": 0.5298507462686567, "VL_hits1": 0.5329236172080772, "TR_hits10": 0.4807017543859649, "VL_hits10": 0.5157894736842106}