{"TR_hits1": 0.5343618513323983, "VL_hits1": 0.5483870967741935, "TR_hits10": 0.48044692737430167, "VL_hits10": 0.5195530726256983}