{"TR_hits1": 0.5294117647058824, "VL_hits1": 0.530812324929972, "TR_hits10": 0.4692737430167598, "VL_hits10": 0.49162011173184356}