{"TR_hits1": 0.49228611500701264, "VL_hits1": 0.5063113604488079, "TR_hits10": 0.33519553072625696, "VL_hits10": 0.3854748603351955}