{"TR_hits1": 0.8380503144654088, "VL_hits1": 0.8757861635220126, "TR_hits10": 0.6, "VL_hits10": 0.84375}