{"TR_hits1": 0.3910482921083628, "VL_hits1": 0.3474178403755869, "TR_hits10": 0.4216725559481743, "VL_hits10": 0.38028169014084506}