{"TR_hits1": 0.4707846410684474, "VL_hits1": 0.4974958263772955, "TR_hits10": 0.34, "VL_hits10": 0.4066666666666667}