{"TR_hits1": 0.43906510851419034, "VL_hits1": 0.48, "TR_hits10": 0.5308848080133556, "VL_hits10": 0.5333333333333333}