{"TR_hits1": 0.4574290484140234, "VL_hits1": 0.4590984974958264, "TR_hits10": 0.41333333333333333, "VL_hits10": 0.43333333333333335}