{"TR_hits1": 0.40861344537815125, "VL_hits1": 0.3025210084033613, "TR_hits10": 0.42857142857142855, "VL_hits10": 0.3697478991596639}