{"TR_hits1": 0.15757575757575756, "VL_hits1": 0.16908212560386474, "TR_hits10": 0.20484848484848484, "VL_hits10": 0.21739130434782608}