{"TR_hits1": 0.7857769973661106, "VL_hits1": 0.7884108867427568, "TR_hits10": 0.724561403508772, "VL_hits10": 0.7719298245614035}