{"TR_hits1": 0.5184372256365233, "VL_hits1": 0.6000877963125548, "TR_hits10": 0.5175438596491229, "VL_hits10": 0.5912280701754385}