{"TR_hits1": 0.8318700614574188, "VL_hits1": 0.8397717295873574, "TR_hits10": 0.7368421052631579, "VL_hits10": 0.7929824561403509}