{"TR_hits1": 0.7185185185185186, "TS_hits1": 0.6064994106751979, "TR_hits10": 0.825925925925926, "TS_hits10": 0.7212493685805691}