{"TR_hits1": 0.5399159663865546, "VL_hits1": 0.5630252100840336, "TR_hits10": 0.5567226890756303, "VL_hits10": 0.5966386554621849}