{"TR_hits1": 0.8071654373024236, "VL_hits1": 0.6134453781512605, "TR_hits10": 0.8851422550052687, "VL_hits10": 0.8697478991596639}