{"TR_hits1": 0.3772954924874791, "VL_hits1": 0.3973288814691152, "TR_hits10": 0.34, "VL_hits10": 0.3466666666666667}