{"TR_hits1": 0.40953716690042075, "VL_hits1": 0.45582047685834504, "TR_hits10": 0.35195530726256985, "VL_hits10": 0.3854748603351955}