{"TR_hits1": 0.18396226415094338, "VL_hits1": 0.19248826291079812, "TR_hits10": 0.20754716981132076, "VL_hits10": 0.2347417840375587}