{"TR_hits1": 0.7685185185185185, "TS_hits1": 0.442582926418589, "TR_hits10": 0.8842592592592593, "TS_hits10": 0.5949654824044452}