{"TR_hits1": 0.938375350140056, "VL_hits1": 0.9523809523809523, "TR_hits10": 0.7486033519553073, "VL_hits10": 0.9385474860335196}