{"TR_hits1": 0.4345718901453958, "VL_hits1": 0.432258064516129, "TR_hits10": 0.5072697899838449, "VL_hits10": 0.5161290322580645}