{"TR_hits1": 0.9241786015164279, "TS_hits1": 0.6915121801746591, "TR_hits10": 0.945240101095198, "TS_hits10": 0.9113681630151678}