{"TR_hits1": 0.5316066725197541, "VL_hits1": 0.5364354697102721, "TR_hits10": 0.47017543859649125, "VL_hits10": 0.4964912280701754}