{"TR_hits1": 0.5133239831697055, "VL_hits1": 0.5371669004207573, "TR_hits10": 0.5083798882681564, "VL_hits10": 0.547486033519553}