{"TR_hits1": 0.8948106591865358, "VL_hits1": 0.9004207573632539, "TR_hits10": 0.7094972067039106, "VL_hits10": 0.888268156424581}