{"TR_hits1": 0.015427769985974754, "VL_hits1": 0.027932960893854747, "TR_hits10": 0.03927068723702665, "VL_hits10": 0.055865921787709494}