{"TR_hits1": 0.6286215978928885, "VL_hits1": 0.6571553994732221, "TR_hits10": 0.631578947368421, "VL_hits10": 0.6491228070175439}