{"TR_hits1": 0.4839842035980693, "VL_hits1": 0.48881088196577444, "TR_hits10": 0.45614035087719296, "VL_hits10": 0.47192982456140353}