{"TR_hits1": 0.43929912390488113, "VL_hits1": 0.505, "TR_hits10": 0.5056320400500626, "VL_hits10": 0.575}