{"TR_hits1": 0.7705977382875606, "VL_hits1": 0.8061389337641357, "TR_hits10": 0.45161290322580644, "VL_hits10": 0.7290322580645161}