{"TR_hits1": 0.23958333333333334, "VL_hits1": 0.18518518518518517, "TR_hits10": 0.2650462962962963, "VL_hits10": 0.24537037037037038}