{"TR_hits1": 0.8286163522012578, "VL_hits1": 0.8490566037735849, "TR_hits10": 0.5, "VL_hits10": 0.7625}