{"TR_hits1": 0.31719532554257096, "VL_hits1": 0.35058430717863104, "TR_hits10": 0.31333333333333335, "VL_hits10": 0.38}