{"TR_hits1": 0.3530031612223393, "VL_hits1": 0.2647058823529412, "TR_hits10": 0.39199157007376184, "VL_hits10": 0.3067226890756303}