{"TR_hits1": 0.7450980392156863, "VL_hits1": 0.7492997198879552, "TR_hits10": 0.6480446927374302, "VL_hits10": 0.664804469273743}