{"TR_hits1": 0.664179104477612, "VL_hits1": 0.6676909569798068, "TR_hits10": 0.6403508771929824, "VL_hits10": 0.6719298245614035}