{"TR_hits1": 0.5708274894810659, "VL_hits1": 0.6339410939691444, "TR_hits10": 0.4748603351955307, "VL_hits10": 0.547486033519553}