{"TR_hits1": 0.4297253634894992, "VL_hits1": 0.4064516129032258, "TR_hits10": 0.5105008077544426, "VL_hits10": 0.5032258064516129}