{"TR_hits1": 0.8415276558384548, "VL_hits1": 0.8428446005267779, "TR_hits10": 0.7491228070175439, "VL_hits10": 0.7929824561403509}