{"TR_hits1": 0.4499561018437226, "VL_hits1": 0.4701492537313433, "TR_hits10": 0.4298245614035088, "VL_hits10": 0.45789473684210524}