{"TR_hits1": 0.9199438202247191, "VL_hits1": 0.9353932584269663, "TR_hits10": 0.7471910112359551, "VL_hits10": 0.9550561797752809}