{"TR_hits1": 0.3584905660377358, "VL_hits1": 0.38028169014084506, "TR_hits10": 0.43042452830188677, "VL_hits10": 0.45539906103286387}