{"TR_hits1": 0.46037735849056605, "TS_hits1": 0.43127565122707096, "TR_hits10": 0.5522012578616352, "TS_hits10": 0.5341318368372561}