{"TR_hits1": 0.04831932773109244, "VL_hits1": 0.09243697478991597, "TR_hits10": 0.09138655462184873, "VL_hits10": 0.15126050420168066}