{"TR_hits1": 0.7433084686265906, "VL_hits1": 0.7498903027643703, "TR_hits10": 0.6824561403508772, "VL_hits10": 0.7210526315789474}