{"TR_hits1": 0.3954943679599499, "VL_hits1": 0.33, "TR_hits10": 0.4192740926157697, "VL_hits10": 0.42}