{"TR_hits1": 0.7942079859587539, "VL_hits1": 0.799034664326459, "TR_hits10": 0.7228070175438597, "VL_hits10": 0.7508771929824561}