{"TR_hits1": 0.18898623279098872, "VL_hits1": 0.165, "TR_hits10": 0.20150187734668334, "VL_hits10": 0.245}