{"TR_hits1": 0.3762071992976295, "VL_hits1": 0.38323090430201934, "TR_hits10": 0.3824561403508772, "VL_hits10": 0.3894736842105263}