{"TR_hits1": 0.8053221288515406, "VL_hits1": 0.9033613445378151, "TR_hits10": 0.7541899441340782, "VL_hits10": 0.9385474860335196}