{"TR_hits1": 0.5462184873949579, "VL_hits1": 0.5476190476190477, "TR_hits10": 0.5083798882681564, "VL_hits10": 0.5139664804469274}