{"TR_hits1": 0.9228611500701263, "VL_hits1": 0.9270687237026648, "TR_hits10": 0.6424581005586593, "VL_hits10": 0.8491620111731844}