{"TR_hits1": 0.5274193548387097, "VL_hits1": 0.4645161290322581, "TR_hits10": 0.635483870967742, "VL_hits10": 0.5548387096774193}