{"TR_hits1": 0.2665121668597914, "VL_hits1": 0.22685185185185186, "TR_hits10": 0.28157589803012745, "VL_hits10": 0.3148148148148148}