{"TR_hits1": 0.696078431372549, "VL_hits1": 0.7310924369747899, "TR_hits10": 0.664804469273743, "VL_hits10": 0.7262569832402235}