{"TR_hits1": 0.6106442577030813, "VL_hits1": 0.5977653631284916, "TR_hits10": 0.6932773109243697, "VL_hits10": 0.6927374301675978}