{"TR_hits1": 0.7248743718592965, "TS_hits1": 0.5256324342435919, "TR_hits10": 0.8103015075376885, "TS_hits10": 0.6308426872172893}