{"TR_hits1": 0.4563679245283019, "VL_hits1": 0.4507042253521127, "TR_hits10": 0.4811320754716981, "VL_hits10": 0.5023474178403756}