{"TR_hits1": 0.1436848203939745, "VL_hits1": 0.22685185185185186, "TR_hits10": 0.20625724217844726, "VL_hits10": 0.27314814814814814}