{"TR_hits1": 0.056179775280898875, "VL_hits1": 0.12921348314606743, "TR_hits10": 0.0, "VL_hits10": 0.0056179775280898875}