{"TR_hits1": 0.8121158911325724, "VL_hits1": 0.8169446883230904, "TR_hits10": 0.7175438596491228, "VL_hits10": 0.7596491228070176}