{"TR_hits1": 0.7125932426502852, "VL_hits1": 0.7213690215006582, "TR_hits10": 0.6385964912280702, "VL_hits10": 0.6578947368421053}