{"TR_hits1": 0.8547579298831386, "VL_hits1": 0.8781302170283807, "TR_hits10": 0.5266666666666666, "VL_hits10": 0.82}