{"TR_hits1": 0.6474056603773585, "VL_hits1": 0.5352112676056338, "TR_hits10": 0.6544811320754716, "VL_hits10": 0.5821596244131455}