{"TR_hits1": 0.4521604938271605, "VL_hits1": 0.4506172839506173, "TR_hits10": 0.5972222222222222, "VL_hits10": 0.5802469135802469}