{"TR_hits1": 0.7630539710399298, "VL_hits1": 0.7735849056603774, "TR_hits10": 0.656140350877193, "VL_hits10": 0.7}