{"TR_hits1": 0.7945566286215979, "VL_hits1": 0.7976294995610185, "TR_hits10": 0.7368421052631579, "VL_hits10": 0.7719298245614035}