{"TR_hits1": 0.9367866549604916, "VL_hits1": 0.9499561018437226, "TR_hits10": 0.7894736842105263, "VL_hits10": 0.9526315789473684}