{"TR_hits1": 0.5802005012531328, "VL_hits1": 0.365, "TR_hits10": 0.7192982456140351, "VL_hits10": 0.77}