{"TR_hits1": 0.6118090452261307, "TS_hits1": 0.5302395711174401, "TR_hits10": 0.7248743718592965, "TS_hits10": 0.6384654045903837}