{"TR_hits1": 0.9543459174714662, "VL_hits1": 0.9600526777875329, "TR_hits10": 0.8052631578947368, "VL_hits10": 0.9631578947368421}