{"TR_hits1": 0.5992098331870062, "VL_hits1": 0.607550482879719, "TR_hits10": 0.5596491228070175, "VL_hits10": 0.5877192982456141}