{"TR_hits1": 0.5588235294117647, "VL_hits1": 0.5684811237928007, "TR_hits10": 0.5491228070175439, "VL_hits10": 0.5754385964912281}