{"TR_hits1": 0.4590984974958264, "VL_hits1": 0.4666666666666667, "TR_hits10": 0.5191986644407346, "VL_hits10": 0.5266666666666666}