{"TR_hits1": 0.4273789649415693, "VL_hits1": 0.5008347245409015, "TR_hits10": 0.41333333333333333, "VL_hits10": 0.46}