{"TR_hits1": 0.8274894810659187, "VL_hits1": 0.8906030855539971, "TR_hits10": 0.6536312849162011, "VL_hits10": 0.88268156424581}