{"TR_hits1": 0.9381307591048705, "VL_hits1": 0.9640193067134708, "TR_hits10": 0.7894736842105263, "VL_hits10": 0.9456140350877194}