{"TR_hits1": 0.4267650158061117, "VL_hits1": 0.3739495798319328, "TR_hits10": 0.44362486828240255, "VL_hits10": 0.4327731092436975}