{"TR_hits1": 0.8348765432098766, "VL_hits1": 0.9104938271604939, "TR_hits10": 0.6975308641975309, "VL_hits10": 0.8888888888888888}