{"TR_hits1": 0.2370617696160267, "VL_hits1": 0.25208681135225375, "TR_hits10": 0.16, "VL_hits10": 0.19333333333333333}