{"TR_hits1": 0.4340567612687813, "VL_hits1": 0.46, "TR_hits10": 0.5025041736227045, "VL_hits10": 0.5466666666666666}