{"TR_hits1": 0.4222689075630252, "VL_hits1": 0.35294117647058826, "TR_hits10": 0.46218487394957986, "VL_hits10": 0.42436974789915966}