{"TR_hits1": 0.9232053422370617, "VL_hits1": 0.9298831385642737, "TR_hits10": 0.6533333333333333, "VL_hits10": 0.9133333333333333}