{"TR_hits1": 0.7328881469115192, "VL_hits1": 0.7913188647746243, "TR_hits10": 0.4533333333333333, "VL_hits10": 0.76}