{"TR_hits1": 0.4225181598062954, "VL_hits1": 0.43478260869565216, "TR_hits10": 0.49031476997578693, "VL_hits10": 0.5169082125603864}