{"TR_hits1": 0.707638279192274, "VL_hits1": 0.7098331870061457, "TR_hits10": 0.6649122807017543, "VL_hits10": 0.6877192982456141}