{"TR_hits1": 0.9339887640449438, "VL_hits1": 0.9620786516853933, "TR_hits10": 0.7471910112359551, "VL_hits10": 0.9325842696629213}