{"TR_hits1": 0.02240566037735849, "VL_hits1": 0.009389671361502348, "TR_hits10": 0.02830188679245283, "VL_hits10": 0.023474178403755867}