{"TR_hits1": 0.3555926544240401, "VL_hits1": 0.3739565943238731, "TR_hits10": 0.24666666666666667, "VL_hits10": 0.28}