{"TR_hits1": 0.5756302521008403, "VL_hits1": 0.6764705882352942, "TR_hits10": 0.6033519553072626, "VL_hits10": 0.664804469273743}