{"TR_hits1": 0.036556603773584904, "VL_hits1": 0.06103286384976526, "TR_hits10": 0.08608490566037735, "VL_hits10": 0.11267605633802817}