{"TR_hits1": 0.901685393258427, "VL_hits1": 0.922752808988764, "TR_hits10": 0.7359550561797753, "VL_hits10": 0.8932584269662921}