{"TR_hits1": 0.3806343906510851, "VL_hits1": 0.3823038397328882, "TR_hits10": 0.30666666666666664, "VL_hits10": 0.3333333333333333}