{"TR_hits1": 0.5602240896358543, "VL_hits1": 0.5896358543417367, "TR_hits10": 0.547486033519553, "VL_hits10": 0.5698324022346368}