{"TR_hits1": 0.6264044943820225, "VL_hits1": 0.6123595505617978, "TR_hits10": 0.7064606741573034, "VL_hits10": 0.6404494382022472}