{"TR_hits1": 0.4707846410684474, "VL_hits1": 0.5492487479131887, "TR_hits10": 0.5066666666666667, "VL_hits10": 0.5933333333333334}