{"TR_hits1": 0.037934668071654375, "VL_hits1": 0.0546218487394958, "TR_hits10": 0.0505795574288725, "VL_hits10": 0.08403361344537816}