{"TR_hits1": 0.8364779874213837, "VL_hits1": 0.8742138364779874, "TR_hits10": 0.55625, "VL_hits10": 0.88125}