{"TR_hits1": 0.7334035827186512, "VL_hits1": 0.44537815126050423, "TR_hits10": 0.7945205479452054, "VL_hits10": 0.7352941176470589}