{"TR_hits1": 0.7879359095193214, "TS_hits1": 0.3131157371712499, "TR_hits10": 0.9019792648444863, "TS_hits10": 0.6476484194294526}