{"TR_hits1": 0.5189075630252101, "VL_hits1": 0.5966386554621849, "TR_hits10": 0.5861344537815126, "VL_hits10": 0.6596638655462185}