{"TR_hits1": 0.23182297154899895, "VL_hits1": 0.15126050420168066, "TR_hits10": 0.26765015806111697, "VL_hits10": 0.20588235294117646}