{"TR_hits1": 0.6858345021037868, "VL_hits1": 0.6886395511921458, "TR_hits10": 0.5698324022346368, "VL_hits10": 0.6145251396648045}