{"TR_hits1": 0.3975757575757576, "VL_hits1": 0.28502415458937197, "TR_hits10": 0.42787878787878786, "VL_hits10": 0.3864734299516908}