{"TR_hits1": 0.9297752808988764, "VL_hits1": 0.9396067415730337, "TR_hits10": 0.7078651685393258, "VL_hits10": 0.9101123595505618}