{"TR_hits1": 0.5946704067321178, "VL_hits1": 0.5974754558204769, "TR_hits10": 0.5418994413407822, "VL_hits10": 0.5754189944134078}