{"TR_hits1": 0.5126050420168067, "VL_hits1": 0.47478991596638653, "TR_hits10": 0.523109243697479, "VL_hits10": 0.5}