{"TR_hits1": 0.514726507713885, "VL_hits1": 0.517531556802244, "TR_hits10": 0.41899441340782123, "VL_hits10": 0.44692737430167595}