{"TR_hits1": 0.585394581861013, "VL_hits1": 0.5211267605633803, "TR_hits10": 0.6195524146054181, "VL_hits10": 0.5915492957746479}