{"TR_hits1": 0.8182616330114135, "VL_hits1": 0.824846356453029, "TR_hits10": 0.7403508771929824, "VL_hits10": 0.7947368421052632}