{"TR_hits1": 0.6633941093969145, "VL_hits1": 0.6690042075736325, "TR_hits10": 0.6145251396648045, "VL_hits10": 0.6759776536312849}