{"TR_hits1": 0.5273109243697479, "VL_hits1": 0.5630252100840336, "TR_hits10": 0.5850840336134454, "VL_hits10": 0.6134453781512605}