{"TR_hits1": 0.4755944931163955, "VL_hits1": 0.445, "TR_hits10": 0.5506883604505632, "VL_hits10": 0.535}