{"TR_hits1": 0.8387776606954689, "VL_hits1": 0.5252100840336135, "TR_hits10": 0.8756585879873551, "VL_hits10": 0.8235294117647058}