{"TR_hits1": 0.20944309927360774, "VL_hits1": 0.1642512077294686, "TR_hits10": 0.2360774818401937, "VL_hits10": 0.19806763285024154}