{"TR_hits1": 0.6589506172839507, "VL_hits1": 0.4876543209876543, "TR_hits10": 0.683641975308642, "VL_hits10": 0.5370370370370371}