{"TR_hits1": 0.6219135802469136, "VL_hits1": 0.6604938271604939, "TR_hits10": 0.46296296296296297, "VL_hits10": 0.5679012345679012}