{"TR_hits1": 0.8637640449438202, "VL_hits1": 0.9143258426966292, "TR_hits10": 0.702247191011236, "VL_hits10": 0.9157303370786517}