{"TR_hits1": 0.8024691358024691, "VL_hits1": 0.8996913580246914, "TR_hits10": 0.5925925925925926, "VL_hits10": 0.8271604938271605}