{"TR_hits1": 0.6769095697980685, "VL_hits1": 0.6861281826163301, "TR_hits10": 0.5333333333333333, "VL_hits10": 0.5982456140350877}