{"TR_hits1": 0.8174474959612278, "VL_hits1": 0.8336025848142165, "TR_hits10": 0.45161290322580644, "VL_hits10": 0.7548387096774194}