{"TR_hits1": 0.6171107994389902, "VL_hits1": 0.6521739130434783, "TR_hits10": 0.5083798882681564, "VL_hits10": 0.5977653631284916}