{"TR_hits1": 0.9495392716103555, "VL_hits1": 0.9684071961386573, "TR_hits10": 0.8192982456140351, "VL_hits10": 0.9578947368421052}