{"TR_hits1": 0.40636042402826855, "VL_hits1": 0.3615023474178404, "TR_hits10": 0.4381625441696113, "VL_hits10": 0.39436619718309857}