{"TR_hits1": 0.337228714524207, "VL_hits1": 0.35392320534223703, "TR_hits10": 0.32666666666666666, "VL_hits10": 0.35333333333333333}