{"TR_hits1": 0.9530289727831431, "VL_hits1": 0.9644424934152765, "TR_hits10": 0.8087719298245614, "VL_hits10": 0.9403508771929825}