{"TR_hits1": 0.3785488958990536, "VL_hits1": 0.33613445378151263, "TR_hits10": 0.41009463722397477, "VL_hits10": 0.41596638655462187}