{"TR_hits1": 0.9198113207547169, "VL_hits1": 0.949685534591195, "TR_hits10": 0.625, "VL_hits10": 0.9375}