{"TR_hits1": 0.39842035980693286, "VL_hits1": 0.4348398420359807, "TR_hits10": 0.39824561403508774, "VL_hits10": 0.43508771929824563}