{"TR_hits1": 0.5412642669007902, "VL_hits1": 0.5522388059701493, "TR_hits10": 0.5228070175438596, "VL_hits10": 0.5421052631578948}