{"TR_hits1": 0.7642669007901668, "VL_hits1": 0.7695346795434592, "TR_hits10": 0.6824561403508772, "VL_hits10": 0.7368421052631579}