{"TR_hits1": 0.6123949579831933, "VL_hits1": 0.4495798319327731, "TR_hits10": 0.7163865546218487, "VL_hits10": 0.6134453781512605}