{"TR_hits1": 0.4699248120300752, "VL_hits1": 0.425, "TR_hits10": 0.5025062656641605, "VL_hits10": 0.51}