{"TR_hits1": 0.9159663865546218, "TS_hits1": 0.4593871781156873, "TR_hits10": 0.9571428571428572, "TS_hits10": 0.7486818980667839}