{"TR_hits1": 0.7295492487479132, "VL_hits1": 0.7863105175292153, "TR_hits10": 0.4666666666666667, "VL_hits10": 0.72}