{"TR_hits1": 0.648444863336475, "TS_hits1": 0.24466718067334875, "TR_hits10": 0.6955702167766258, "TS_hits10": 0.56986207487364}