{"TR_hits1": 0.2028301886792453, "VL_hits1": 0.11737089201877934, "TR_hits10": 0.22287735849056603, "VL_hits10": 0.14084507042253522}