{"TR_hits1": 0.5070237050043899, "VL_hits1": 0.5781387181738367, "TR_hits10": 0.4807017543859649, "VL_hits10": 0.5596491228070175}