{"TR_hits1": 0.3572621035058431, "VL_hits1": 0.44741235392320533, "TR_hits10": 0.29333333333333333, "VL_hits10": 0.38}