{"TR_hits1": 0.5023584905660378, "VL_hits1": 0.49295774647887325, "TR_hits10": 0.5377358490566038, "VL_hits10": 0.6056338028169014}