{"TR_hits1": 0.3555926544240401, "VL_hits1": 0.3639398998330551, "TR_hits10": 0.36666666666666664, "VL_hits10": 0.3933333333333333}