{"TR_hits1": 0.810359964881475, "VL_hits1": 0.8178226514486392, "TR_hits10": 0.7649122807017544, "VL_hits10": 0.8140350877192982}