{"TR_hits1": 0.9332748024582967, "VL_hits1": 0.9508340649692713, "TR_hits10": 0.7842105263157895, "VL_hits10": 0.9473684210526315}