{"TR_hits1": 0.7998244073748902, "VL_hits1": 0.8112379280070237, "TR_hits10": 0.6929824561403509, "VL_hits10": 0.7456140350877193}