{"TR_hits1": 0.7380430013163668, "VL_hits1": 0.7612988152698552, "TR_hits10": 0.7175438596491228, "VL_hits10": 0.7526315789473684}