{"TR_hits1": 0.4357262103505843, "VL_hits1": 0.4574290484140234, "TR_hits10": 0.28, "VL_hits10": 0.34}