{"TR_hits1": 0.3756260434056761, "VL_hits1": 0.41333333333333333, "TR_hits10": 0.4674457429048414, "VL_hits10": 0.46}