{"TR_hits1": 0.7093942054433714, "VL_hits1": 0.7124670763827919, "TR_hits10": 0.6210526315789474, "VL_hits10": 0.6403508771929824}