{"TR_hits1": 0.517531556802244, "VL_hits1": 0.5315568022440392, "TR_hits10": 0.43575418994413406, "VL_hits10": 0.4860335195530726}