{"TR_hits1": 0.6978998384491115, "VL_hits1": 0.752827140549273, "TR_hits10": 0.5161290322580645, "VL_hits10": 0.7741935483870968}