{"TR_hits1": 0.6189640035118525, "VL_hits1": 0.6343283582089553, "TR_hits10": 0.5333333333333333, "VL_hits10": 0.5842105263157895}