{"TR_hits1": 0.6747146619841967, "VL_hits1": 0.6927129060579456, "TR_hits10": 0.5947368421052631, "VL_hits10": 0.624561403508772}