{"TR_hits1": 0.9325842696629213, "VL_hits1": 0.9550561797752809, "TR_hits10": 0.7752808988764045, "VL_hits10": 0.949438202247191}