{"TR_hits1": 0.7979966611018364, "VL_hits1": 0.8130217028380634, "TR_hits10": 0.52, "VL_hits10": 0.8133333333333334}