{"TR_hits1": 0.31289111389236546, "VL_hits1": 0.275, "TR_hits10": 0.33291614518147683, "VL_hits10": 0.315}