{"TR_hits1": 0.48246844319775595, "VL_hits1": 0.4838709677419355, "TR_hits10": 0.4134078212290503, "VL_hits10": 0.441340782122905}