{"TR_hits1": 0.9030898876404494, "VL_hits1": 0.9325842696629213, "TR_hits10": 0.6685393258426966, "VL_hits10": 0.9382022471910112}