{"TR_hits1": 0.6731022378236069, "VL_hits1": 0.6888986397542782, "TR_hits10": 0.6263157894736842, "VL_hits10": 0.6947368421052632}