{"TR_hits1": 0.337228714524207, "VL_hits1": 0.35058430717863104, "TR_hits10": 0.25333333333333335, "VL_hits10": 0.32}