{"TR_hits1": 0.48080133555926546, "VL_hits1": 0.5333333333333333, "TR_hits10": 0.5792988313856428, "VL_hits10": 0.6}