{"TR_hits1": 0.5684811237928007, "VL_hits1": 0.5829675153643546, "TR_hits10": 0.5543859649122806, "VL_hits10": 0.5771929824561404}