{"TR_hits1": 0.8418079096045198, "TS_hits1": 0.498971898560658, "TR_hits10": 0.9180790960451978, "TS_hits10": 0.6104352296093215}