{"TR_hits1": 0.49209694415173866, "VL_hits1": 0.3697478991596639, "TR_hits10": 0.5005268703898841, "VL_hits10": 0.3949579831932773}