{"TR_hits1": 0.7607550482879719, "VL_hits1": 0.7664618086040387, "TR_hits10": 0.6964912280701754, "VL_hits10": 0.756140350877193}