{"TR_hits1": 0.3121869782971619, "VL_hits1": 0.31385642737896496, "TR_hits10": 0.21333333333333335, "VL_hits10": 0.22666666666666666}