{"TR_hits1": 0.9389815627743635, "VL_hits1": 0.9460052677787533, "TR_hits10": 0.7491228070175439, "VL_hits10": 0.9105263157894737}