{"TR_hits1": 0.5169753086419753, "VL_hits1": 0.5231481481481481, "TR_hits10": 0.38271604938271603, "VL_hits10": 0.4382716049382716}