{"TR_hits1": 0.4952581664910432, "VL_hits1": 0.48739495798319327, "TR_hits10": 0.5026343519494204, "VL_hits10": 0.5}