{"TR_hits1": 0.5105189340813464, "VL_hits1": 0.5217391304347826, "TR_hits10": 0.46368715083798884, "VL_hits10": 0.49162011173184356}