{"TR_hits1": 0.38288920056100983, "VL_hits1": 0.4740532959326788, "TR_hits10": 0.3407821229050279, "VL_hits10": 0.46368715083798884}