{"TR_hits1": 0.44975866608161474, "VL_hits1": 0.5217200526546731, "TR_hits10": 0.4017543859649123, "VL_hits10": 0.4807017543859649}