{"TR_hits1": 0.3987878787878788, "VL_hits1": 0.3671497584541063, "TR_hits10": 0.4484848484848485, "VL_hits10": 0.45410628019323673}