{"TR_hits1": 0.7559262510974539, "VL_hits1": 0.7585601404741001, "TR_hits10": 0.6894736842105263, "VL_hits10": 0.7140350877192982}