{"TR_hits1": 0.8781512605042017, "TS_hits1": 0.6171773515702605, "TR_hits10": 0.9403361344537815, "TS_hits10": 0.7318713226866356}