{"TR_hits1": 0.6894824707846411, "VL_hits1": 0.7429048414023373, "TR_hits10": 0.4266666666666667, "VL_hits10": 0.7666666666666667}