{"TR_hits1": 0.8078104431768319, "VL_hits1": 0.8209741114523914, "TR_hits10": 0.7385964912280701, "VL_hits10": 0.7964912280701755}