{"TR_hits1": 0.28330995792426367, "VL_hits1": 0.31977559607293127, "TR_hits10": 0.22346368715083798, "VL_hits10": 0.2681564245810056}