{"TR_hits1": 0.9098497495826378, "VL_hits1": 0.9131886477462438, "TR_hits10": 0.5733333333333334, "VL_hits10": 0.88}