{"TR_hits1": 0.11320754716981132, "VL_hits1": 0.08450704225352113, "TR_hits10": 0.17099056603773585, "VL_hits10": 0.16901408450704225}