{"TR_hits1": 0.7974087161366313, "VL_hits1": 0.48826291079812206, "TR_hits10": 0.8586572438162544, "VL_hits10": 0.8215962441314554}