{"TR_hits1": 0.6064814814814815, "VL_hits1": 0.5138888888888888, "TR_hits10": 0.6550925925925926, "VL_hits10": 0.6018518518518519}