{"TR_hits1": 0.9297629499561019, "VL_hits1": 0.9534679543459175, "TR_hits10": 0.7842105263157895, "VL_hits10": 0.9315789473684211}