{"TR_hits1": 0.8050314465408805, "VL_hits1": 0.8459119496855346, "TR_hits10": 0.5875, "VL_hits10": 0.84375}