{"TR_hits1": 0.884453781512605, "VL_hits1": 0.6050420168067226, "TR_hits10": 0.8886554621848739, "VL_hits10": 0.865546218487395}