{"TR_hits1": 0.014044943820224719, "VL_hits1": 0.03932584269662921, "TR_hits10": 0.011235955056179775, "VL_hits10": 0.028089887640449437}