{"TR_hits1": 0.8497191011235955, "VL_hits1": 0.9030898876404494, "TR_hits10": 0.7191011235955056, "VL_hits10": 0.8820224719101124}