{"TR_hits1": 0.8070987654320988, "VL_hits1": 0.8271604938271605, "TR_hits10": 0.5123456790123457, "VL_hits10": 0.7839506172839507}