{"TR_hits1": 0.1880252100840336, "VL_hits1": 0.21428571428571427, "TR_hits10": 0.21743697478991597, "VL_hits10": 0.23949579831932774}