{"TR_hits1": 0.5826377295492488, "VL_hits1": 0.6010016694490818, "TR_hits10": 0.4666666666666667, "VL_hits10": 0.56}