{"TR_hits1": 0.12484848484848485, "VL_hits1": 0.15458937198067632, "TR_hits10": 0.19151515151515153, "VL_hits10": 0.1932367149758454}