{"TR_hits1": 0.7331932773109243, "VL_hits1": 0.6428571428571429, "TR_hits10": 0.740546218487395, "VL_hits10": 0.6680672268907563}