{"TR_hits1": 0.7844374342797056, "VL_hits1": 0.6050420168067226, "TR_hits10": 0.8191377497371188, "VL_hits10": 0.8361344537815126}