{"TR_hits1": 0.4121212121212121, "VL_hits1": 0.36231884057971014, "TR_hits10": 0.44727272727272727, "VL_hits10": 0.4106280193236715}