{"TR_hits1": 0.35294117647058826, "VL_hits1": 0.29411764705882354, "TR_hits10": 0.3897058823529412, "VL_hits10": 0.36554621848739494}