{"TR_hits1": 0.41903171953255425, "VL_hits1": 0.4691151919866444, "TR_hits10": 0.4066666666666667, "VL_hits10": 0.4866666666666667}