{"TR_hits1": 0.5926251097453907, "VL_hits1": 0.6044776119402985, "TR_hits10": 0.5877192982456141, "VL_hits10": 0.6140350877192983}