{"TR_hits1": 0.7333333333333333, "TS_hits1": 0.5670892327955219, "TR_hits10": 0.8432098765432099, "TS_hits10": 0.6852156733618703}