{"TR_hits1": 0.7124670763827919, "VL_hits1": 0.7172958735733099, "TR_hits10": 0.6, "VL_hits10": 0.6421052631578947}