{"TR_hits1": 0.3760504201680672, "VL_hits1": 0.36134453781512604, "TR_hits10": 0.39915966386554624, "VL_hits10": 0.3907563025210084}