{"TR_hits1": 0.41472868217054265, "TS_hits1": 0.344809368671304, "TR_hits10": 0.4903100775193798, "TS_hits10": 0.4303953508849168}