{"TR_hits1": 0.6844319775596073, "VL_hits1": 0.6942496493688639, "TR_hits10": 0.6033519553072626, "VL_hits10": 0.6089385474860335}