{"TR_hits1": 0.7203687445127305, "VL_hits1": 0.7216856892010536, "TR_hits10": 0.6666666666666666, "VL_hits10": 0.6859649122807018}