{"TR_hits1": 0.44600280504908835, "VL_hits1": 0.4838709677419355, "TR_hits10": 0.4301675977653631, "VL_hits10": 0.48044692737430167}