{"TR_hits1": 0.7447495961227787, "VL_hits1": 0.7576736672051696, "TR_hits10": 0.4, "VL_hits10": 0.6645161290322581}