{"TR_hits1": 0.7541703248463565, "VL_hits1": 0.7611940298507462, "TR_hits10": 0.6859649122807018, "VL_hits10": 0.7543859649122807}