{"TR_hits1": 0.41412012644889357, "VL_hits1": 0.3445378151260504, "TR_hits10": 0.45310853530031614, "VL_hits10": 0.4117647058823529}