{"TR_hits1": 0.3515151515151515, "VL_hits1": 0.28019323671497587, "TR_hits10": 0.3709090909090909, "VL_hits10": 0.2995169082125604}