{"TR_hits1": 0.778675282714055, "VL_hits1": 0.8126009693053312, "TR_hits10": 0.4774193548387097, "VL_hits10": 0.7354838709677419}