{"TR_hits1": 0.7426470588235294, "VL_hits1": 0.6596638655462185, "TR_hits10": 0.7563025210084033, "VL_hits10": 0.7184873949579832}