{"TR_hits1": 0.9144460028050491, "VL_hits1": 0.9340813464235624, "TR_hits10": 0.6927374301675978, "VL_hits10": 0.9273743016759777}