{"TR_hits1": 0.13659147869674185, "VL_hits1": 0.1, "TR_hits10": 0.15288220551378445, "VL_hits10": 0.115}