{"TR_hits1": 0.9521510096575944, "VL_hits1": 0.9561018437225637, "TR_hits10": 0.7684210526315789, "VL_hits10": 0.9385964912280702}