{"TR_hits1": 0.6808604038630377, "VL_hits1": 0.6861281826163301, "TR_hits10": 0.631578947368421, "VL_hits10": 0.6701754385964912}