{"TR_hits1": 0.5848527349228612, "VL_hits1": 0.5946704067321178, "TR_hits10": 0.4860335195530726, "VL_hits10": 0.5251396648044693}