{"TR_hits1": 0.9367977528089888, "VL_hits1": 0.9508426966292135, "TR_hits10": 0.7359550561797753, "VL_hits10": 0.9213483146067416}