{"TR_hits1": 0.16121212121212122, "VL_hits1": 0.1111111111111111, "TR_hits10": 0.22181818181818183, "VL_hits10": 0.15942028985507245}