{"TR_hits1": 0.6331724440544099, "VL_hits1": 0.6428258007898201, "TR_hits10": 0.5526315789473685, "VL_hits10": 0.5824561403508772}