{"TR_hits1": 0.45582047685834504, "VL_hits1": 0.4796633941093969, "TR_hits10": 0.329608938547486, "VL_hits10": 0.3575418994413408}