{"TR_hits1": 0.9539069359086918, "VL_hits1": 0.9604916593503073, "TR_hits10": 0.8228070175438597, "VL_hits10": 0.9385964912280702}