{"TR_hits1": 0.7552521008403361, "VL_hits1": 0.6386554621848739, "TR_hits10": 0.7584033613445378, "VL_hits10": 0.6932773109243697}