{"TR_hits1": 0.9473222124670764, "VL_hits1": 0.9604916593503073, "TR_hits10": 0.8210526315789474, "VL_hits10": 0.9473684210526315}