{"ts_hits1": 0.0008434666479229634, "ts_hits10": 0.015112110775286427, "tr_hits1": 0.02, "tr_hits10": 0.02}