{"ts_hits1": 0.42412314613059676, "ts_hits10": 0.48302523371055034, "tr_hits1": 0.72, "tr_hits10": 0.74}