{"ts_hits1": 0.0006325999859422226, "ts_hits10": 0.008856399803191115, "tr_hits1": 0.08, "tr_hits10": 0.08}