{"ts_hits1": 0.494693189006818, "ts_hits10": 0.5544387432346946, "tr_hits1": 0.76, "tr_hits10": 0.76}