{"ts_hits1": 0.0006325999859422226, "ts_hits10": 0.0038658888029802487, "tr_hits1": 0.0, "tr_hits10": 0.02}