{"ts_hits1": 0.4647501230055528, "ts_hits10": 0.5303999437688901, "tr_hits1": 0.66, "tr_hits10": 0.66}