{"ts_hits1": 0.0004920222112883953, "ts_hits10": 0.002741266605749631, "tr_hits1": 0.0, "tr_hits10": 0.04}