{"ts_hits1": 0.4804245448794546, "ts_hits10": 0.5479018767132916, "tr_hits1": 0.8, "tr_hits10": 0.8}