{"ts_hits1": 0.0030224221550572855, "ts_hits10": 0.021086666198074085, "tr_hits1": 0.02, "tr_hits10": 0.06}