{"ts_hits1": 0.53700709917762, "ts_hits10": 0.6195965417867435, "tr_hits1": 0.72, "tr_hits10": 0.72}