{"ts_hits1": 0.002741266605749631, "ts_hits10": 0.012370844169536797, "tr_hits1": 0.04, "tr_hits10": 0.06}