{"ts_hits1": 0.43382301258171085, "ts_hits10": 0.49518521121810644, "tr_hits1": 0.72, "tr_hits10": 0.72}