{"ts_hits1": 0.0003514444366345681, "ts_hits10": 0.003795599915653335, "tr_hits1": 0.0, "tr_hits10": 0.02}