{"ts_hits1": 0.46650734518872566, "ts_hits10": 0.5309622548675055, "tr_hits1": 0.88, "tr_hits10": 0.88}