{"ts_hits1": 0.0016869332958459268, "ts_hits10": 0.009418710901806425, "tr_hits1": 0.04, "tr_hits10": 0.06}