{"ts_hits1": 0.5623813875026359, "ts_hits10": 0.6409643635341252, "tr_hits1": 0.72, "tr_hits10": 0.74}