{"ts_hits1": 0.49687214451395234, "ts_hits10": 0.571237787305827, "tr_hits1": 0.9, "tr_hits10": 0.9}