{"ts_hits1": 0.5050959443312012, "ts_hits10": 0.5772826316159415, "tr_hits1": 0.7, "tr_hits10": 0.7}