{"ts_hits1": 0.000913755535249877, "ts_hits10": 0.008083222042595066, "tr_hits1": 0.02, "tr_hits10": 0.04}