{"ts_hits1": 0.45406621213186193, "ts_hits10": 0.5177479440500456, "tr_hits1": 0.64, "tr_hits10": 0.64}