{"ts_hits1": 0.0011949110845575314, "ts_hits10": 0.010051310887748646, "tr_hits1": 0.02, "tr_hits10": 0.02}