{"ts_hits1": 0.4326983903844802, "ts_hits10": 0.4944120334575104, "tr_hits1": 0.66, "tr_hits10": 0.68}