{"ts_hits1": 0.0007731777605960498, "ts_hits10": 0.004568777676249385, "tr_hits1": 0.0, "tr_hits10": 0.02}