{"ts_hits1": 0.5011597666408941, "ts_hits10": 0.5725029872777114, "tr_hits1": 0.74, "tr_hits10": 0.76}