{"ts_hits1": 0.0010543333099037042, "ts_hits10": 0.006677444296056793, "tr_hits1": 0.02, "tr_hits10": 0.02}