{"ts_hits1": 0.5320165881774092, "ts_hits10": 0.6077880087158221, "tr_hits1": 0.74, "tr_hits10": 0.76}