{"ts_hits1": 0.0011949110845575314, "ts_hits10": 0.010332466437056301, "tr_hits1": 0.02, "tr_hits10": 0.04}