{"ts_hits1": 0.5348281436704857, "ts_hits10": 0.6126379419413791, "tr_hits1": 0.76, "tr_hits10": 0.76}