{"ts_hits1": 0.47768327827370494, "ts_hits10": 0.5489562100231953, "tr_hits1": 0.76, "tr_hits10": 0.76}