{"ts_hits1": 0.4589864342447459, "ts_hits10": 0.5233710550361987, "tr_hits1": 0.7, "tr_hits10": 0.72}