{"ts_hits1": 0.004849933225557039, "ts_hits10": 0.032965488156322484, "tr_hits1": 0.12, "tr_hits10": 0.12}