{"ts_hits1": 0.4399381457791523, "ts_hits10": 0.4998242777816827, "tr_hits1": 0.72, "tr_hits10": 0.72}