{"ts_hits1": 0.000562311098615309, "ts_hits10": 0.004428199901595558, "tr_hits1": 0.0, "tr_hits10": 0.0}