{"ts_hits1": 0.528080410487102, "ts_hits10": 0.6004076755464961, "tr_hits1": 0.76, "tr_hits10": 0.76}