{"ts_hits1": 0.0004217333239614817, "ts_hits10": 0.0026006888310958036, "tr_hits1": 0.0, "tr_hits10": 0.0}