{"ts_hits1": 0.5126871441625079, "ts_hits10": 0.5815702537428833, "tr_hits1": 0.8, "tr_hits10": 0.8}