{"TR_hits1": 0.20363636363636364, "VL_hits1": 0.1497584541062802, "TR_hits10": 0.23393939393939395, "VL_hits10": 0.20772946859903382}