{"TR_hits1": 0.8948106591865358, "VL_hits1": 0.9004207573632539, "TR_hits10": 0.6424581005586593, "VL_hits10": 0.8659217877094972}