{"TR_hits1": 0.6151419558359621, "VL_hits1": 0.5714285714285714, "TR_hits10": 0.6319663512092534, "VL_hits10": 0.5966386554621849}