{"TR_hits1": 0.9297752808988764, "VL_hits1": 0.952247191011236, "TR_hits10": 0.7134831460674157, "VL_hits10": 0.8876404494382022}