{"TR_hits1": 0.7813021702838063, "VL_hits1": 0.8313856427378965, "TR_hits10": 0.5333333333333333, "VL_hits10": 0.84}