{"TR_hits1": 0.3464658169177289, "VL_hits1": 0.2777777777777778, "TR_hits10": 0.38354577056778677, "VL_hits10": 0.33796296296296297}