{"TR_hits1": 0.39842035980693286, "VL_hits1": 0.45107503290917067, "TR_hits10": 0.3736842105263158, "VL_hits10": 0.46842105263157896}