{"TR_hits1": 0.4737654320987654, "VL_hits1": 0.43209876543209874, "TR_hits10": 0.5339506172839507, "VL_hits10": 0.5308641975308642}