{"avg_TR_hits1": 0.6891950329063388, "std_TR_hits1": 0.18509785601658538, "avg_TS_hits1": 0.4402342547242141, "std_TS_hits1": 0.06416819969901258, "avg_TR_hits10": 0.7631228253174943, "std_TR_hits10": 0.20010930096946097, "avg_TS_hits10": 0.5482784398830493, "std_TS_hits10": 0.07729889550431653}