{"TR_hits1": 0.18898623279098872, "VL_hits1": 0.205, "TR_hits10": 0.21026282853566958, "VL_hits10": 0.245}