{"TR_hits1": 0.8981481481481481, "TS_hits1": 0.5059774372790032, "TR_hits10": 0.9601851851851851, "TS_hits10": 0.771678733793568}