{"TR_hits1": 0.9490781387181738, "VL_hits1": 0.9539069359086918, "TR_hits10": 0.8087719298245614, "VL_hits10": 0.9631578947368421}