{"TR_hits1": 0.9173669467787114, "VL_hits1": 0.9537815126050421, "TR_hits10": 0.8324022346368715, "VL_hits10": 0.9664804469273743}