{"TR_hits1": 0.6525323910482921, "VL_hits1": 0.48826291079812206, "TR_hits10": 0.6643109540636042, "VL_hits10": 0.5305164319248826}