{"TR_hits1": 0.8580246913580247, "VL_hits1": 0.8703703703703703, "TR_hits10": 0.5, "VL_hits10": 0.7283950617283951}