{"TR_hits1": 0.9325842696629213, "VL_hits1": 0.9353932584269663, "TR_hits10": 0.7415730337078652, "VL_hits10": 0.9101123595505618}