{"TR_hits1": 0.8674857393593681, "VL_hits1": 0.8679245283018868, "TR_hits10": 0.775438596491228, "VL_hits10": 0.8245614035087719}