{"avg_TR_hits1": 0.8800754111568933, "std_TR_hits1": 0.07308303914046206, "avg_TS_hits1": 0.7416306460902459, "std_TS_hits1": 0.03189556603159577, "avg_TR_hits10": 0.898843978297795, "std_TR_hits10": 0.07793385012243796, "avg_TS_hits10": 0.7983020543928667, "std_TS_hits10": 0.03671958845594207}