{"TR_hits1": 0.4373956594323873, "VL_hits1": 0.44908180300500833, "TR_hits10": 0.37333333333333335, "VL_hits10": 0.41333333333333333}