{"TR_hits1": 0.3263888888888889, "VL_hits1": 0.2962962962962963, "TR_hits10": 0.35300925925925924, "VL_hits10": 0.3472222222222222}