{"TR_hits1": 0.5242070116861436, "VL_hits1": 0.5325542570951586, "TR_hits10": 0.42, "VL_hits10": 0.44666666666666666}