{"TR_hits1": 0.32324455205811137, "VL_hits1": 0.30917874396135264, "TR_hits10": 0.3644067796610169, "VL_hits10": 0.34299516908212563}