{"TR_hits1": 0.36347673397717295, "VL_hits1": 0.43459174714661986, "TR_hits10": 0.356140350877193, "VL_hits10": 0.4263157894736842}