{"TR_hits1": 0.5900948366701791, "VL_hits1": 0.5966386554621849, "TR_hits10": 0.613277133825079, "VL_hits10": 0.6428571428571429}