{"TR_hits1": 0.7832382623957876, "VL_hits1": 0.7994734532689777, "TR_hits10": 0.6877192982456141, "VL_hits10": 0.7631578947368421}