{"TR_hits1": 0.3005008347245409, "VL_hits1": 0.3088480801335559, "TR_hits10": 0.26, "VL_hits10": 0.30666666666666664}