{"TR_hits1": 0.7208077260755048, "VL_hits1": 0.7348551360842844, "TR_hits10": 0.6298245614035087, "VL_hits10": 0.6859649122807018}