{"TR_hits1": 0.5873573309920983, "VL_hits1": 0.5886742756804214, "TR_hits10": 0.5228070175438596, "VL_hits10": 0.5473684210526316}