{"TR_hits1": 0.33718487394957986, "VL_hits1": 0.3403361344537815, "TR_hits10": 0.36764705882352944, "VL_hits10": 0.3949579831932773}