{"TR_hits1": 0.33889816360601, "VL_hits1": 0.34557595993322204, "TR_hits10": 0.21333333333333335, "VL_hits10": 0.24666666666666667}