{"TR_hits1": 0.4340567612687813, "VL_hits1": 0.37333333333333335, "TR_hits10": 0.5175292153589316, "VL_hits10": 0.4266666666666667}