{"TR_hits1": 0.45603015075376885, "TS_hits1": 0.4502429217624393, "TR_hits10": 0.5452261306532663, "TS_hits10": 0.5463226671134194}