{"TR_hits1": 0.34461152882205515, "VL_hits1": 0.31, "TR_hits10": 0.37468671679197996, "VL_hits10": 0.33}