{"TR_hits1": 0.8514225500526871, "VL_hits1": 0.634453781512605, "TR_hits10": 0.8893572181243414, "VL_hits10": 0.9033613445378151}