{"TR_hits1": 0.1636060100166945, "VL_hits1": 0.21535893155258765, "TR_hits10": 0.19333333333333333, "VL_hits10": 0.22666666666666666}