{"TR_hits1": 0.5280112044817927, "VL_hits1": 0.5280112044817927, "TR_hits10": 0.4748603351955307, "VL_hits10": 0.4748603351955307}