{"TR_hits1": 0.5193992490613266, "VL_hits1": 0.575, "TR_hits10": 0.5732165206508135, "VL_hits10": 0.63}