{"TR_hits1": 0.6053268765133172, "VL_hits1": 0.45410628019323673, "TR_hits10": 0.6452784503631961, "VL_hits10": 0.5362318840579711}