{"TR_hits1": 0.4051799824407375, "VL_hits1": 0.4174714661984197, "TR_hits10": 0.4368421052631579, "VL_hits10": 0.45263157894736844}