{"TR_hits1": 0.7130750605326877, "VL_hits1": 0.4830917874396135, "TR_hits10": 0.7663438256658596, "VL_hits10": 0.7632850241545893}