{"TR_hits1": 0.327212020033389, "VL_hits1": 0.35225375626043404, "TR_hits10": 0.32, "VL_hits10": 0.37333333333333335}