{"TR_hits1": 0.7203389830508474, "VL_hits1": 0.4975845410628019, "TR_hits10": 0.7966101694915254, "VL_hits10": 0.782608695652174}