{"TR_hits1": 0.6507713884992987, "VL_hits1": 0.6521739130434783, "TR_hits10": 0.553072625698324, "VL_hits10": 0.5698324022346368}