{"TR_hits1": 0.5455820476858345, "VL_hits1": 0.6100981767180925, "TR_hits10": 0.5027932960893855, "VL_hits10": 0.5865921787709497}