{"TR_hits1": 0.9495171202809481, "VL_hits1": 0.9525899912203687, "TR_hits10": 0.787719298245614, "VL_hits10": 0.956140350877193}