{"TR_hits1": 0.3651050080775444, "VL_hits1": 0.432258064516129, "TR_hits10": 0.46526655896607433, "VL_hits10": 0.5096774193548387}