{"TR_hits1": 0.5934873949579832, "VL_hits1": 0.6050420168067226, "TR_hits10": 0.6292016806722689, "VL_hits10": 0.6680672268907563}