{"TR_hits1": 0.20278099652375434, "VL_hits1": 0.18055555555555555, "TR_hits10": 0.2398609501738123, "VL_hits10": 0.25925925925925924}