{"TR_hits1": 0.1886574074074074, "VL_hits1": 0.16203703703703703, "TR_hits10": 0.21875, "VL_hits10": 0.21296296296296297}