{"TR_hits1": 0.5486111111111112, "VL_hits1": 0.5, "TR_hits10": 0.5775462962962963, "VL_hits10": 0.5694444444444444}