{"TR_hits1": 0.31223628691983124, "VL_hits1": 0.2647058823529412, "TR_hits10": 0.35443037974683544, "VL_hits10": 0.31932773109243695}