{"TR_hits1": 0.39565943238731216, "VL_hits1": 0.41068447412353926, "TR_hits10": 0.2866666666666667, "VL_hits10": 0.30666666666666664}