{"TR_hits1": 0.7946577629382304, "VL_hits1": 0.8631051752921536, "TR_hits10": 0.5266666666666666, "VL_hits10": 0.86}