{"TR_hits1": 0.6975308641975309, "VL_hits1": 0.7345679012345679, "TR_hits10": 0.4691358024691358, "VL_hits10": 0.7098765432098766}