{"TR_hits1": 0.9198664440734557, "VL_hits1": 0.9332220367278798, "TR_hits10": 0.5933333333333334, "VL_hits10": 0.8933333333333333}