{"TR_hits1": 0.9270687237026648, "VL_hits1": 0.9298737727910238, "TR_hits10": 0.7150837988826816, "VL_hits10": 0.9106145251396648}