{"TR_hits1": 0.8977172958735733, "VL_hits1": 0.8985952589991221, "TR_hits10": 0.7859649122807018, "VL_hits10": 0.8491228070175438}