{"TR_hits1": 0.8744734625105307, "TS_hits1": 0.7622950819672131, "TR_hits10": 0.9233361415332771, "TS_hits10": 0.8195189214034012}