{"TR_hits1": 0.9198113207547169, "VL_hits1": 0.9512578616352201, "TR_hits10": 0.65625, "VL_hits10": 0.93125}