{"TR_hits1": 0.8547579298831386, "VL_hits1": 0.8597662771285476, "TR_hits10": 0.6333333333333333, "VL_hits10": 0.8466666666666667}