{"TR_hits1": 0.5601415094339622, "VL_hits1": 0.4694835680751174, "TR_hits10": 0.5790094339622641, "VL_hits10": 0.5211267605633803}