{"TR_hits1": 0.7300263388937664, "VL_hits1": 0.7348551360842844, "TR_hits10": 0.6491228070175439, "VL_hits10": 0.6912280701754386}