{"TR_hits1": 0.4363207547169811, "VL_hits1": 0.38497652582159625, "TR_hits10": 0.47877358490566035, "VL_hits10": 0.4788732394366197}