{"TR_hits1": 0.4023372287145242, "VL_hits1": 0.4273789649415693, "TR_hits10": 0.36666666666666664, "VL_hits10": 0.4}