{"TR_hits1": 0.46296296296296297, "VL_hits1": 0.47685185185185186, "TR_hits10": 0.5300925925925926, "VL_hits10": 0.5231481481481481}