{"TR_hits1": 0.9415692821368948, "VL_hits1": 0.9465776293823038, "TR_hits10": 0.6333333333333333, "VL_hits10": 0.8666666666666667}