{"TR_hits1": 0.7108239095315024, "VL_hits1": 0.7657512116316639, "TR_hits10": 0.45161290322580644, "VL_hits10": 0.6838709677419355}