{"TR_hits1": 0.06946688206785137, "VL_hits1": 0.03225806451612903, "TR_hits10": 0.10662358642972536, "VL_hits10": 0.11612903225806452}