{"TR_hits1": 0.37797246558197745, "VL_hits1": 0.35, "TR_hits10": 0.4230287859824781, "VL_hits10": 0.39}