{"TR_hits1": 0.7761194029850746, "VL_hits1": 0.7844600526777875, "TR_hits10": 0.6614035087719298, "VL_hits10": 0.7228070175438597}