{"TR_hits1": 0.9550561797752809, "VL_hits1": 0.9634831460674157, "TR_hits10": 0.7206703910614525, "VL_hits10": 0.9106145251396648}