{"TR_hits1": 0.8024582967515365, "VL_hits1": 0.805531167690957, "TR_hits10": 0.7035087719298245, "VL_hits10": 0.7385964912280701}