{"TR_hits1": 0.6259877085162423, "VL_hits1": 0.6316944688323091, "TR_hits10": 0.5754385964912281, "VL_hits10": 0.6087719298245614}