{"TR_hits1": 0.5084033613445378, "VL_hits1": 0.542016806722689, "TR_hits10": 0.5346638655462185, "VL_hits10": 0.5756302521008403}