{"TR_hits1": 0.8985952589991221, "VL_hits1": 0.935908691834943, "TR_hits10": 0.7578947368421053, "VL_hits10": 0.9245614035087719}