{"TR_hits1": 0.4541622760800843, "VL_hits1": 0.31932773109243695, "TR_hits10": 0.4720758693361433, "VL_hits10": 0.36134453781512604}