{"TR_hits1": 0.34223706176961605, "VL_hits1": 0.3572621035058431, "TR_hits10": 0.26666666666666666, "VL_hits10": 0.34}