{"TR_hits1": 0.6754478398314014, "VL_hits1": 0.680672268907563, "TR_hits10": 0.6859852476290832, "VL_hits10": 0.7184873949579832}