{"TR_hits1": 0.3117283950617284, "VL_hits1": 0.3317901234567901, "TR_hits10": 0.19135802469135801, "VL_hits10": 0.2654320987654321}