{"TR_hits1": 0.4691358024691358, "VL_hits1": 0.41975308641975306, "TR_hits10": 0.5864197530864198, "VL_hits10": 0.5246913580246914}