{"TR_hits1": 0.8442299254058798, "VL_hits1": 0.8468626590609917, "TR_hits10": 0.775438596491228, "VL_hits10": 0.8245614035087719}