{"TR_hits1": 0.8348765432098766, "VL_hits1": 0.9012345679012346, "TR_hits10": 0.5617283950617284, "VL_hits10": 0.8333333333333334}