{"TR_hits1": 0.4791318864774624, "VL_hits1": 0.48080133555926546, "TR_hits10": 0.3933333333333333, "VL_hits10": 0.4066666666666667}