{"TR_hits1": 0.7542016806722689, "VL_hits1": 0.6386554621848739, "TR_hits10": 0.7584033613445378, "VL_hits10": 0.6764705882352942}