{"TR_hits1": 0.8977591036414566, "VL_hits1": 0.9243697478991597, "TR_hits10": 0.6871508379888268, "VL_hits10": 0.9162011173184358}