{"TR_hits1": 0.4426419466975666, "VL_hits1": 0.41203703703703703, "TR_hits10": 0.5005793742757821, "VL_hits10": 0.49074074074074076}