{"TR_hits1": 0.39565943238731216, "VL_hits1": 0.4040066777963272, "TR_hits10": 0.25333333333333335, "VL_hits10": 0.30666666666666664}