{"TR_hits1": 0.24451273046532046, "VL_hits1": 0.2840210711150132, "TR_hits10": 0.2578947368421053, "VL_hits10": 0.3105263157894737}