{"TR_hits1": 0.6947674418604651, "TS_hits1": 0.4167473804701946, "TR_hits10": 0.8304263565891473, "TS_hits10": 0.5529629303513252}