{"TR_hits1": 0.5711150131694469, "VL_hits1": 0.5842844600526778, "TR_hits10": 0.5947368421052631, "VL_hits10": 0.6140350877192983}