{"TR_hits1": 0.7358490566037735, "VL_hits1": 0.779874213836478, "TR_hits10": 0.45, "VL_hits10": 0.75}