{"TR_hits1": 0.5031446540880503, "VL_hits1": 0.21875, "TR_hits10": 0.5660377358490566, "VL_hits10": 0.525}