{"TR_hits1": 0.7253086419753086, "VL_hits1": 0.7345679012345679, "TR_hits10": 0.49382716049382713, "VL_hits10": 0.6790123456790124}