{"TR_hits1": 0.8277310924369747, "VL_hits1": 0.680672268907563, "TR_hits10": 0.8939075630252101, "VL_hits10": 0.9285714285714286}