{"TR_hits1": 0.952247191011236, "VL_hits1": 0.9592696629213483, "TR_hits10": 0.7752808988764045, "VL_hits10": 0.9662921348314607}