{"TR_hits1": 0.7506584723441615, "VL_hits1": 0.7598770851624231, "TR_hits10": 0.6736842105263158, "VL_hits10": 0.7070175438596491}