{"TR_hits1": 0.6598062953995157, "VL_hits1": 0.34782608695652173, "TR_hits10": 0.6973365617433414, "VL_hits10": 0.6570048309178744}