{"TR_hits1": 0.927599824484423, "VL_hits1": 0.9583150504607284, "TR_hits10": 0.8333333333333334, "VL_hits10": 0.9543859649122807}