{"TR_hits1": 0.8011204481792717, "VL_hits1": 0.803921568627451, "TR_hits10": 0.6480446927374302, "VL_hits10": 0.6983240223463687}