{"TR_hits1": 0.6442577030812325, "VL_hits1": 0.6480446927374302, "TR_hits10": 0.7394957983193278, "VL_hits10": 0.7374301675977654}