{"TR_hits1": 0.839332748024583, "VL_hits1": 0.8467954345917471, "TR_hits10": 0.7807017543859649, "VL_hits10": 0.8263157894736842}