{"TR_hits1": 0.6221910112359551, "VL_hits1": 0.6685393258426966, "TR_hits10": 0.6839887640449438, "VL_hits10": 0.7584269662921348}