{"TR_hits1": 0.5868055555555556, "VL_hits1": 0.5462962962962963, "TR_hits10": 0.6215277777777778, "VL_hits10": 0.6342592592592593}