{"TR_hits1": 0.5677966101694916, "VL_hits1": 0.5072463768115942, "TR_hits10": 0.6610169491525424, "VL_hits10": 0.6183574879227053}