{"TR_hits1": 0.7102212855637513, "VL_hits1": 0.6134453781512605, "TR_hits10": 0.7270811380400422, "VL_hits10": 0.6428571428571429}