{"TR_hits1": 0.6081932773109243, "VL_hits1": 0.5336134453781513, "TR_hits10": 0.615546218487395, "VL_hits10": 0.5588235294117647}