{"TR_hits1": 0.0030864197530864196, "VL_hits1": 0.041666666666666664, "TR_hits10": 0.0, "VL_hits10": 0.037037037037037035}