{"TR_hits1": 0.9108867427568043, "VL_hits1": 0.9385425812115891, "TR_hits10": 0.7596491228070176, "VL_hits10": 0.9210526315789473}