{"TR_hits1": 0.5258999122036875, "VL_hits1": 0.6035996488147498, "TR_hits10": 0.4807017543859649, "VL_hits10": 0.5614035087719298}