{"TR_hits1": 0.3656093489148581, "VL_hits1": 0.39398998330550916, "TR_hits10": 0.2733333333333333, "VL_hits10": 0.32}