{"TR_hits1": 0.8623595505617978, "VL_hits1": 0.9353932584269663, "TR_hits10": 0.8146067415730337, "VL_hits10": 0.9382022471910112}