{"TR_hits1": 0.4384858044164038, "VL_hits1": 0.44537815126050423, "TR_hits10": 0.45425867507886436, "VL_hits10": 0.47478991596638653}