{"TR_hits1": 0.17939393939393938, "VL_hits1": 0.18840579710144928, "TR_hits10": 0.23515151515151514, "VL_hits10": 0.2560386473429952}