{"TR_hits1": 0.9143258426966292, "VL_hits1": 0.9396067415730337, "TR_hits10": 0.7247191011235955, "VL_hits10": 0.9044943820224719}