{"TR_hits1": 0.7085162423178226, "VL_hits1": 0.723441615452151, "TR_hits10": 0.6070175438596491, "VL_hits10": 0.624561403508772}