{"TR_hits1": 0.6039915966386554, "VL_hits1": 0.4369747899159664, "TR_hits10": 0.6050420168067226, "VL_hits10": 0.5}