{"TR_hits1": 0.5469710272168569, "VL_hits1": 0.5996488147497805, "TR_hits10": 0.5403508771929825, "VL_hits10": 0.5982456140350877}