{"TR_hits1": 0.5980392156862745, "VL_hits1": 0.603641456582633, "TR_hits10": 0.5642458100558659, "VL_hits10": 0.5865921787709497}