{"TR_hits1": 0.6305397103992979, "VL_hits1": 0.6340500219394472, "TR_hits10": 0.5982456140350877, "VL_hits10": 0.6087719298245614}