{"TR_hits1": 0.5417032484635645, "VL_hits1": 0.6185250219490781, "TR_hits10": 0.519298245614035, "VL_hits10": 0.5859649122807018}