{"TR_hits1": 0.6589506172839507, "VL_hits1": 0.6898148148148148, "TR_hits10": 0.41975308641975306, "VL_hits10": 0.7098765432098766}