{"TR_hits1": 0.21912832929782083, "VL_hits1": 0.2463768115942029, "TR_hits10": 0.2542372881355932, "VL_hits10": 0.28502415458937197}