{"TR_hits1": 0.5357643758765779, "VL_hits1": 0.6086956521739131, "TR_hits10": 0.4748603351955307, "VL_hits10": 0.5698324022346368}