{"TR_hits1": 0.4967741935483871, "VL_hits1": 0.4645161290322581, "TR_hits10": 0.5983870967741935, "VL_hits10": 0.5225806451612903}