{"TR_hits1": 0.4929762949956102, "VL_hits1": 0.577260755048288, "TR_hits10": 0.4964912280701754, "VL_hits10": 0.5771929824561404}