{"TR_hits1": 0.09071729957805907, "VL_hits1": 0.04201680672268908, "TR_hits10": 0.12552742616033755, "VL_hits10": 0.09243697478991597}