{"TR_hits1": 0.6215978928884986, "VL_hits1": 0.6352063213345039, "TR_hits10": 0.5859649122807018, "VL_hits10": 0.6070175438596491}