{"TR_hits1": 0.2096969696969697, "VL_hits1": 0.21739130434782608, "TR_hits10": 0.23515151515151514, "VL_hits10": 0.27053140096618356}