{"TR_hits1": 0.4992987377279102, "VL_hits1": 0.5245441795231417, "TR_hits10": 0.45251396648044695, "VL_hits10": 0.5027932960893855}