{"TR_hits1": 0.1987878787878788, "VL_hits1": 0.21739130434782608, "TR_hits10": 0.25575757575757574, "VL_hits10": 0.2946859903381642}