{"TR_hits1": 0.8271604938271605, "VL_hits1": 0.8333333333333334, "TR_hits10": 0.5308641975308642, "VL_hits10": 0.7592592592592593}