{"TR_hits1": 0.8773584905660378, "VL_hits1": 0.8836477987421384, "TR_hits10": 0.55, "VL_hits10": 0.84375}