{"TR_hits1": 0.7985958753839403, "VL_hits1": 0.8165862220272049, "TR_hits10": 0.7228070175438597, "VL_hits10": 0.7719298245614035}