{"TR_hits1": 0.9564606741573034, "VL_hits1": 0.9578651685393258, "TR_hits10": 0.7640449438202247, "VL_hits10": 0.9438202247191011}