{"TR_hits1": 0.9040880503144654, "VL_hits1": 0.9198113207547169, "TR_hits10": 0.60625, "VL_hits10": 0.825}