{"TR_hits1": 0.18922305764411027, "VL_hits1": 0.165, "TR_hits10": 0.23182957393483708, "VL_hits10": 0.21}