{"TR_hits1": 0.9046283309957924, "VL_hits1": 0.9200561009817672, "TR_hits10": 0.6201117318435754, "VL_hits10": 0.88268156424581}