{"TR_hits1": 0.6988795518207283, "VL_hits1": 0.6480446927374302, "TR_hits10": 0.7605042016806722, "VL_hits10": 0.7318435754189944}