{"TR_hits1": 0.6890756302521008, "VL_hits1": 0.7380952380952381, "TR_hits10": 0.6536312849162011, "VL_hits10": 0.7094972067039106}