{"TR_hits1": 0.8055555555555556, "VL_hits1": 0.8194444444444444, "TR_hits10": 0.5061728395061729, "VL_hits10": 0.7777777777777778}