{"TR_hits1": 0.7388059701492538, "VL_hits1": 0.7405618964003512, "TR_hits10": 0.6842105263157895, "VL_hits10": 0.7052631578947368}