{"TR_hits1": 0.5701042873696408, "VL_hits1": 0.5092592592592593, "TR_hits10": 0.5979142526071842, "VL_hits10": 0.6064814814814815}