{"TR_hits1": 0.2694235588972431, "VL_hits1": 0.2, "TR_hits10": 0.29699248120300753, "VL_hits10": 0.225}