{"TR_hits1": 0.39565943238731216, "VL_hits1": 0.3973288814691152, "TR_hits10": 0.3333333333333333, "VL_hits10": 0.35333333333333333}