{"TR_hits1": 0.9116409537166901, "VL_hits1": 0.9172510518934082, "TR_hits10": 0.7430167597765364, "VL_hits10": 0.9050279329608939}