{"TR_hits1": 0.7164179104477612, "VL_hits1": 0.7221246707638279, "TR_hits10": 0.5929824561403508, "VL_hits10": 0.6456140350877193}