{"TR_hits1": 0.7044817927170869, "VL_hits1": 0.7184873949579832, "TR_hits10": 0.5642458100558659, "VL_hits10": 0.6368715083798883}