{"TR_hits1": 0.5952380952380952, "VL_hits1": 0.5865921787709497, "TR_hits10": 0.6834733893557423, "VL_hits10": 0.659217877094972}