{"TR_hits1": 0.9424157303370787, "VL_hits1": 0.9508426966292135, "TR_hits10": 0.7359550561797753, "VL_hits10": 0.9438202247191011}