{"TR_hits1": 0.4918648310387985, "VL_hits1": 0.425, "TR_hits10": 0.5193992490613266, "VL_hits10": 0.475}