{"TR_hits1": 0.6400560224089635, "VL_hits1": 0.6568627450980392, "TR_hits10": 0.5754189944134078, "VL_hits10": 0.5810055865921788}