{"TR_hits1": 0.9142318567389256, "TS_hits1": 0.5132356720637369, "TR_hits10": 0.9811498586239397, "TS_hits10": 0.8015077529341215}