{"TR_hits1": 0.8369747899159664, "TS_hits1": 0.7600672423015206, "TR_hits10": 0.9142857142857143, "TS_hits10": 0.8348743027431803}