{"TR_hits1": 0.5175757575757576, "VL_hits1": 0.4830917874396135, "TR_hits10": 0.5527272727272727, "VL_hits10": 0.5797101449275363}