{"TR_hits1": 0.8485513608428445, "VL_hits1": 0.8525021949078139, "TR_hits10": 0.743859649122807, "VL_hits10": 0.8017543859649123}