{"TR_hits1": 0.7941176470588235, "VL_hits1": 0.7967515364354697, "TR_hits10": 0.7614035087719299, "VL_hits10": 0.8157894736842105}