{"TR_hits1": 0.8302469135802469, "VL_hits1": 0.8657407407407407, "TR_hits10": 0.5123456790123457, "VL_hits10": 0.7654320987654321}