{"TR_hits1": 0.44025157232704404, "VL_hits1": 0.3710691823899371, "TR_hits10": 0.5345911949685535, "VL_hits10": 0.4591194968553459}