{"TR_hits1": 0.7363445378151261, "VL_hits1": 0.6722689075630253, "TR_hits10": 0.7573529411764706, "VL_hits10": 0.7100840336134454}