{"TR_hits1": 0.9394205443371378, "VL_hits1": 0.9539069359086918, "TR_hits10": 0.7842105263157895, "VL_hits10": 0.956140350877193}