{"TR_hits1": 0.6624231782265145, "VL_hits1": 0.6720807726075505, "TR_hits10": 0.6087719298245614, "VL_hits10": 0.6280701754385964}