{"TR_hits1": 0.4357262103505843, "VL_hits1": 0.4373956594323873, "TR_hits10": 0.28, "VL_hits10": 0.31333333333333335}