{"TR_hits1": 0.5273492286115007, "VL_hits1": 0.6115007012622721, "TR_hits10": 0.44692737430167595, "VL_hits10": 0.5083798882681564}