{"TR_hits1": 0.49604916593503073, "VL_hits1": 0.5070237050043899, "TR_hits10": 0.43508771929824563, "VL_hits10": 0.47368421052631576}