{"TR_hits1": 0.9525899912203687, "VL_hits1": 0.9631255487269534, "TR_hits10": 0.8140350877192982, "VL_hits10": 0.9456140350877194}