{"TR_hits1": 0.699859747545582, "VL_hits1": 0.7152875175315568, "TR_hits10": 0.5810055865921788, "VL_hits10": 0.659217877094972}