{"TR_hits1": 0.19532554257095158, "VL_hits1": 0.2020033388981636, "TR_hits10": 0.16666666666666666, "VL_hits10": 0.2}