{"TR_hits1": 0.6801853997682503, "VL_hits1": 0.4722222222222222, "TR_hits10": 0.7346465816917729, "VL_hits10": 0.7361111111111112}