{"TR_hits1": 0.7366110623353819, "VL_hits1": 0.7484635645302897, "TR_hits10": 0.656140350877193, "VL_hits10": 0.7087719298245614}