{"TR_hits1": 0.5724789915966386, "VL_hits1": 0.3865546218487395, "TR_hits10": 0.7247899159663865, "VL_hits10": 0.680672268907563}