{"TR_hits1": 0.4568210262828536, "VL_hits1": 0.52, "TR_hits10": 0.5394242803504381, "VL_hits10": 0.565}