{"TR_hits1": 0.961369622475856, "VL_hits1": 0.966198419666374, "TR_hits10": 0.7982456140350878, "VL_hits10": 0.9578947368421052}