{"TR_hits1": 0.5292153589315526, "VL_hits1": 0.5392320534223706, "TR_hits10": 0.4266666666666667, "VL_hits10": 0.47333333333333333}