{"TR_hits1": 0.8380634390651085, "VL_hits1": 0.8447412353923205, "TR_hits10": 0.5466666666666666, "VL_hits10": 0.8266666666666667}