{"TR_hits1": 0.20864067439409906, "VL_hits1": 0.1722689075630252, "TR_hits10": 0.2655426765015806, "VL_hits10": 0.22268907563025211}