{"TR_hits1": 0.5161290322580645, "VL_hits1": 0.5245441795231417, "TR_hits10": 0.3854748603351955, "VL_hits10": 0.40782122905027934}