{"TR_hits1": 0.37454545454545457, "VL_hits1": 0.38164251207729466, "TR_hits10": 0.44363636363636366, "VL_hits10": 0.45893719806763283}