{"TR_hits1": 0.4270833333333333, "VL_hits1": 0.4398148148148148, "TR_hits10": 0.46875, "VL_hits10": 0.5}