{"TR_hits1": 0.9747191011235955, "VL_hits1": 0.9775280898876404, "TR_hits10": 0.7374301675977654, "VL_hits10": 0.9162011173184358}