{"TR_hits1": 0.7584033613445378, "VL_hits1": 0.6176470588235294, "TR_hits10": 0.8760504201680672, "VL_hits10": 0.865546218487395}