{"TR_hits1": 0.9631255487269534, "VL_hits1": 0.9657594381035997, "TR_hits10": 0.8105263157894737, "VL_hits10": 0.9438596491228071}