{"TR_hits1": 0.7955182072829131, "VL_hits1": 0.8011204481792717, "TR_hits10": 0.664804469273743, "VL_hits10": 0.6983240223463687}