{"TR_hits1": 0.514726507713885, "VL_hits1": 0.5865921787709497, "TR_hits10": 0.6072931276297335, "VL_hits10": 0.6424581005586593}