{"TR_hits1": 0.3141654978962132, "VL_hits1": 0.3338008415147265, "TR_hits10": 0.25139664804469275, "VL_hits10": 0.3240223463687151}