{"TR_hits1": 0.9397759103641457, "VL_hits1": 0.9411764705882353, "TR_hits10": 0.7094972067039106, "VL_hits10": 0.9385474860335196}