{"TR_hits1": 0.2570951585976628, "VL_hits1": 0.32387312186978295, "TR_hits10": 0.28, "VL_hits10": 0.34}