{"TR_hits1": 0.4652532391048292, "VL_hits1": 0.323943661971831, "TR_hits10": 0.4734982332155477, "VL_hits10": 0.39906103286384975}