{"TR_hits1": 0.35393939393939394, "VL_hits1": 0.2995169082125604, "TR_hits10": 0.39636363636363636, "VL_hits10": 0.32367149758454106}