{"TR_hits1": 0.7422839506172839, "VL_hits1": 0.8472222222222222, "TR_hits10": 0.5555555555555556, "VL_hits10": 0.8395061728395061}