{"TR_hits1": 0.9144460028050491, "VL_hits1": 0.9214586255259467, "TR_hits10": 0.5921787709497207, "VL_hits10": 0.8715083798882681}