{"TR_hits1": 0.969187675070028, "VL_hits1": 0.9705882352941176, "TR_hits10": 0.8268156424581006, "VL_hits10": 0.9497206703910615}