{"TR_hits1": 0.9249341527655839, "VL_hits1": 0.946883230904302, "TR_hits10": 0.7701754385964912, "VL_hits10": 0.9280701754385965}