{"avg_TR_hits1": 0.8679290768965232, "std_TR_hits1": 0.08328157375426486, "avg_TS_hits1": 0.5164155901095787, "std_TS_hits1": 0.024120504932525953, "avg_TR_hits10": 0.9077954941704126, "std_TR_hits10": 0.09883778536825565, "avg_TS_hits10": 0.7702787480371805, "std_TS_hits10": 0.016003039452950393}