{"TR_hits1": 0.782258064516129, "VL_hits1": 0.8016129032258065, "TR_hits10": 0.5870967741935483, "VL_hits10": 0.7935483870967742}