{"TR_hits1": 0.7877358490566038, "VL_hits1": 0.4272300469483568, "TR_hits10": 0.7983490566037735, "VL_hits10": 0.755868544600939}