{"TR_hits1": 0.4161545215100966, "VL_hits1": 0.47805092186128184, "TR_hits10": 0.42105263157894735, "VL_hits10": 0.47368421052631576}