{"TR_hits1": 0.803921568627451, "VL_hits1": 0.8067226890756303, "TR_hits10": 0.6703910614525139, "VL_hits10": 0.6927374301675978}