{"TR_hits1": 0.5131694468832309, "VL_hits1": 0.5333625987708516, "TR_hits10": 0.5052631578947369, "VL_hits10": 0.5263157894736842}