{"TR_hits1": 0.6380145278450363, "VL_hits1": 0.38164251207729466, "TR_hits10": 0.7009685230024213, "VL_hits10": 0.6473429951690821}