{"TR_hits1": 0.9150943396226415, "VL_hits1": 0.9276729559748428, "TR_hits10": 0.55625, "VL_hits10": 0.86875}