{"TR_hits1": 0.7629032258064516, "VL_hits1": 0.7709677419354839, "TR_hits10": 0.5032258064516129, "VL_hits10": 0.7290322580645161}