{"TR_hits1": 0.2581818181818182, "VL_hits1": 0.2560386473429952, "TR_hits10": 0.28484848484848485, "VL_hits10": 0.2946859903381642}