{"TR_hits1": 0.6774193548387096, "VL_hits1": 0.6928471248246845, "TR_hits10": 0.5083798882681564, "VL_hits10": 0.5921787709497207}