{"TR_hits1": 0.8904320987654321, "VL_hits1": 0.9305555555555556, "TR_hits10": 0.6358024691358025, "VL_hits10": 0.8888888888888888}