{"TR_hits1": 0.4405506883604506, "VL_hits1": 0.425, "TR_hits10": 0.46808510638297873, "VL_hits10": 0.485}