{"TR_hits1": 0.2020033388981636, "VL_hits1": 0.22203672787979967, "TR_hits10": 0.12, "VL_hits10": 0.14666666666666667}