{"TR_hits1": 0.7212020033388982, "VL_hits1": 0.7512520868113522, "TR_hits10": 0.41333333333333333, "VL_hits10": 0.7066666666666667}