{"TR_hits1": 0.11185308848080133, "VL_hits1": 0.04666666666666667, "TR_hits10": 0.15525876460767946, "VL_hits10": 0.12}