{"TR_hits1": 0.36962247585601404, "VL_hits1": 0.4473222124670764, "TR_hits10": 0.38421052631578945, "VL_hits10": 0.4614035087719298}