{"TR_hits1": 0.8836477987421384, "VL_hits1": 0.8962264150943396, "TR_hits10": 0.63125, "VL_hits10": 0.9}