{"TR_hits1": 0.5277777777777778, "VL_hits1": 0.5324074074074074, "TR_hits10": 0.5682870370370371, "VL_hits10": 0.5833333333333334}