{"TR_hits1": 0.5263388937664618, "VL_hits1": 0.5294117647058824, "TR_hits10": 0.47192982456140353, "VL_hits10": 0.4964912280701754}