{"TR_hits1": 0.16176470588235295, "VL_hits1": 0.07563025210084033, "TR_hits10": 0.25735294117647056, "VL_hits10": 0.20168067226890757}