{"TR_hits1": 0.8537735849056604, "VL_hits1": 0.9150943396226415, "TR_hits10": 0.53125, "VL_hits10": 0.86875}