{"TR_hits1": 0.6238425925925926, "VL_hits1": 0.6435185185185185, "TR_hits10": 0.6666666666666666, "VL_hits10": 0.7222222222222222}