{"TR_hits1": 0.5812324929971989, "VL_hits1": 0.5966386554621849, "TR_hits10": 0.553072625698324, "VL_hits10": 0.5754189944134078}