{"TR_hits1": 0.8573309920983319, "VL_hits1": 0.858647936786655, "TR_hits10": 0.7526315789473684, "VL_hits10": 0.8017543859649123}