{"TR_hits1": 0.25, "VL_hits1": 0.18518518518518517, "TR_hits10": 0.2708333333333333, "VL_hits10": 0.25925925925925924}