{"TR_hits1": 0.9676966292134831, "VL_hits1": 0.973314606741573, "TR_hits10": 0.797752808988764, "VL_hits10": 0.9382022471910112}