{"TR_hits1": 0.4381625441696113, "VL_hits1": 0.3755868544600939, "TR_hits10": 0.47820965842167257, "VL_hits10": 0.4225352112676056}