{"TR_hits1": 0.5246913580246914, "VL_hits1": 0.5, "TR_hits10": 0.6141975308641975, "VL_hits10": 0.5679012345679012}