{"TR_hits1": 0.7668067226890757, "VL_hits1": 0.5462184873949579, "TR_hits10": 0.8245798319327731, "VL_hits10": 0.7941176470588235}