{"TR_hits1": 0.6898222940226171, "VL_hits1": 0.7302100161550888, "TR_hits10": 0.4129032258064516, "VL_hits10": 0.6645161290322581}