{"TR_hits1": 0.4257703081232493, "VL_hits1": 0.5238095238095238, "TR_hits10": 0.39106145251396646, "VL_hits10": 0.4692737430167598}