{"TR_hits1": 0.8083462132921174, "VL_hits1": 0.8191653786707882, "TR_hits10": 0.49382716049382713, "VL_hits10": 0.7777777777777778}