{"TR_hits1": 0.013910355486862442, "VL_hits1": 0.012345679012345678, "TR_hits10": 0.03245749613601236, "VL_hits10": 0.030864197530864196}