{"TR_hits1": 0.5980392156862745, "VL_hits1": 0.603641456582633, "TR_hits10": 0.5810055865921788, "VL_hits10": 0.5977653631284916}