{"TR_hits1": 0.9382022471910112, "VL_hits1": 0.9606741573033708, "TR_hits10": 0.8539325842696629, "VL_hits10": 0.9606741573033708}