{"TR_hits1": 0.45440251572327045, "VL_hits1": 0.41875, "TR_hits10": 0.529874213836478, "VL_hits10": 0.51875}