{"TR_hits1": 0.3880597014925373, "VL_hits1": 0.47761194029850745, "TR_hits10": 0.38070175438596493, "VL_hits10": 0.47017543859649125}