{"TR_hits1": 0.6302521008403361, "VL_hits1": 0.6890756302521008, "TR_hits10": 0.5754189944134078, "VL_hits10": 0.6089385474860335}