{"TR_hits1": 0.9453781512605042, "VL_hits1": 0.9621848739495799, "TR_hits10": 0.8268156424581006, "VL_hits10": 0.9664804469273743}