{"TR_hits1": 0.4530663329161452, "VL_hits1": 0.425, "TR_hits10": 0.49937421777221525, "VL_hits10": 0.475}