{"TR_hits1": 0.8981636060100167, "VL_hits1": 0.9048414023372288, "TR_hits10": 0.5933333333333334, "VL_hits10": 0.8733333333333333}