{"TR_hits1": 0.797190517998244, "VL_hits1": 0.8028972783143108, "TR_hits10": 0.7350877192982456, "VL_hits10": 0.775438596491228}