{"TR_hits1": 0.6476997578692494, "VL_hits1": 0.4106280193236715, "TR_hits10": 0.7554479418886199, "VL_hits10": 0.7246376811594203}