{"TR_hits1": 0.4791318864774624, "VL_hits1": 0.44666666666666666, "TR_hits10": 0.5843071786310517, "VL_hits10": 0.58}