{"TR_hits1": 0.5409015025041736, "VL_hits1": 0.6010016694490818, "TR_hits10": 0.47333333333333333, "VL_hits10": 0.56}