{"TR_hits1": 0.657762938230384, "VL_hits1": 0.666110183639399, "TR_hits10": 0.54, "VL_hits10": 0.58}