{"TR_hits1": 0.847124824684432, "VL_hits1": 0.8709677419354839, "TR_hits10": 0.6201117318435754, "VL_hits10": 0.8603351955307262}