{"TR_hits1": 0.5231416549789621, "VL_hits1": 0.3463687150837989, "TR_hits10": 0.6157082748948106, "VL_hits10": 0.6703910614525139}