{"TR_hits1": 0.16193656093489148, "VL_hits1": 0.22203672787979967, "TR_hits10": 0.20666666666666667, "VL_hits10": 0.22666666666666666}