{"TR_hits1": 0.949438202247191, "VL_hits1": 0.9606741573033708, "TR_hits10": 0.7359550561797753, "VL_hits10": 0.9157303370786517}