{"TR_hits1": 0.7160493827160493, "VL_hits1": 0.7515432098765432, "TR_hits10": 0.49382716049382713, "VL_hits10": 0.7469135802469136}