{"TR_hits1": 0.7573497147871874, "VL_hits1": 0.7648091268100043, "TR_hits10": 0.6543859649122807, "VL_hits10": 0.712280701754386}