{"TR_hits1": 0.5331928345626976, "VL_hits1": 0.5462184873949579, "TR_hits10": 0.5816649104320337, "VL_hits10": 0.6008403361344538}