{"TR_hits1": 0.8440134907251264, "TS_hits1": 0.5964764458062045, "TR_hits10": 0.8608768971332209, "TS_hits10": 0.857296055151283}