{"TR_hits1": 0.8323090430201932, "VL_hits1": 0.8345039508340649, "TR_hits10": 0.7403508771929824, "VL_hits10": 0.787719298245614}