{"TR_hits1": 0.8223270440251572, "VL_hits1": 0.8757861635220126, "TR_hits10": 0.5875, "VL_hits10": 0.88125}