{"TR_hits1": 0.6284329563812601, "VL_hits1": 0.7172859450726979, "TR_hits10": 0.4, "VL_hits10": 0.6258064516129033}