{"TR_hits1": 0.8937664618086041, "VL_hits1": 0.9464442493415277, "TR_hits10": 0.8122807017543859, "VL_hits10": 0.9228070175438596}