{"TR_hits1": 0.882791922739245, "VL_hits1": 0.9385425812115891, "TR_hits10": 0.7736842105263158, "VL_hits10": 0.9385964912280702}