{"TR_hits1": 0.9319578577699736, "VL_hits1": 0.9482001755926251, "TR_hits10": 0.7736842105263158, "VL_hits10": 0.9350877192982456}