{"TR_hits1": 0.6358543417366946, "VL_hits1": 0.33519553072625696, "TR_hits10": 0.6750700280112045, "VL_hits10": 0.6703910614525139}