{"TR_hits1": 0.9453781512605042, "VL_hits1": 0.9467787114845938, "TR_hits10": 0.6927374301675978, "VL_hits10": 0.9106145251396648}