{"TR_hits1": 0.5359964881474978, "VL_hits1": 0.5474100087796313, "TR_hits10": 0.5473684210526316, "VL_hits10": 0.5596491228070175}