{"TR_hits1": 0.9452247191011236, "VL_hits1": 0.9480337078651685, "TR_hits10": 0.7078651685393258, "VL_hits10": 0.9157303370786517}