{"TR_hits1": 0.9201680672268907, "VL_hits1": 0.9327731092436975, "TR_hits10": 0.659217877094972, "VL_hits10": 0.8994413407821229}