{"TR_hits1": 0.4831932773109244, "VL_hits1": 0.4327731092436975, "TR_hits10": 0.4894957983193277, "VL_hits10": 0.47058823529411764}