{"TR_hits1": 0.15212264150943397, "VL_hits1": 0.06103286384976526, "TR_hits10": 0.16981132075471697, "VL_hits10": 0.13145539906103287}