{"TR_hits1": 0.3756260434056761, "VL_hits1": 0.3772954924874791, "TR_hits10": 0.24, "VL_hits10": 0.24666666666666667}