{"TR_hits1": 0.9130434782608695, "VL_hits1": 0.9158485273492286, "TR_hits10": 0.6983240223463687, "VL_hits10": 0.888268156424581}