{"TR_hits1": 0.6474056603773585, "VL_hits1": 0.5211267605633803, "TR_hits10": 0.6639150943396226, "VL_hits10": 0.5915492957746479}