{"TR_hits1": 0.4520547945205479, "VL_hits1": 0.4957983193277311, "TR_hits10": 0.49209694415173866, "VL_hits10": 0.5252100840336135}