{"TR_hits1": 0.6554621848739496, "VL_hits1": 0.5840336134453782, "TR_hits10": 0.6722689075630253, "VL_hits10": 0.6218487394957983}