{"TR_hits1": 0.5679662802950474, "VL_hits1": 0.5, "TR_hits10": 0.5742887249736565, "VL_hits10": 0.5042016806722689}