{"TR_hits1": 0.37962962962962965, "VL_hits1": 0.4444444444444444, "TR_hits10": 0.5046296296296297, "VL_hits10": 0.5432098765432098}