{"TR_hits1": 0.15856481481481483, "VL_hits1": 0.12037037037037036, "TR_hits10": 0.17708333333333334, "VL_hits10": 0.14814814814814814}