{"TR_hits1": 0.3160377358490566, "VL_hits1": 0.2112676056338028, "TR_hits10": 0.3278301886792453, "VL_hits10": 0.25821596244131456}