{"TR_hits1": 0.4009433962264151, "VL_hits1": 0.352112676056338, "TR_hits10": 0.4492924528301887, "VL_hits10": 0.39906103286384975}