{"TR_hits1": 0.8235294117647058, "VL_hits1": 0.8266022827041264, "TR_hits10": 0.7508771929824561, "VL_hits10": 0.7859649122807018}