{"TR_hits1": 0.5292153589315526, "VL_hits1": 0.5375626043405676, "TR_hits10": 0.46, "VL_hits10": 0.5066666666666667}