{"TR_hits1": 0.8333333333333334, "VL_hits1": 0.8757861635220126, "TR_hits10": 0.63125, "VL_hits10": 0.8625}