{"TR_hits1": 0.39709443099273606, "VL_hits1": 0.3864734299516908, "TR_hits10": 0.45036319612590797, "VL_hits10": 0.463768115942029}