{"TR_hits1": 0.9143258426966292, "VL_hits1": 0.9339887640449438, "TR_hits10": 0.702247191011236, "VL_hits10": 0.9044943820224719}