{"TR_hits1": 0.4319775596072931, "VL_hits1": 0.44039270687237025, "TR_hits10": 0.4301675977653631, "VL_hits10": 0.44692737430167595}