{"TR_hits1": 0.4607679465776294, "VL_hits1": 0.5041736227045075, "TR_hits10": 0.48, "VL_hits10": 0.52}