{"TR_hits1": 0.960691823899371, "VL_hits1": 0.9764150943396226, "TR_hits10": 0.68125, "VL_hits10": 0.9375}