{"TR_hits1": 0.5368744512730466, "VL_hits1": 0.5478489903424056, "TR_hits10": 0.5350877192982456, "VL_hits10": 0.543859649122807}