{"TR_hits1": 0.3612121212121212, "VL_hits1": 0.36231884057971014, "TR_hits10": 0.44, "VL_hits10": 0.4396135265700483}