{"TR_hits1": 0.27409261576971217, "VL_hits1": 0.3, "TR_hits10": 0.29161451814768463, "VL_hits10": 0.38}