{"TR_hits1": 0.7410008779631255, "VL_hits1": 0.7480245829675154, "TR_hits10": 0.6842105263157895, "VL_hits10": 0.7298245614035088}