{"TR_hits1": 0.2465277777777778, "VL_hits1": 0.11574074074074074, "TR_hits10": 0.2673611111111111, "VL_hits10": 0.1388888888888889}