{"TR_hits1": 0.34557595993322204, "VL_hits1": 0.35225375626043404, "TR_hits10": 0.31333333333333335, "VL_hits10": 0.32666666666666666}