{"TR_hits1": 0.43730242360379346, "VL_hits1": 0.4411764705882353, "TR_hits10": 0.44783983140147526, "VL_hits10": 0.44537815126050423}