{"TR_hits1": 0.6983122362869199, "VL_hits1": 0.5042016806722689, "TR_hits10": 0.7827004219409283, "VL_hits10": 0.7605042016806722}