{"TR_hits1": 0.020047169811320754, "VL_hits1": 0.03755868544600939, "TR_hits10": 0.03891509433962264, "VL_hits10": 0.051643192488262914}