{"TR_hits1": 0.2270450751252087, "VL_hits1": 0.25542570951585974, "TR_hits10": 0.2, "VL_hits10": 0.25333333333333335}