{"TR_hits1": 0.30451127819548873, "VL_hits1": 0.175, "TR_hits10": 0.31954887218045114, "VL_hits10": 0.2}