{"TR_hits1": 0.9591747146619842, "VL_hits1": 0.9675153643546971, "TR_hits10": 0.8017543859649123, "VL_hits10": 0.9473684210526315}