{"TR_hits1": 0.8773584905660378, "VL_hits1": 0.889937106918239, "TR_hits10": 0.61875, "VL_hits10": 0.89375}