{"TR_hits1": 0.45521601685985247, "VL_hits1": 0.4495798319327731, "TR_hits10": 0.48998946259220233, "VL_hits10": 0.4789915966386555}