{"TR_hits1": 0.8919354838709678, "VL_hits1": 0.8951612903225806, "TR_hits10": 0.5483870967741935, "VL_hits10": 0.8387096774193549}