{"TR_hits1": 0.0532258064516129, "VL_hits1": 0.05806451612903226, "TR_hits10": 0.05806451612903226, "VL_hits10": 0.09032258064516129}