{"TR_hits1": 0.5184372256365233, "VL_hits1": 0.5298507462686567, "TR_hits10": 0.5280701754385965, "VL_hits10": 0.5456140350877193}