{"TR_hits1": 0.8330550918196995, "VL_hits1": 0.8464106844741235, "TR_hits10": 0.5066666666666667, "VL_hits10": 0.8266666666666667}