{"TR_hits1": 0.4410377358490566, "VL_hits1": 0.5023474178403756, "TR_hits10": 0.5035377358490566, "VL_hits10": 0.5821596244131455}