{"TR_hits1": 0.3823038397328882, "VL_hits1": 0.38898163606010017, "TR_hits10": 0.35333333333333333, "VL_hits10": 0.38666666666666666}