{"TR_hits1": 0.7463799912242212, "VL_hits1": 0.7529618253620008, "TR_hits10": 0.6473684210526316, "VL_hits10": 0.7017543859649122}