{"TR_hits1": 0.882791922739245, "VL_hits1": 0.8845478489903424, "TR_hits10": 0.787719298245614, "VL_hits10": 0.8368421052631579}