{"TR_hits1": 0.8432835820895522, "VL_hits1": 0.8467954345917471, "TR_hits10": 0.7701754385964912, "VL_hits10": 0.8105263157894737}