{"TR_hits1": 0.6100981767180925, "VL_hits1": 0.6171107994389902, "TR_hits10": 0.49162011173184356, "VL_hits10": 0.5251396648044693}