{"TR_hits1": 0.57243195785777, "VL_hits1": 0.5755048287971906, "TR_hits10": 0.5175438596491229, "VL_hits10": 0.5491228070175439}