{"TR_hits1": 0.39065108514190316, "VL_hits1": 0.41736227045075125, "TR_hits10": 0.32666666666666666, "VL_hits10": 0.38666666666666666}