{"TR_hits1": 0.6150121065375302, "VL_hits1": 0.5458937198067633, "TR_hits10": 0.6537530266343826, "VL_hits10": 0.6328502415458938}