{"TR_hits1": 0.7529215358931552, "VL_hits1": 0.8263772954924875, "TR_hits10": 0.6266666666666667, "VL_hits10": 0.8466666666666667}