{"TR_hits1": 0.7204914436156209, "VL_hits1": 0.7292672224659938, "TR_hits10": 0.6385964912280702, "VL_hits10": 0.6684210526315789}