{"TR_hits1": 0.41823899371069184, "VL_hits1": 0.36875, "TR_hits10": 0.4921383647798742, "VL_hits10": 0.41875}