{"TR_hits1": 0.5049088359046283, "VL_hits1": 0.520336605890603, "TR_hits10": 0.4692737430167598, "VL_hits10": 0.5027932960893855}