{"TR_hits1": 0.6812993854258121, "VL_hits1": 0.6870061457418788, "TR_hits10": 0.5929824561403508, "VL_hits10": 0.6192982456140351}