{"TR_hits1": 0.49818181818181817, "VL_hits1": 0.4830917874396135, "TR_hits10": 0.5284848484848484, "VL_hits10": 0.5458937198067633}