{"avg_TR_hits1": 0.8738865719287405, "std_TR_hits1": 0.04862666249919614, "avg_TS_hits1": 0.5539160270354936, "std_TS_hits1": 0.020571617209407308, "avg_TR_hits10": 0.9260519285117678, "std_TR_hits10": 0.0670835615957372, "avg_TS_hits10": 0.8092442535628579, "std_TS_hits10": 0.015452002164873493}