{"TR_hits1": 0.7057057057057057, "TS_hits1": 0.5857611070648215, "TR_hits10": 0.8248248248248248, "TS_hits10": 0.6852694828841952}