{"TR_hits1": 0.6215978928884986, "VL_hits1": 0.6251097453906936, "TR_hits10": 0.6157894736842106, "VL_hits10": 0.6333333333333333}