{"TR_hits1": 0.6502808988764045, "VL_hits1": 0.34269662921348315, "TR_hits10": 0.6938202247191011, "VL_hits10": 0.6179775280898876}