{"TR_hits1": 0.9058988764044944, "VL_hits1": 0.9185393258426966, "TR_hits10": 0.7191011235955056, "VL_hits10": 0.8876404494382022}