{"TR_hits1": 0.4077976817702845, "VL_hits1": 0.35294117647058826, "TR_hits10": 0.4383561643835616, "VL_hits10": 0.42857142857142855}