{"TR_hits1": 0.3890909090909091, "VL_hits1": 0.2946859903381642, "TR_hits10": 0.4, "VL_hits10": 0.36231884057971014}