{"TR_hits1": 0.26785714285714285, "VL_hits1": 0.25630252100840334, "TR_hits10": 0.33613445378151263, "VL_hits10": 0.29411764705882354}