{"TR_hits1": 0.572639225181598, "VL_hits1": 0.4444444444444444, "TR_hits10": 0.6113801452784504, "VL_hits10": 0.5362318840579711}