{"TR_hits1": 0.38397328881469117, "VL_hits1": 0.39565943238731216, "TR_hits10": 0.32666666666666666, "VL_hits10": 0.38666666666666666}