{"TR_hits1": 0.27879799666110183, "VL_hits1": 0.28046744574290483, "TR_hits10": 0.25333333333333335, "VL_hits10": 0.26}