{"TR_hits1": 0.7447495961227787, "VL_hits1": 0.7673667205169629, "TR_hits10": 0.4064516129032258, "VL_hits10": 0.6774193548387096}