{"TR_hits1": 0.03587962962962963, "VL_hits1": 0.041666666666666664, "TR_hits10": 0.08217592592592593, "VL_hits10": 0.09259259259259259}