{"TR_hits1": 0.023148148148148147, "VL_hits1": 0.07098765432098765, "TR_hits10": 0.04938271604938271, "VL_hits10": 0.15432098765432098}