{"TR_hits1": 0.8344459279038718, "TS_hits1": 0.9038718291054739, "TR_hits10": 0.47391846181235536, "TS_hits10": 0.5717464838881966}