{"TR_hits1": 0.7289719626168224, "TS_hits1": 0.5283069254050204, "TR_hits10": 0.8397863818424566, "TS_hits10": 0.6291614740964928}