{"TR_hits1": 0.9297629499561019, "VL_hits1": 0.9499561018437226, "TR_hits10": 0.787719298245614, "VL_hits10": 0.9526315789473684}