{"TR_hits1": 0.5960729312762973, "VL_hits1": 0.6872370266479664, "TR_hits10": 0.6201117318435754, "VL_hits10": 0.6927374301675978}