{"TR_hits1": 0.5813679245283019, "VL_hits1": 0.5258215962441315, "TR_hits10": 0.5860849056603774, "VL_hits10": 0.5586854460093896}