{"TR_hits1": 0.6577840112201964, "VL_hits1": 0.6732117812061711, "TR_hits10": 0.5642458100558659, "VL_hits10": 0.6201117318435754}