{"TR_hits1": 0.9240561896400351, "VL_hits1": 0.9460052677787533, "TR_hits10": 0.7719298245614035, "VL_hits10": 0.9192982456140351}