{"TR_hits1": 0.4685230024213075, "VL_hits1": 0.4057971014492754, "TR_hits10": 0.48062953995157387, "VL_hits10": 0.4927536231884058}