{"TR_hits1": 0.7436347673397717, "VL_hits1": 0.7502194907813872, "TR_hits10": 0.656140350877193, "VL_hits10": 0.7175438596491228}