{"TR_hits1": 0.3656093489148581, "VL_hits1": 0.3789649415692821, "TR_hits10": 0.31333333333333335, "VL_hits10": 0.37333333333333335}