{"TR_hits1": 0.38397328881469117, "VL_hits1": 0.4774624373956594, "TR_hits10": 0.38666666666666666, "VL_hits10": 0.44666666666666666}