{"TR_hits1": 0.41903171953255425, "VL_hits1": 0.3933333333333333, "TR_hits10": 0.4757929883138564, "VL_hits10": 0.47333333333333333}