{"TR_hits1": 0.5224056603773585, "VL_hits1": 0.40375586854460094, "TR_hits10": 0.5518867924528302, "VL_hits10": 0.49295774647887325}