{"TR_hits1": 0.9521720052654673, "VL_hits1": 0.9640193067134708, "TR_hits10": 0.7947368421052632, "VL_hits10": 0.9614035087719298}