{"TR_hits1": 0.5417032484635645, "VL_hits1": 0.6185250219490781, "TR_hits10": 0.5350877192982456, "VL_hits10": 0.6017543859649123}