{"TR_hits1": 0.4634433962264151, "VL_hits1": 0.45539906103286387, "TR_hits10": 0.5306603773584906, "VL_hits10": 0.5211267605633803}