{"TR_hits1": 0.4607679465776294, "VL_hits1": 0.4757929883138564, "TR_hits10": 0.3333333333333333, "VL_hits10": 0.38666666666666666}