{"TR_hits1": 0.15076560659599528, "VL_hits1": 0.07981220657276995, "TR_hits10": 0.1896348645465253, "VL_hits10": 0.17370892018779344}