{"TR_hits1": 0.6458333333333334, "VL_hits1": 0.4398148148148148, "TR_hits10": 0.6539351851851852, "VL_hits10": 0.5277777777777778}