{"TR_hits1": 0.601890756302521, "VL_hits1": 0.5504201680672269, "TR_hits10": 0.6712184873949579, "VL_hits10": 0.6218487394957983}