{"TR_hits1": 0.6176470588235294, "VL_hits1": 0.6386554621848739, "TR_hits10": 0.6033519553072626, "VL_hits10": 0.6424581005586593}