{"TR_hits1": 0.9363476733977173, "VL_hits1": 0.9609306409130817, "TR_hits10": 0.8263157894736842, "VL_hits10": 0.9508771929824561}