{"TR_hits1": 0.8726415094339622, "VL_hits1": 0.8977987421383647, "TR_hits10": 0.46875, "VL_hits10": 0.74375}