{"TR_hits1": 0.7933304080737166, "VL_hits1": 0.7972795085563844, "TR_hits10": 0.7070175438596491, "VL_hits10": 0.7350877192982456}