{"TR_hits1": 0.2169811320754717, "VL_hits1": 0.20187793427230047, "TR_hits10": 0.2617924528301887, "VL_hits10": 0.23943661971830985}