{"TR_hits1": 0.7314814814814815, "VL_hits1": 0.8055555555555556, "TR_hits10": 0.5617283950617284, "VL_hits10": 0.7901234567901234}