{"TR_hits1": 0.3166458072590738, "VL_hits1": 0.315, "TR_hits10": 0.36795994993742176, "VL_hits10": 0.355}