{"TR_hits1": 0.5241596638655462, "VL_hits1": 0.47478991596638653, "TR_hits10": 0.5378151260504201, "VL_hits10": 0.5378151260504201}