{"TR_hits1": 0.2950474183350896, "VL_hits1": 0.27310924369747897, "TR_hits10": 0.3498419388830348, "VL_hits10": 0.3445378151260504}