{"TR_hits1": 0.5476086002632734, "VL_hits1": 0.562966213251426, "TR_hits10": 0.5403508771929825, "VL_hits10": 0.5508771929824562}