{"TR_hits1": 0.051470588235294115, "VL_hits1": 0.07563025210084033, "TR_hits10": 0.14180672268907563, "VL_hits10": 0.18067226890756302}