{"TR_hits1": 0.9416410706450198, "VL_hits1": 0.9583150504607284, "TR_hits10": 0.8017543859649123, "VL_hits10": 0.956140350877193}