{"TR_hits1": 0.02627511591962906, "VL_hits1": 0.07109737248840804, "TR_hits10": 0.04938271604938271, "VL_hits10": 0.2345679012345679}