{"TR_hits1": 0.7480245829675154, "VL_hits1": 0.7528533801580334, "TR_hits10": 0.7017543859649122, "VL_hits10": 0.7350877192982456}