{"TR_hits1": 0.8077544426494345, "VL_hits1": 0.8093699515347335, "TR_hits10": 0.45806451612903226, "VL_hits10": 0.8387096774193549}