{"TR_hits1": 0.2324455205811138, "VL_hits1": 0.18357487922705315, "TR_hits10": 0.23728813559322035, "VL_hits10": 0.21256038647342995}