{"TR_hits1": 0.8225308641975309, "VL_hits1": 0.8379629629629629, "TR_hits10": 0.5370370370370371, "VL_hits10": 0.8024691358024691}