{"TR_hits1": 0.46064814814814814, "VL_hits1": 0.33796296296296297, "TR_hits10": 0.46875, "VL_hits10": 0.4166666666666667}