{"TR_hits1": 0.7246558197747184, "VL_hits1": 0.42, "TR_hits10": 0.7546933667083855, "VL_hits10": 0.68}