{"TR_hits1": 0.3989983305509182, "VL_hits1": 0.38666666666666666, "TR_hits10": 0.4590984974958264, "VL_hits10": 0.4266666666666667}