{"TR_hits1": 0.38898163606010017, "VL_hits1": 0.4507512520868113, "TR_hits10": 0.30666666666666664, "VL_hits10": 0.38666666666666666}