{"TR_hits1": 0.2476290832455216, "VL_hits1": 0.20588235294117646, "TR_hits10": 0.27713382507903056, "VL_hits10": 0.2647058823529412}