{"TR_hits1": 0.9293239683933274, "VL_hits1": 0.9582967515364355, "TR_hits10": 0.8157894736842105, "VL_hits10": 0.9491228070175438}