{"TR_hits1": 0.7460484720758693, "VL_hits1": 0.6596638655462185, "TR_hits10": 0.7692307692307693, "VL_hits10": 0.7226890756302521}