{"TR_hits1": 0.4410377358490566, "VL_hits1": 0.40375586854460094, "TR_hits10": 0.4988207547169811, "VL_hits10": 0.48826291079812206}