{"TR_hits1": 0.8333333333333334, "VL_hits1": 0.8569182389937107, "TR_hits10": 0.48427672955974843, "VL_hits10": 0.8176100628930818}