{"TR_hits1": 0.4319775596072931, "VL_hits1": 0.4586255259467041, "TR_hits10": 0.43575418994413406, "VL_hits10": 0.46368715083798884}