{"TR_hits1": 0.7836166924265843, "VL_hits1": 0.8469860896445132, "TR_hits10": 0.5555555555555556, "VL_hits10": 0.8395061728395061}