{"TR_hits1": 0.40556900726392253, "VL_hits1": 0.41545893719806765, "TR_hits10": 0.48426150121065376, "VL_hits10": 0.46859903381642515}