{"TR_hits1": 0.9083333333333333, "TS_hits1": 0.5676881629904025, "TR_hits10": 0.9768518518518519, "TS_hits10": 0.8122579558848291}