{"TR_hits1": 0.6213251426064064, "VL_hits1": 0.636682755594559, "TR_hits10": 0.5807017543859649, "VL_hits10": 0.6087719298245614}