{"TR_hits1": 0.9196663740122915, "VL_hits1": 0.9561018437225637, "TR_hits10": 0.8052631578947368, "VL_hits10": 0.9491228070175438}