{"TR_hits1": 0.42803504380475593, "VL_hits1": 0.425, "TR_hits10": 0.4755944931163955, "VL_hits10": 0.48}