{"TR_hits1": 0.4307178631051753, "VL_hits1": 0.49248747913188645, "TR_hits10": 0.37333333333333335, "VL_hits10": 0.4666666666666667}