{"TR_hits1": 0.9129213483146067, "VL_hits1": 0.9353932584269663, "TR_hits10": 0.7303370786516854, "VL_hits10": 0.9101123595505618}