{"TR_hits1": 0.5714285714285714, "VL_hits1": 0.5742296918767507, "TR_hits10": 0.39106145251396646, "VL_hits10": 0.441340782122905}