{"TR_hits1": 0.844632768361582, "TS_hits1": 0.5986977381768335, "TR_hits10": 0.9124293785310734, "TS_hits10": 0.6802604523646333}