{"TR_hits1": 0.4257075471698113, "VL_hits1": 0.3755868544600939, "TR_hits10": 0.4386792452830189, "VL_hits10": 0.41784037558685444}