{"TR_hits1": 0.6765015806111696, "VL_hits1": 0.6386554621848739, "TR_hits10": 0.684931506849315, "VL_hits10": 0.6722689075630253}