{"TR_hits1": 0.9451513821851689, "VL_hits1": 0.9583150504607284, "TR_hits10": 0.8035087719298246, "VL_hits10": 0.9526315789473684}