{"TR_hits1": 0.33917396745932415, "VL_hits1": 0.335, "TR_hits10": 0.38172715894868586, "VL_hits10": 0.39}