{"TR_hits1": 0.5925925925925926, "VL_hits1": 0.6265432098765432, "TR_hits10": 0.5432098765432098, "VL_hits10": 0.6481481481481481}