{"TR_hits1": 0.5378151260504201, "VL_hits1": 0.542016806722689, "TR_hits10": 0.4748603351955307, "VL_hits10": 0.4972067039106145}