{"TR_hits1": 0.33520336605890605, "VL_hits1": 0.391304347826087, "TR_hits10": 0.33519553072625696, "VL_hits10": 0.4022346368715084}