{"TR_hits1": 0.8025449758666081, "VL_hits1": 0.8200965335673541, "TR_hits10": 0.7087719298245614, "VL_hits10": 0.7824561403508772}