{"TR_hits1": 0.8379629629629629, "TS_hits1": 0.3410506819329854, "TR_hits10": 0.9111111111111111, "TS_hits10": 0.6244317225122075}