{"TR_hits1": 0.9442493415276558, "VL_hits1": 0.9547848990342406, "TR_hits10": 0.7842105263157895, "VL_hits10": 0.9280701754385965}