{"TR_hits1": 0.22528160200250313, "VL_hits1": 0.225, "TR_hits10": 0.2565707133917397, "VL_hits10": 0.255}