{"TR_hits1": 0.8511852502194908, "VL_hits1": 0.8564530289727832, "TR_hits10": 0.7578947368421053, "VL_hits10": 0.8140350877192982}