{"TR_hits1": 0.5512367491166078, "VL_hits1": 0.4647887323943662, "TR_hits10": 0.5736160188457008, "VL_hits10": 0.5305164319248826}