{"TR_hits1": 0.9297752808988764, "VL_hits1": 0.9452247191011236, "TR_hits10": 0.8258426966292135, "VL_hits10": 0.9213483146067416}