{"TR_hits1": 0.4636459430979979, "VL_hits1": 0.4369747899159664, "TR_hits10": 0.4794520547945205, "VL_hits10": 0.4495798319327731}