{"TR_hits1": 0.9259259259259259, "TS_hits1": 0.5569009468317553, "TR_hits10": 0.980980980980981, "TS_hits10": 0.8107246904588492}