{"TR_hits1": 0.41037735849056606, "VL_hits1": 0.3568075117370892, "TR_hits10": 0.4386792452830189, "VL_hits10": 0.4131455399061033}