{"TR_hits1": 0.4273789649415693, "VL_hits1": 0.4791318864774624, "TR_hits10": 0.4, "VL_hits10": 0.4666666666666667}