{"TR_hits1": 0.4023372287145242, "VL_hits1": 0.4090150250417362, "TR_hits10": 0.34, "VL_hits10": 0.36666666666666664}