{"TR_hits1": 0.7431340872374798, "VL_hits1": 0.7722132471728594, "TR_hits10": 0.36774193548387096, "VL_hits10": 0.6903225806451613}