{"TR_hits1": 0.3692115143929912, "VL_hits1": 0.34, "TR_hits10": 0.43178973717146435, "VL_hits10": 0.385}