{"TR_hits1": 0.5161290322580645, "VL_hits1": 0.5217391304347826, "TR_hits10": 0.43575418994413406, "VL_hits10": 0.44692737430167595}