{"TR_hits1": 0.38981562774363476, "VL_hits1": 0.39464442493415275, "TR_hits10": 0.4, "VL_hits10": 0.4087719298245614}