{"TR_hits1": 0.0, "VL_hits1": 0.0, "TR_hits10": 0.0011792452830188679, "VL_hits10": 0.004694835680751174}