{"TR_hits1": 0.4213075060532688, "VL_hits1": 0.391304347826087, "TR_hits10": 0.4552058111380145, "VL_hits10": 0.4444444444444444}