{"TR_hits1": 0.9042016806722689, "TS_hits1": 0.46030411859096815, "TR_hits10": 0.9521008403361344, "TS_hits10": 0.748911133185604}