{"TR_hits1": 0.4666374012291484, "VL_hits1": 0.5109745390693591, "TR_hits10": 0.41578947368421054, "VL_hits10": 0.48947368421052634}