{"TR_hits1": 0.17099056603773585, "VL_hits1": 0.19718309859154928, "TR_hits10": 0.23231132075471697, "VL_hits10": 0.30985915492957744}