{"TR_hits1": 0.19128329297820823, "VL_hits1": 0.1642512077294686, "TR_hits10": 0.22397094430992737, "VL_hits10": 0.20772946859903382}