{"TR_hits1": 0.7720125786163522, "VL_hits1": 0.8443396226415094, "TR_hits10": 0.5125, "VL_hits10": 0.825}