{"TR_hits1": 0.7650158061116965, "VL_hits1": 0.5378151260504201, "TR_hits10": 0.8524762908324552, "VL_hits10": 0.8109243697478992}