{"TR_hits1": 0.9283707865168539, "VL_hits1": 0.9466292134831461, "TR_hits10": 0.702247191011236, "VL_hits10": 0.9157303370786517}