{"TR_hits1": 0.020061728395061727, "VL_hits1": 0.09259259259259259, "TR_hits10": 0.018518518518518517, "VL_hits10": 0.018518518518518517}