{"TR_hits1": 0.7532923617208077, "VL_hits1": 0.7642669007901668, "TR_hits10": 0.6035087719298246, "VL_hits10": 0.6719298245614035}