{"TR_hits1": 0.6637401229148375, "VL_hits1": 0.6812993854258121, "TR_hits10": 0.6157894736842106, "VL_hits10": 0.6754385964912281}