{"TR_hits1": 0.47685185185185186, "VL_hits1": 0.4876543209876543, "TR_hits10": 0.5617283950617284, "VL_hits10": 0.5493827160493827}