{"TR_hits1": 0.5430672268907563, "VL_hits1": 0.49159663865546216, "TR_hits10": 0.5472689075630253, "VL_hits10": 0.5210084033613446}