{"TR_hits1": 0.48214285714285715, "VL_hits1": 0.37815126050420167, "TR_hits10": 0.4842436974789916, "VL_hits10": 0.4117647058823529}