{"TR_hits1": 0.24012291483757683, "VL_hits1": 0.26733977172958734, "TR_hits10": 0.23333333333333334, "VL_hits10": 0.2649122807017544}