{"TR_hits1": 0.5555068012286091, "VL_hits1": 0.6195699868363317, "TR_hits10": 0.5543859649122806, "VL_hits10": 0.6035087719298246}