{"TR_hits1": 0.4820393974507532, "VL_hits1": 0.4675925925925926, "TR_hits10": 0.5272305909617613, "VL_hits10": 0.5416666666666666}