{"TR_hits1": 0.5575842696629213, "VL_hits1": 0.5617977528089888, "TR_hits10": 0.6306179775280899, "VL_hits10": 0.6235955056179775}