{"TR_hits1": 0.8672839506172839, "VL_hits1": 0.9197530864197531, "TR_hits10": 0.5740740740740741, "VL_hits10": 0.8148148148148148}