{"TR_hits1": 0.8347245409015025, "VL_hits1": 0.8447412353923205, "TR_hits10": 0.5266666666666666, "VL_hits10": 0.7933333333333333}