{"TR_hits1": 0.8472222222222222, "TS_hits1": 0.5043778413874389, "TR_hits10": 0.9185185185185185, "TS_hits10": 0.6309142953359151}