{"TR_hits1": 0.5542676501580611, "VL_hits1": 0.48739495798319327, "TR_hits10": 0.5753424657534246, "VL_hits10": 0.5168067226890757}