{"TR_hits1": 0.419811320754717, "VL_hits1": 0.41784037558685444, "TR_hits10": 0.43160377358490565, "VL_hits10": 0.4647887323943662}