{"TR_hits1": 0.8906030855539971, "VL_hits1": 0.8948106591865358, "TR_hits10": 0.6983240223463687, "VL_hits10": 0.8770949720670391}