{"TR_hits1": 0.06732117812061711, "VL_hits1": 0.055865921787709494, "TR_hits10": 0.1093969144460028, "VL_hits10": 0.10614525139664804}