{"TR_hits1": 0.6137640449438202, "VL_hits1": 0.5617977528089888, "TR_hits10": 0.6685393258426966, "VL_hits10": 0.6123595505617978}