{"TR_hits1": 0.8459119496855346, "VL_hits1": 0.8584905660377359, "TR_hits10": 0.4875, "VL_hits10": 0.85625}