{"TR_hits1": 0.4228395061728395, "VL_hits1": 0.4876543209876543, "TR_hits10": 0.5524691358024691, "VL_hits10": 0.5925925925925926}