{"TR_hits1": 0.7068723702664796, "VL_hits1": 0.7138849929873773, "TR_hits10": 0.5754189944134078, "VL_hits10": 0.6145251396648045}