{"TR_hits1": 0.4273789649415693, "VL_hits1": 0.4524207011686144, "TR_hits10": 0.48, "VL_hits10": 0.5}