{"TR_hits1": 0.5899912203687445, "VL_hits1": 0.6496927129060579, "TR_hits10": 0.5771929824561404, "VL_hits10": 0.643859649122807}