{"TR_hits1": 0.2884848484848485, "VL_hits1": 0.19806763285024154, "TR_hits10": 0.3054545454545455, "VL_hits10": 0.2560386473429952}