{"TR_hits1": 0.9276729559748428, "VL_hits1": 0.9418238993710691, "TR_hits10": 0.6125, "VL_hits10": 0.9125}