{"TR_hits1": 0.2037037037037037, "VL_hits1": 0.1388888888888889, "TR_hits10": 0.24421296296296297, "VL_hits10": 0.18981481481481483}