{"TR_hits1": 0.8870370370370371, "TS_hits1": 0.47331200538811247, "TR_hits10": 0.9666666666666667, "TS_hits10": 0.7439804680922715}