{"TR_hits1": 0.36921296296296297, "VL_hits1": 0.25462962962962965, "TR_hits10": 0.37037037037037035, "VL_hits10": 0.2777777777777778}