{"TR_hits1": 0.585427135678392, "TS_hits1": 0.20949907857262523, "TR_hits10": 0.6092964824120602, "TS_hits10": 0.5247110068688222}