{"TR_hits1": 0.9158291457286433, "TS_hits1": 0.9346733668341709, "TR_hits10": 0.6433238398391691, "TS_hits10": 0.8815546992796113}