{"TR_hits1": 0.8053917438921652, "TS_hits1": 0.37069097594607014, "TR_hits10": 0.8323504633529908, "TS_hits10": 0.7023134671365099}