{"TR_hits1": 0.9600526777875329, "VL_hits1": 0.9683933274802459, "TR_hits10": 0.8263157894736842, "VL_hits10": 0.9350877192982456}