{"TR_hits1": 0.22639225181598063, "VL_hits1": 0.2318840579710145, "TR_hits10": 0.25544794188861986, "VL_hits10": 0.2753623188405797}