{"TR_hits1": 0.5106132075471698, "VL_hits1": 0.4788732394366197, "TR_hits10": 0.5412735849056604, "VL_hits10": 0.539906103286385}