{"TR_hits1": 0.5812115891132572, "VL_hits1": 0.582089552238806, "TR_hits10": 0.5298245614035088, "VL_hits10": 0.5614035087719298}