{"TR_hits1": 0.8623595505617978, "VL_hits1": 0.9213483146067416, "TR_hits10": 0.7640449438202247, "VL_hits10": 0.9269662921348315}