{"TR_hits1": 0.1550925925925926, "VL_hits1": 0.09259259259259259, "TR_hits10": 0.22337962962962962, "VL_hits10": 0.125}