{"TR_hits1": 0.39622641509433965, "VL_hits1": 0.39375, "TR_hits10": 0.46226415094339623, "VL_hits10": 0.45}