{"TR_hits1": 0.4525462962962963, "VL_hits1": 0.3148148148148148, "TR_hits10": 0.4548611111111111, "VL_hits10": 0.4212962962962963}