{"TR_hits1": 0.6016859852476291, "VL_hits1": 0.5672268907563025, "TR_hits10": 0.6080084299262382, "VL_hits10": 0.5882352941176471}