{"TR_hits1": 0.9315188762071993, "VL_hits1": 0.9473222124670764, "TR_hits10": 0.7929824561403509, "VL_hits10": 0.9385964912280702}