{"TR_hits1": 0.9092436974789916, "TS_hits1": 0.7010009933521816, "TR_hits10": 0.9563025210084034, "TS_hits10": 0.7977382134943073}