{"TR_hits1": 0.4068396226415094, "VL_hits1": 0.3380281690140845, "TR_hits10": 0.4115566037735849, "VL_hits10": 0.4131455399061033}