{"TR_hits1": 0.43906510851419034, "VL_hits1": 0.4540901502504174, "TR_hits10": 0.4666666666666667, "VL_hits10": 0.5}