{"TR_hits1": 0.7221324717285945, "VL_hits1": 0.7592891760904685, "TR_hits10": 0.3870967741935484, "VL_hits10": 0.6580645161290323}