{"TR_hits1": 0.4417952314165498, "VL_hits1": 0.44460028050490885, "TR_hits10": 0.41899441340782123, "VL_hits10": 0.43575418994413406}