{"TR_hits1": 0.4179523141654979, "VL_hits1": 0.45582047685834504, "TR_hits10": 0.36312849162011174, "VL_hits10": 0.441340782122905}