{"TR_hits1": 0.6227208976157083, "VL_hits1": 0.5921787709497207, "TR_hits10": 0.6900420757363254, "VL_hits10": 0.659217877094972}