{"TR_hits1": 0.5553997194950911, "VL_hits1": 0.5624123422159888, "TR_hits10": 0.5363128491620112, "VL_hits10": 0.5363128491620112}