{"TR_hits1": 0.5366388767003072, "VL_hits1": 0.5634050021939447, "TR_hits10": 0.4456140350877193, "VL_hits10": 0.48596491228070177}