{"TR_hits1": 0.44976816074188564, "VL_hits1": 0.4567901234567901, "TR_hits10": 0.5718701700154559, "VL_hits10": 0.5864197530864198}