{"TR_hits1": 0.6198547215496368, "VL_hits1": 0.5748792270531401, "TR_hits10": 0.6464891041162227, "VL_hits10": 0.6521739130434783}