{"TR_hits1": 0.7928916191311979, "VL_hits1": 0.8016673979815708, "TR_hits10": 0.7333333333333333, "VL_hits10": 0.7859649122807018}