{"TR_hits1": 0.455188679245283, "VL_hits1": 0.4272300469483568, "TR_hits10": 0.5212264150943396, "VL_hits10": 0.539906103286385}