{"TR_hits1": 0.3823038397328882, "VL_hits1": 0.3989983305509182, "TR_hits10": 0.37333333333333335, "VL_hits10": 0.4}