{"TR_hits1": 0.34953703703703703, "VL_hits1": 0.32407407407407407, "TR_hits10": 0.43287037037037035, "VL_hits10": 0.42592592592592593}