{"TR_hits1": 0.7269534679543459, "VL_hits1": 0.7388059701492538, "TR_hits10": 0.5684210526315789, "VL_hits10": 0.6087719298245614}