{"TR_hits1": 0.5784313725490197, "VL_hits1": 0.6190476190476191, "TR_hits10": 0.5195530726256983, "VL_hits10": 0.5698324022346368}