{"TR_hits1": 0.6610644257703081, "VL_hits1": 0.5921787709497207, "TR_hits10": 0.7282913165266106, "VL_hits10": 0.6927374301675978}