{"TR_hits1": 0.7964458804523424, "VL_hits1": 0.8061389337641357, "TR_hits10": 0.5032258064516129, "VL_hits10": 0.7677419354838709}