{"TR_hits1": 0.40162037037037035, "VL_hits1": 0.3333333333333333, "TR_hits10": 0.43287037037037035, "VL_hits10": 0.39814814814814814}