{"TR_hits1": 0.030855539971949508, "VL_hits1": 0.0223463687150838, "TR_hits10": 0.05329593267882188, "VL_hits10": 0.0670391061452514}