{"TR_hits1": 0.9214586255259467, "VL_hits1": 0.9228611500701263, "TR_hits10": 0.7541899441340782, "VL_hits10": 0.9106145251396648}