{"TR_hits1": 0.3472222222222222, "VL_hits1": 0.33796296296296297, "TR_hits10": 0.38078703703703703, "VL_hits10": 0.4074074074074074}