{"TR_hits1": 0.9394471259324265, "VL_hits1": 0.9653356735410268, "TR_hits10": 0.8280701754385965, "VL_hits10": 0.9614035087719298}