{"TR_hits1": 0.3797190517998244, "VL_hits1": 0.4741000877963126, "TR_hits10": 0.38070175438596493, "VL_hits10": 0.47543859649122805}