{"TR_hits1": 0.6143057503506312, "VL_hits1": 0.6185133239831697, "TR_hits10": 0.5083798882681564, "VL_hits10": 0.5251396648044693}