{"TR_hits1": 0.7313432835820896, "VL_hits1": 0.7388059701492538, "TR_hits10": 0.6508771929824562, "VL_hits10": 0.7017543859649122}