{"TR_hits1": 0.9439775910364145, "VL_hits1": 0.9467787114845938, "TR_hits10": 0.8156424581005587, "VL_hits10": 0.9664804469273743}