{"TR_hits1": 0.32983193277310924, "VL_hits1": 0.3277310924369748, "TR_hits10": 0.35189075630252103, "VL_hits10": 0.36554621848739494}