{"TR_hits1": 0.36226851851851855, "VL_hits1": 0.4027777777777778, "TR_hits10": 0.4525462962962963, "VL_hits10": 0.5046296296296297}