{"TR_hits1": 0.29936974789915966, "VL_hits1": 0.3067226890756303, "TR_hits10": 0.3802521008403361, "VL_hits10": 0.35714285714285715}