{"TR_hits1": 0.46143057503506313, "VL_hits1": 0.520336605890603, "TR_hits10": 0.37988826815642457, "VL_hits10": 0.45251396648044695}