{"TR_hits1": 0.5568022440392707, "VL_hits1": 0.5977653631284916, "TR_hits10": 0.6339410939691444, "VL_hits10": 0.6424581005586593}