{"TR_hits1": 0.574374725756911, "VL_hits1": 0.6467749012724879, "TR_hits10": 0.5614035087719298, "VL_hits10": 0.643859649122807}