{"TR_hits1": 0.5091164095371669, "VL_hits1": 0.5133239831697055, "TR_hits10": 0.43575418994413406, "VL_hits10": 0.4972067039106145}