{"TR_hits1": 0.8490566037735849, "VL_hits1": 0.8647798742138365, "TR_hits10": 0.525, "VL_hits10": 0.84375}