{"TR_hits1": 0.5636792452830188, "VL_hits1": 0.4788732394366197, "TR_hits10": 0.5719339622641509, "VL_hits10": 0.5023474178403756}