{"TR_hits1": 0.7906057945566286, "VL_hits1": 0.7976294995610185, "TR_hits10": 0.656140350877193, "VL_hits10": 0.7052631578947368}