{"TR_hits1": 0.649104320337197, "VL_hits1": 0.6176470588235294, "TR_hits10": 0.6585879873551106, "VL_hits10": 0.634453781512605}