{"TR_hits1": 0.5525946704067322, "VL_hits1": 0.5652173913043478, "TR_hits10": 0.5251396648044693, "VL_hits10": 0.5586592178770949}