{"TR_hits1": 0.9280070237050044, "VL_hits1": 0.9521510096575944, "TR_hits10": 0.7947368421052632, "VL_hits10": 0.9403508771929825}