{"TR_hits1": 0.7662771285475793, "VL_hits1": 0.8063439065108514, "TR_hits10": 0.4666666666666667, "VL_hits10": 0.8}