{"TR_hits1": 0.707638279192274, "VL_hits1": 0.7287093942054433, "TR_hits10": 0.6421052631578947, "VL_hits10": 0.7035087719298245}