{"TR_hits1": 0.8836477987421384, "VL_hits1": 0.8915094339622641, "TR_hits10": 0.46875, "VL_hits10": 0.7625}