{"TR_hits1": 0.6971027216856892, "VL_hits1": 0.6997366110623354, "TR_hits10": 0.6578947368421053, "VL_hits10": 0.6964912280701754}