{"TR_hits1": 0.4893867924528302, "VL_hits1": 0.39436619718309857, "TR_hits10": 0.5082547169811321, "VL_hits10": 0.4507042253521127}