{"TR_hits1": 0.4652241112828439, "VL_hits1": 0.41358024691358025, "TR_hits10": 0.5811437403400309, "VL_hits10": 0.5308641975308642}