{"TR_hits1": 0.8568568568568569, "TS_hits1": 0.43927530954115074, "TR_hits10": 0.91991991991992, "TS_hits10": 0.556081573197378}