{"TR_hits1": 0.4090150250417362, "VL_hits1": 0.41569282136894825, "TR_hits10": 0.3466666666666667, "VL_hits10": 0.37333333333333335}