{"TR_hits1": 0.7067603160667252, "VL_hits1": 0.7107111501316945, "TR_hits10": 0.6526315789473685, "VL_hits10": 0.6789473684210526}