{"TR_hits1": 0.8697829716193656, "VL_hits1": 0.9098497495826378, "TR_hits10": 0.5333333333333333, "VL_hits10": 0.8666666666666667}