{"TR_hits1": 0.41898148148148145, "VL_hits1": 0.35185185185185186, "TR_hits10": 0.47337962962962965, "VL_hits10": 0.4074074074074074}