{"TR_hits1": 0.6048472075869337, "VL_hits1": 0.5798319327731093, "TR_hits10": 0.6195995785036881, "VL_hits10": 0.6008403361344538}