{"TR_hits1": 0.5375302663438256, "VL_hits1": 0.47342995169082125, "TR_hits10": 0.562953995157385, "VL_hits10": 0.5410628019323671}