{"TR_hits1": 0.44025157232704404, "VL_hits1": 0.425, "TR_hits10": 0.5377358490566038, "VL_hits10": 0.55}