{"TR_hits1": 0.9574374725756911, "VL_hits1": 0.9627029398859148, "TR_hits10": 0.8192982456140351, "VL_hits10": 0.9526315789473684}