{"TR_hits1": 0.22058823529411764, "VL_hits1": 0.18487394957983194, "TR_hits10": 0.2657563025210084, "VL_hits10": 0.28991596638655465}