{"TR_hits1": 0.6489688459850812, "VL_hits1": 0.6586222027204914, "TR_hits10": 0.5912280701754385, "VL_hits10": 0.612280701754386}