{"TR_hits1": 0.3823038397328882, "VL_hits1": 0.3823038397328882, "TR_hits10": 0.2733333333333333, "VL_hits10": 0.3}