{"TR_hits1": 0.6805555555555556, "VL_hits1": 0.7391975308641975, "TR_hits10": 0.3950617283950617, "VL_hits10": 0.6975308641975309}