{"TR_hits1": 0.9132893496701225, "TS_hits1": 0.33564636340272425, "TR_hits10": 0.9660697455230914, "TS_hits10": 0.6529598218110169}