{"TR_hits1": 0.6297335203366059, "VL_hits1": 0.638148667601683, "TR_hits10": 0.553072625698324, "VL_hits10": 0.5698324022346368}