{"TR_hits1": 0.2921535893155259, "VL_hits1": 0.3639398998330551, "TR_hits10": 0.2733333333333333, "VL_hits10": 0.37333333333333335}