{"TR_hits1": 0.605890603085554, "VL_hits1": 0.6072931276297335, "TR_hits10": 0.5810055865921788, "VL_hits10": 0.5865921787709497}