{"TR_hits1": 0.49159663865546216, "VL_hits1": 0.4943977591036415, "TR_hits10": 0.43575418994413406, "VL_hits10": 0.44692737430167595}