{"TR_hits1": 0.48893572181243417, "VL_hits1": 0.48739495798319327, "TR_hits10": 0.49631190727081137, "VL_hits10": 0.4957983193277311}