{"avg_TR_hits1": 0.5984646194926568, "std_TR_hits1": 0.10954593937552849, "avg_TS_hits1": 0.4962168417304611, "std_TS_hits1": 0.034510668972285566, "avg_TR_hits10": 0.7081108144192256, "std_TR_hits10": 0.12083687515947227, "avg_TS_hits10": 0.5966708207228058, "std_TS_hits10": 0.03802412543041402}