{"avg_TR_hits1": 0.7326435246995995, "std_TR_hits1": 0.1185636966577511, "avg_TS_hits1": 0.7952269692923899, "std_TS_hits1": 0.14303629991645922, "avg_TR_hits10": 0.4884391134057326, "std_TR_hits10": 0.05199191235022114, "avg_TS_hits10": 0.5759302118568631, "std_TS_hits10": 0.05475637490430597}