{"TR_hits1": 0.9144460028050491, "VL_hits1": 0.938288920056101, "TR_hits10": 0.7653631284916201, "VL_hits10": 0.9273743016759777}