{"TR_hits1": 0.8898156277436348, "VL_hits1": 0.9420544337137841, "TR_hits10": 0.7719298245614035, "VL_hits10": 0.9263157894736842}