{"TR_hits1": 0.7700617283950617, "VL_hits1": 0.8333333333333334, "TR_hits10": 0.5740740740740741, "VL_hits10": 0.845679012345679}