{"TR_hits1": 0.5806111696522656, "VL_hits1": 0.5840336134453782, "TR_hits10": 0.60695468914647, "VL_hits10": 0.6092436974789915}