{"TR_hits1": 0.8779803646563815, "VL_hits1": 0.9144460028050491, "TR_hits10": 0.6703910614525139, "VL_hits10": 0.8938547486033519}