{"TR_hits1": 0.9249670908293111, "VL_hits1": 0.9561211057481351, "TR_hits10": 0.7859649122807018, "VL_hits10": 0.9438596491228071}