{"TR_hits1": 0.8709677419354839, "VL_hits1": 0.882258064516129, "TR_hits10": 0.632258064516129, "VL_hits10": 0.8064516129032258}