{"TR_hits1": 0.6265664160401002, "VL_hits1": 0.36, "TR_hits10": 0.7042606516290727, "VL_hits10": 0.655}