{"TR_hits1": 0.9192273924495171, "VL_hits1": 0.9446883230904302, "TR_hits10": 0.7333333333333333, "VL_hits10": 0.9087719298245615}