{"TR_hits1": 0.19198664440734559, "VL_hits1": 0.2370617696160267, "TR_hits10": 0.13333333333333333, "VL_hits10": 0.16}