{"TR_hits1": 0.5631517960602549, "VL_hits1": 0.4351851851851852, "TR_hits10": 0.6628041714947857, "VL_hits10": 0.6759259259259259}