{"TR_hits1": 0.3665496049165935, "VL_hits1": 0.4547848990342406, "TR_hits10": 0.3526315789473684, "VL_hits10": 0.43157894736842106}