{"TR_hits1": 0.9345917471466199, "VL_hits1": 0.9446883230904302, "TR_hits10": 0.8070175438596491, "VL_hits10": 0.9385964912280702}