{"TR_hits1": 0.29976851851851855, "VL_hits1": 0.2361111111111111, "TR_hits10": 0.3287037037037037, "VL_hits10": 0.2638888888888889}