{"TR_hits1": 0.8169446883230904, "VL_hits1": 0.824846356453029, "TR_hits10": 0.7035087719298245, "VL_hits10": 0.7578947368421053}