{"TR_hits1": 0.3589315525876461, "VL_hits1": 0.3656093489148581, "TR_hits10": 0.34, "VL_hits10": 0.36666666666666664}