{"TR_hits1": 0.884992987377279, "VL_hits1": 0.9074333800841514, "TR_hits10": 0.7541899441340782, "VL_hits10": 0.9106145251396648}