{"TR_hits1": 0.010416666666666666, "VL_hits1": 0.004629629629629629, "TR_hits10": 0.018518518518518517, "VL_hits10": 0.009259259259259259}