{"TR_hits1": 0.6685689201053556, "VL_hits1": 0.6777875329236172, "TR_hits10": 0.6192982456140351, "VL_hits10": 0.6596491228070176}