{"TR_hits1": 0.7766258246936852, "TS_hits1": 0.45086952797053026, "TR_hits10": 0.9340245051837889, "TS_hits10": 0.7794054656043862}