{"TR_hits1": 0.4958775029446408, "VL_hits1": 0.49765258215962443, "TR_hits10": 0.5453474676089517, "VL_hits10": 0.5492957746478874}