{"TR_hits1": 0.5658472344161545, "VL_hits1": 0.5733099209833187, "TR_hits10": 0.5526315789473685, "VL_hits10": 0.5614035087719298}