{"TR_hits1": 0.8855042016806722, "VL_hits1": 0.6512605042016807, "TR_hits10": 0.9201680672268907, "VL_hits10": 0.8781512605042017}