{"TR_hits1": 0.85062893081761, "VL_hits1": 0.8836477987421384, "TR_hits10": 0.6125, "VL_hits10": 0.86875}