{"TR_hits1": 0.6289237668161435, "TS_hits1": 0.5955920806873366, "TR_hits10": 0.7062780269058296, "TS_hits10": 0.6810608890549122}