{"TR_hits1": 0.7903587443946188, "TS_hits1": 0.7937219730941704, "TR_hits10": 0.6673888681359731, "TS_hits10": 0.7228240567799776}