{"TR_hits1": 0.4272151898734177, "VL_hits1": 0.4117647058823529, "TR_hits10": 0.43248945147679324, "VL_hits10": 0.4327731092436975}