{"TR_hits1": 0.6519453207150369, "VL_hits1": 0.5378151260504201, "TR_hits10": 0.6561514195583596, "VL_hits10": 0.5840336134453782}