{"TR_hits1": 0.8694968553459119, "VL_hits1": 0.8710691823899371, "TR_hits10": 0.575, "VL_hits10": 0.875}