{"TR_hits1": 0.7879799666110183, "VL_hits1": 0.8263772954924875, "TR_hits10": 0.5066666666666667, "VL_hits10": 0.8}