{"TR_hits1": 0.038865546218487396, "VL_hits1": 0.01680672268907563, "TR_hits10": 0.058823529411764705, "VL_hits10": 0.04201680672268908}