{"TR_hits1": 0.7823606845107504, "VL_hits1": 0.7898200965335673, "TR_hits10": 0.7350877192982456, "VL_hits10": 0.7614035087719299}