{"TR_hits1": 0.5329593267882188, "VL_hits1": 0.5371669004207573, "TR_hits10": 0.5027932960893855, "VL_hits10": 0.5251396648044693}