{"TR_hits1": 0.4323873121869783, "VL_hits1": 0.44741235392320533, "TR_hits10": 0.31333333333333335, "VL_hits10": 0.36}