{"TR_hits1": 0.5094339622641509, "VL_hits1": 0.45539906103286387, "TR_hits10": 0.5436320754716981, "VL_hits10": 0.5117370892018779}