{"TR_hits1": 0.47124824684431976, "VL_hits1": 0.4908835904628331, "TR_hits10": 0.4748603351955307, "VL_hits10": 0.4860335195530726}