{"TR_hits1": 0.6801228609039052, "VL_hits1": 0.6858271171566477, "TR_hits10": 0.6035087719298246, "VL_hits10": 0.6333333333333333}