{"TR_hits1": 0.49159663865546216, "VL_hits1": 0.5238095238095238, "TR_hits10": 0.48044692737430167, "VL_hits10": 0.5251396648044693}