{"TR_hits1": 0.48702830188679247, "VL_hits1": 0.4084507042253521, "TR_hits10": 0.5212264150943396, "VL_hits10": 0.47417840375586856}