{"TR_hits1": 0.007022471910112359, "VL_hits1": 0.021067415730337078, "TR_hits10": 0.0, "VL_hits10": 0.011235955056179775}