{"TR_hits1": 0.4236172080772608, "VL_hits1": 0.46532045654082527, "TR_hits10": 0.4105263157894737, "VL_hits10": 0.45087719298245615}