{"TR_hits1": 0.9161545215100966, "VL_hits1": 0.9394205443371378, "TR_hits10": 0.7578947368421053, "VL_hits10": 0.9192982456140351}