{"TR_hits1": 0.5358931552587646, "VL_hits1": 0.5559265442404007, "TR_hits10": 0.36, "VL_hits10": 0.4066666666666667}