{"TR_hits1": 0.9073033707865169, "VL_hits1": 0.9185393258426966, "TR_hits10": 0.7134831460674157, "VL_hits10": 0.9044943820224719}