{"TR_hits1": 0.7447478991596639, "VL_hits1": 0.7226890756302521, "TR_hits10": 0.7741596638655462, "VL_hits10": 0.7773109243697479}