{"TR_hits1": 0.31385642737896496, "VL_hits1": 0.3656093489148581, "TR_hits10": 0.25333333333333335, "VL_hits10": 0.3}