{"TR_hits1": 0.860062893081761, "VL_hits1": 0.8742138364779874, "TR_hits10": 0.6, "VL_hits10": 0.85625}