{"TR_hits1": 0.9258064516129032, "VL_hits1": 0.9274193548387096, "TR_hits10": 0.6387096774193548, "VL_hits10": 0.864516129032258}