{"TR_hits1": 0.9396067415730337, "VL_hits1": 0.9466292134831461, "TR_hits10": 0.7584269662921348, "VL_hits10": 0.9157303370786517}