{"TR_hits1": 0.23820754716981132, "VL_hits1": 0.215962441314554, "TR_hits10": 0.267688679245283, "VL_hits10": 0.27699530516431925}