{"TR_hits1": 0.36792452830188677, "VL_hits1": 0.3333333333333333, "TR_hits10": 0.4339622641509434, "VL_hits10": 0.39436619718309857}