{"TR_hits1": 0.9200561009817672, "VL_hits1": 0.9228611500701263, "TR_hits10": 0.6536312849162011, "VL_hits10": 0.8659217877094972}