{"TR_hits1": 0.6909090909090909, "VL_hits1": 0.42028985507246375, "TR_hits10": 0.7187878787878788, "VL_hits10": 0.6763285024154589}