{"TR_hits1": 0.9034240561896401, "VL_hits1": 0.946883230904302, "TR_hits10": 0.7771929824561403, "VL_hits10": 0.9315789473684211}