{"TR_hits1": 0.9337137840210711, "VL_hits1": 0.9446883230904302, "TR_hits10": 0.7719298245614035, "VL_hits10": 0.9508771929824561}