{"TR_hits1": 0.6953467954345918, "VL_hits1": 0.6975417032484635, "TR_hits10": 0.6649122807017543, "VL_hits10": 0.7017543859649122}