{"TR_hits1": 0.38731218697829717, "VL_hits1": 0.41068447412353926, "TR_hits10": 0.34, "VL_hits10": 0.41333333333333333}