{"TR_hits1": 0.7648091268100043, "VL_hits1": 0.77270732777534, "TR_hits10": 0.6842105263157895, "VL_hits10": 0.7280701754385965}