{"TR_hits1": 0.26765015806111697, "VL_hits1": 0.24369747899159663, "TR_hits10": 0.3224446786090622, "VL_hits10": 0.3025210084033613}