{"TR_hits1": 0.8398420359806933, "VL_hits1": 0.8446687143483984, "TR_hits10": 0.7649122807017544, "VL_hits10": 0.8245614035087719}