{"TR_hits1": 0.037037037037037035, "VL_hits1": 0.027777777777777776, "TR_hits10": 0.07523148148148148, "VL_hits10": 0.06481481481481481}