{"TR_hits1": 0.1733490566037736, "VL_hits1": 0.13145539906103287, "TR_hits10": 0.21462264150943397, "VL_hits10": 0.18779342723004694}