{"TR_hits1": 0.5952589991220368, "VL_hits1": 0.5965759438103599, "TR_hits10": 0.5684210526315789, "VL_hits10": 0.5912280701754385}