{"TR_hits1": 0.704126426690079, "VL_hits1": 0.7309043020193152, "TR_hits10": 0.6473684210526316, "VL_hits10": 0.6929824561403509}