{"TR_hits1": 0.1724537037037037, "VL_hits1": 0.13425925925925927, "TR_hits10": 0.2222222222222222, "VL_hits10": 0.2222222222222222}