{"TR_hits1": 0.49081803005008345, "VL_hits1": 0.4991652754590985, "TR_hits10": 0.32, "VL_hits10": 0.34}