{"TR_hits1": 0.7867078825347759, "VL_hits1": 0.7897990726429676, "TR_hits10": 0.4691358024691358, "VL_hits10": 0.7654320987654321}