{"TR_hits1": 0.03709428129829984, "VL_hits1": 0.012345679012345678, "TR_hits10": 0.05564142194744977, "VL_hits10": 0.043209876543209874}