{"TR_hits1": 0.49081803005008345, "VL_hits1": 0.5041736227045075, "TR_hits10": 0.4533333333333333, "VL_hits10": 0.49333333333333335}