{"TR_hits1": 0.8113207547169812, "VL_hits1": 0.8253620008775779, "TR_hits10": 0.7491228070175439, "VL_hits10": 0.7929824561403509}