{"TR_hits1": 0.4628330995792426, "VL_hits1": 0.5329593267882188, "TR_hits10": 0.43575418994413406, "VL_hits10": 0.5251396648044693}