{"TR_hits1": 0.711484593837535, "VL_hits1": 0.7184873949579832, "TR_hits10": 0.5921787709497207, "VL_hits10": 0.6256983240223464}