{"TR_hits1": 0.9452247191011236, "VL_hits1": 0.952247191011236, "TR_hits10": 0.6312849162011173, "VL_hits10": 0.88268156424581}