{"TR_hits1": 0.18396226415094338, "VL_hits1": 0.18309859154929578, "TR_hits10": 0.24646226415094338, "VL_hits10": 0.20657276995305165}