{"TR_hits1": 0.9350307287093942, "VL_hits1": 0.9556628621597892, "TR_hits10": 0.7701754385964912, "VL_hits10": 0.9403508771929825}