{"TR_hits1": 0.5346638655462185, "VL_hits1": 0.39915966386554624, "TR_hits10": 0.5504201680672269, "VL_hits10": 0.46638655462184875}