{"TR_hits1": 0.6080084299262382, "VL_hits1": 0.6176470588235294, "TR_hits10": 0.6680716543730242, "VL_hits10": 0.6680672268907563}