{"TR_hits1": 0.2604340567612688, "VL_hits1": 0.33889816360601, "TR_hits10": 0.2866666666666667, "VL_hits10": 0.37333333333333335}