{"TR_hits1": 0.5667251975417033, "VL_hits1": 0.573748902546093, "TR_hits10": 0.543859649122807, "VL_hits10": 0.5578947368421052}