{"TR_hits1": 0.6185133239831697, "VL_hits1": 0.6241234221598878, "TR_hits10": 0.5139664804469274, "VL_hits10": 0.5363128491620112}