{"TR_hits1": 0.4340277777777778, "VL_hits1": 0.39351851851851855, "TR_hits10": 0.47685185185185186, "VL_hits10": 0.4537037037037037}