{"TR_hits1": 0.38777660695468913, "VL_hits1": 0.4117647058823529, "TR_hits10": 0.40042149631190727, "VL_hits10": 0.42436974789915966}