{"TR_hits1": 0.5742924528301887, "VL_hits1": 0.5070422535211268, "TR_hits10": 0.6037735849056604, "VL_hits10": 0.5446009389671361}