{"TR_hits1": 0.5315126050420168, "VL_hits1": 0.5126050420168067, "TR_hits10": 0.5777310924369747, "VL_hits10": 0.5504201680672269}