{"TR_hits1": 0.9591747146619842, "VL_hits1": 0.9666374012291484, "TR_hits10": 0.8263157894736842, "VL_hits10": 0.9596491228070175}