{"TR_hits1": 0.0505795574288725, "VL_hits1": 0.02100840336134454, "TR_hits10": 0.059009483667017915, "VL_hits10": 0.046218487394957986}