{"TR_hits1": 0.48893572181243417, "VL_hits1": 0.48739495798319327, "TR_hits10": 0.5068493150684932, "VL_hits10": 0.5210084033613446}